Id,Name,Latitude,Longitude,Country,CountryCode,Status,ReactorType,ReactorModel,ConstructionStartAt,OperationalFrom,OperationalTo,Capacity,LastUpdatedAt,Source,IAEAId,ReactorType_std
1,Ågesta,59.206,18.0829,Sweden,SE,Shutdown,PHWR,,12-01-57,05-01-64,06-02-74,9.0,5/24/15 7:51,WNA/IAEA,528.0,PHWR
2,Akademik Lomonosov-1,69.709579,170.30625,Russia,RU,Operational,PWR,KLT-40S 'Floating',04-15-07,05-22-20,,30.0,05-31-21,WNA/IAEA/Google Maps,895.0,PWR
3,Akademik Lomonosov-2,69.709579,170.30625,Russia,RU,Operational,PWR,KLT-40S 'Floating',04-15-07,05-22-20,,30.0,05-31-21,WNA/IAEA/Google Maps,896.0,PWR
6,Akkuyu-1,36.144444,33.541111,Türkiye,TR,Under Construction,PWR,VVER V-509,04-03-18,,,1114.0,7/1/18 4:21,WNA/Wikipedia/IAEA,553.0,PWR
7,Akkuyu-2,36.144444,33.541111,Türkiye,TR,Under Construction,PWR,VVER V-509,04-08-20,,,1114.0,8/31/20 4:39,Wikipedia/IAEA,1080.0,PWR
8,Akkuyu-3,36.144444,33.541111,Türkiye,TR,Under Construction,PWR,VVER V-509,03-10-21,,,1114.0,4/20/21 5:47,Wikipedia/IAEA,1081.0,PWR
9,Akkuyu-4,36.144444,33.541111,Türkiye,TR,Under Construction,PWR,VVER V-509,07-21-22,,,1114.0,9/25/22 1:33,Wikipedia/IAEA,1082.0,PWR
10,Aktau (Shevchenko),43.607,51.283,Kazakhstan,KZ,Shutdown,FBR,BN-350,10-01-64,07-16-73,04-22-99,52.0,10/1/21 3:14,WNA/IAEA,414.0,FBR
11,Almaraz-1,39.807,-5.698,Spain,ES,Operational,PWR,WH 3LP,07-03-73,09-01-83,,900.0,2/11/17 1:56,WNA/IAEA,153.0,PWR
12,Almaraz-2,39.807,-5.698,Spain,ES,Operational,PWR,WH 3LP,07-03-73,07-01-84,,900.0,6/2/19 23:17,WNA/IAEA,154.0,PWR
13,Angra-1,-23.008,-44.457,Brazil,BR,Operational,PWR,WH 2LP,05-01-71,01-01-85,,609.0,2/14/21 5:47,WNA/IAEA,24.0,PWR
14,Angra-2,-23.008,-44.457,Brazil,BR,Operational,PWR,PRE KONVOI,01-01-76,02-01-01,,1245.0,5/24/15 7:50,WNA/IAEA,25.0,PWR
15,Angra-3,-23.01,-44.47,Brazil,BR,Under Construction,PWR,PRE KONVOI,05-30-10,,,1340.0,8/28/23 11:01,WNA/IAEA,26.0,PWR
16,APS-1 Obninsk,55.084,36.57,Russia,RU,Shutdown,LWGR,AM-1,01-01-51,12-01-54,04-29-02,5.0,5/24/15 7:51,WNA/IAEA,447.0,LWGR
17,Arkansas Nuclear One-1 (ANO-1),35.31,-93.23,United States,US,Operational,PWR,B&W LLP (DRYAMB),10-01-68,12-19-74,,850.0,2/11/17 1:58,WNA/IAEA,652.0,PWR
18,Arkansas Nuclear One-2 (ANO-2),35.31,-93.229,United States,US,Operational,PWR,CE 2LP (DRYAMB),12-06-68,03-26-80,,912.0,2/11/17 1:58,WNA/IAEA,689.0,PWR
19,Armenian-1,40.182,44.147,Armenia,AM,Shutdown,PWR,VVER V-270,07-01-69,10-06-77,02-25-89,376.0,06-07-21,WNA/IAEA,1.0,PWR
20,Armenian-2,40.182,44.147,Armenia,AM,Operational,PWR,VVER V-270,07-01-75,05-03-80,,375.0,6/29/21 3:12,WNA/IAEA,2.0,PWR
21,Armenian-3,40.1808,44.1472,Armenia,AM,Planned,PWR,,,,,,06-07-21,WNA,,PWR
22,Asco-1,41.202,0.571,Spain,ES,Operational,PWR,WH 3LP,05-16-74,12-10-84,,888.0,8/28/23 11:01,WNA/IAEA,155.0,PWR
23,Asco-2,41.202,0.571,Spain,ES,Operational,PWR,WH 3LP,03-07-75,03-31-86,,888.0,8/28/23 11:01,WNA/IAEA,156.0,PWR
24,Atucha-1,-33.967,-59.209,Argentina,AR,Operational,PHWR,PHWR KWU,06-01-68,06-24-74,,319.0,4/21/22 23:26,WNA/IAEA,3.0,PHWR
25,Atucha-2,-33.967,-59.209,Argentina,AR,Operational,PHWR,PHWR KWU,07-13-81,05-25-16,,692.0,8/28/23 11:01,WNA/IAEA,5.0,PHWR
26,Balakovo-1,52.092,47.952,Russia,RU,Operational,PWR,VVER V-320,12-01-80,05-23-86,,950.0,5/24/15 7:51,WNA/IAEA,524.0,PWR
27,Balakovo-2,52.092,47.952,Russia,RU,Operational,PWR,VVER V-320,08-01-81,01-18-88,,950.0,5/24/15 7:51,WNA/IAEA,525.0,PWR
28,Balakovo-3,52.092,47.952,Russia,RU,Operational,PWR,VVER V-320,11-01-82,04-08-89,,950.0,5/24/15 7:51,WNA/IAEA,526.0,PWR
29,Balakovo-4,52.092,47.952,Russia,RU,Operational,PWR,VVER V-320,04-01-84,12-22-93,,950.0,5/24/15 7:51,WNA/IAEA,527.0,PWR
30,Baltic-1,54.939,22.162,Russia,RU,Under Construction,PWR,VVER V-491,02-22-12,,,1109.0,5/24/15 7:51,WNA/IAEA,968.0,PWR
31,Barakah-1 (Braka),23.952748,52.193298,United Arab Emirates,AE,Operational,PWR,APR-1400,07-19-12,04-01-21,,1310.0,8/28/23 11:01,WNA/IAEA,1050.0,PWR
32,Barakah-2 (Braka),23.952748,52.193298,United Arab Emirates,AE,Operational,PWR,APR-1400,04-15-13,03-24-22,,1310.0,8/28/23 11:01,WNA/IAEA,1051.0,PWR
33,Barakah-3 (Braka),23.952748,52.203298,United Arab Emirates,AE,Operational,PWR,APR-1400,09-24-14,02-24-23,,1310.0,8/28/23 11:01,WNA/IAEA,1052.0,PWR
36,Barseback-1,55.745,12.926,Sweden,SE,Shutdown,BWR,AA-II,02-01-71,07-01-75,11-30-99,570.0,3/10/18 16:51,WNA/IAEA,538.0,BWR
37,Barseback-2,55.745,12.926,Sweden,SE,Shutdown,BWR,AA-II,01-01-73,07-01-77,05-31-05,570.0,3/10/18 16:52,WNA/IAEA,540.0,BWR
38,Beaver Valley-1,40.624,-80.432,United States,US,Operational,PWR,WH 3LP (DRYSUB),06-26-70,10-01-76,,835.0,2/11/17 1:58,WNA/IAEA,669.0,PWR
39,Beaver Valley-2,40.624,-80.432,United States,US,Operational,PWR,WH 3LP (DRYSUB),05-03-74,11-17-87,,836.0,2/11/17 1:58,WNA/IAEA,712.0,PWR
40,Belarusian-1,54.766667,26.116667,Belarus,BY,Operational,PWR,VVER V-491,11-08-13,06-10-21,,1110.0,10/1/21 3:14,IAEA,1056.0,PWR
41,Belarusian-2,54.766667,26.116667,Belarus,BY,Operational,PWR,VVER V-491,04-27-14,,,1110.0,8/28/23 11:01,IAEA,1061.0,PWR
42,Belene-1,43.62453,25.18675,Bulgaria,BG,Cancelled Construction,PWR,,01-01-87,,,953.0,2/14/21 2:57,WNA/IAEA,,PWR
43,Belene-2,43.62453,25.1865,Bulgaria,BG,Cancelled Construction,PWR,,03-31-87,,,953.0,2/14/21 2:57,WNA/IAEA,,PWR
44,Belleville-1,47.511,2.871,France,FR,Operational,PWR,P4 REP 1300,05-01-80,06-01-88,,1310.0,5/24/15 7:51,WNA/IAEA,211.0,PWR
45,Belleville-2,47.511,2.871,France,FR,Operational,PWR,P4 REP 1300,08-01-80,01-01-89,,1310.0,5/24/15 7:51,WNA/IAEA,212.0,PWR
46,Beloyarsk-1,56.842,61.321,Russia,RU,Shutdown,LWGR,AMB-100,06-01-58,04-26-64,01-01-83,102.0,5/24/15 7:51,WNA/IAEA,488.0,LWGR
47,Beloyarsk-2,56.842,61.321,Russia,RU,Shutdown,LWGR,AMB-200,01-01-62,12-01-69,01-01-90,146.0,5/24/15 7:51,WNA/IAEA,503.0,LWGR
48,Beloyarsk-3,56.842,61.321,Russia,RU,Operational,FBR,BN-600,01-01-69,11-01-81,,560.0,5/24/15 7:51,WNA/IAEA,484.0,FBR
49,Beloyarsk-4,56.842,61.321,Russia,RU,Operational,FBR,BN-800,07-18-06,10-31-16,,820.0,9/25/17 6:19,WNA/IAEA,451.0,FBR
50,Beloyarsk-5,56.842,61.321,Russia,RU,Planned,FBR,BN-1200,,,,,,WNA/Wikipedia,,FBR
51,Berkeley-1,51.692,-2.494,United Kingdom,GB,Shutdown,GCR,MAGNOX,01-01-57,06-12-62,03-31-89,138.0,5/24/15 7:51,WNA/IAEA,264.0,GCR
52,Berkeley-2,51.692,-2.494,United Kingdom,GB,Shutdown,GCR,MAGNOX,01-01-57,10-20-62,10-26-88,138.0,5/24/15 7:51,WNA/IAEA,265.0,GCR
53,Beznau-1,47.552,8.229,Switzerland,CH,Operational,PWR,WH 2LP,09-01-65,12-09-69,,350.0,4/21/22 23:26,WNA/IAEA,55.0,PWR
54,Beznau-2,47.552,8.229,Switzerland,CH,Operational,PWR,WH 2LP,01-01-68,03-04-72,,350.0,8/28/23 11:01,WNA/IAEA,57.0,PWR
55,Biblis-A,49.709,8.415,Germany,DE,Shutdown,PWR,PWR,01-01-70,02-26-75,08-06-11,1146.0,5/24/15 7:50,WNA/IAEA,85.0,PWR
56,Biblis-B,49.709,8.415,Germany,DE,Shutdown,PWR,PWR,02-01-72,01-31-77,08-06-11,1178.0,5/24/15 7:50,WNA/IAEA,91.0,PWR
57,Big Rock Point,45.359,-85.195,United States,US,Shutdown,BWR,,05-01-60,03-29-63,08-29-97,72.0,5/24/15 7:51,WNA/IAEA,601.0,BWR
58,Bilibino-1,68.059,166.492,Russia,RU,Shutdown,LWGR,EGP-6,01-01-70,04-01-74,01-14-19,11.0,6/2/19 23:18,WNA/IAEA,467.0,LWGR
59,Bilibino-2,68.059,166.492,Russia,RU,Operational,LWGR,EGP-6,01-01-70,02-01-75,,11.0,5/24/15 7:51,WNA/IAEA,468.0,LWGR
60,Bilibino-3,68.059,166.492,Russia,RU,Operational,LWGR,EGP-6,01-01-70,02-01-76,,11.0,5/24/15 7:51,WNA/IAEA,469.0,LWGR
61,Bilibino-4,68.059,166.492,Russia,RU,Operational,LWGR,EGP-6,01-01-70,01-01-77,,11.0,5/24/15 7:51,WNA/IAEA,470.0,LWGR
62,Blayais-1,45.256,-0.691,France,FR,Operational,PWR,CP1,01-01-77,12-01-81,,910.0,5/24/15 7:50,WNA/IAEA,187.0,PWR
63,Blayais-2,45.256,-0.691,France,FR,Operational,PWR,CP1,01-01-77,02-01-83,,910.0,5/24/15 7:50,WNA/IAEA,188.0,PWR
64,Blayais-3,45.256,-0.691,France,FR,Operational,PWR,CP1,04-01-78,11-14-83,,910.0,5/24/15 7:50,WNA/IAEA,189.0,PWR
65,Blayais-4,45.256,-0.691,France,FR,Operational,PWR,CP1,04-01-78,10-01-83,,910.0,5/24/15 7:50,WNA/IAEA,190.0,PWR
66,Bohunice-1,48.494,17.687,Slovakia,SK,Shutdown,PWR,VVER V-230,04-24-72,04-01-80,12-31-06,408.0,5/24/15 7:51,WNA/IAEA,548.0,PWR
67,Bohunice-2,48.494,17.687,Slovakia,SK,Shutdown,PWR,VVER V-230,04-24-72,01-01-81,12-31-08,408.0,5/24/15 7:51,WNA/IAEA,549.0,PWR
68,Bohunice-3,48.494,17.687,Slovakia,SK,Operational,PWR,VVER V-213,12-01-76,02-14-85,,466.0,2/14/21 5:47,WNA/IAEA,546.0,PWR
69,Bohunice-4,48.494,17.687,Slovakia,SK,Operational,PWR,VVER V-213,12-01-76,12-18-85,,466.0,2/14/21 5:47,WNA/IAEA,547.0,PWR
70,Bohunice-A1,48.494,17.687,Slovakia,SK,Shutdown,HWGCR,KS 150,08-01-58,12-25-72,02-22-77,110.0,5/24/15 7:51,WNA/IAEA,543.0,GCR
71,BONUS,18.365,-67.268,United States,US,Shutdown,BWR,Superheater,01-01-60,09-01-65,06-01-68,17.0,06-06-21,WNA/IAEA,703.0,BWR
72,Borssele,51.431,3.719,Netherlands,NL,Operational,PWR,KWU 2LP,07-01-69,10-26-73,,495.0,2/11/17 1:57,WNA/IAEA,423.0,PWR
73,BR-3,51.217,5.099,Belgium,BE,Shutdown,PWR,Prototype,11-01-57,10-10-62,06-30-87,11.0,5/24/15 7:50,WNA/IAEA,8.0,PWR
74,Bradwell-1,51.742,0.899,United Kingdom,GB,Shutdown,GCR,MAGNOX,01-01-57,07-01-62,03-31-02,150.0,5/24/15 7:51,WNA/IAEA,266.0,GCR
75,Bradwell-2,51.742,0.899,United Kingdom,GB,Shutdown,GCR,MAGNOX,01-01-57,11-12-62,03-30-02,150.0,5/24/15 7:51,WNA/IAEA,267.0,GCR
76,Braidwood-1,41.247,-88.23,United States,US,Operational,PWR,WH 4LP (DRYAMB),08-01-75,07-29-88,,1120.0,2/11/17 1:59,WNA/IAEA,737.0,PWR
77,Braidwood-2,41.247,-88.23,United States,US,Operational,PWR,WH 4LP (DRYAMB),08-01-75,10-17-88,,1120.0,2/11/17 1:59,WNA/IAEA,738.0,PWR
79,Brokdorf,53.85,9.345,Germany,DE,Shutdown,PWR,PWR,01-01-76,12-22-86,12-31-21,1307.0,4/21/22 23:26,WNA/IAEA,107.0,PWR
80,Browns Ferry-1,34.704,-87.119,United States,US,Operational,BWR,BWR-4 (Mark 1),05-01-67,12-20-74,,1065.0,4/21/22 23:26,WNA/IAEA,617.0,BWR
81,Browns Ferry-2,34.704,-87.119,United States,US,Operational,BWR,BWR-4 (Mark 1),05-01-67,03-01-75,,1065.0,5/24/15 7:51,WNA/IAEA,618.0,BWR
82,Browns Ferry-3,34.704,-87.119,United States,US,Operational,BWR,BWR-4 (Mark 1),07-01-68,03-01-77,,1065.0,5/24/15 7:51,WNA/IAEA,641.0,BWR
83,Bruce-1,44.341,-81.572,Canada,CA,Operational,PHWR,CANDU 791,06-01-71,09-01-77,,732.0,4/21/22 23:26,WNA/IAEA,53.0,PHWR
84,Bruce-2,44.341,-81.572,Canada,CA,Operational,PHWR,CANDU 791,12-01-70,09-01-77,,732.0,4/21/22 23:26,WNA/IAEA,54.0,PHWR
85,Bruce-3,44.341,-81.572,Canada,CA,Operational,PHWR,CANDU 750A,07-01-72,02-01-78,,750.0,4/21/22 23:26,WNA/IAEA,30.0,PHWR
86,Bruce-4,44.341,-81.572,Canada,CA,Operational,PHWR,CANDU 750A,09-01-72,01-18-79,,750.0,4/21/22 23:26,WNA/IAEA,31.0,PHWR
87,Bruce-5,44.341,-81.572,Canada,CA,Operational,PHWR,CANDU 750B,05-31-78,02-28-85,,822.0,4/21/22 23:26,WNA/IAEA,38.0,PHWR
88,Bruce-6,44.341,-81.572,Canada,CA,Operational,PHWR,CANDU 750B,01-01-78,09-14-84,,822.0,5/24/15 7:50,WNA/IAEA,39.0,PHWR
89,Bruce-7,44.341,-81.572,Canada,CA,Operational,PHWR,CANDU 750B,05-01-79,04-10-86,,822.0,5/24/15 7:50,WNA/IAEA,41.0,PHWR
90,Bruce-8,44.341,-81.572,Canada,CA,Operational,PHWR,CANDU 750B,07-30-79,05-20-87,,795.0,4/21/22 23:26,WNA/IAEA,42.0,PHWR
91,Brunsbuettel,53.891,9.202,Germany,DE,Shutdown,BWR,BWR-69,04-15-70,02-09-77,08-06-11,770.0,5/24/15 7:50,WNA/IAEA,86.0,BWR
92,Brunswick-1,33.958,-78.007,United States,US,Operational,BWR,BWR-4 (Mark 1),02-07-70,03-18-77,,821.0,5/24/15 7:51,WNA/IAEA,662.0,BWR
93,Brunswick-2,33.958,-78.007,United States,US,Operational,BWR,BWR-4 (Mark 1),02-07-70,11-03-75,,821.0,5/24/15 7:51,WNA/IAEA,661.0,BWR
94,Bugey-1,45.796,5.268,France,FR,Shutdown,GCR,UNGG,12-01-65,07-01-72,05-27-94,540.0,5/24/15 7:51,WNA/IAEA,230.0,GCR
95,Bugey-2,45.796,5.268,France,FR,Operational,PWR,CP0,11-01-72,03-01-79,,920.0,5/24/15 7:50,WNA/IAEA,165.0,PWR
96,Bugey-3,45.798,5.268,France,FR,Operational,PWR,CP0,09-01-73,03-01-79,,920.0,5/24/15 7:50,WNA/IAEA,166.0,PWR
97,Bugey-4,45.8,5.267,France,FR,Operational,PWR,CP0,06-01-74,07-01-79,,900.0,5/24/15 7:50,WNA/IAEA,167.0,PWR
98,Bugey-5,45.8,5.267,France,FR,Operational,PWR,CP0,07-01-74,01-03-80,,900.0,5/24/15 7:50,WNA/IAEA,168.0,PWR
99,Bushehr-1,28.831,50.887,Iran,IR,Operational,PWR,VVER V-446,05-01-75,09-23-13,,915.0,5/24/15 7:51,WNA/IAEA,310.0,PWR
100,Bushehr-2,28.8287,50.8895,Iran,IR,Under Construction,PWR,V-528 VVER-1000 AES-92 GIII+,09-27-19,,,974.0,4/18/20 7:46,WNA/IAEA,311.0,PWR
101,Bushehr-3,28.8305,50.8872,Iran,IR,Planned,,,,,,,,WNA,,OTHER
102,Bushehr-4,28.8305,50.8872,Iran,IR,Planned,,,,,,,,WNA,,OTHER
103,Byron-1,42.074,-89.277,United States,US,Operational,PWR,WH 4LP (DRYAMB),04-01-75,09-16-85,,1120.0,2/11/17 1:59,WNA/IAEA,735.0,PWR
104,Byron-2,42.074,-89.277,United States,US,Operational,PWR,WH 4LP (DRYAMB),04-01-75,08-02-87,,1120.0,2/11/17 1:59,WNA/IAEA,736.0,PWR
105,Calder Hall-1,54.42,-3.491,United Kingdom,GB,Shutdown,GCR,MAGNOX,08-01-53,10-01-56,03-31-03,35.0,5/24/15 7:51,WNA/IAEA,231.0,GCR
106,Calder Hall-2,54.42,-3.491,United Kingdom,GB,Shutdown,GCR,MAGNOX,08-01-53,02-01-57,03-31-03,35.0,5/24/15 7:51,WNA/IAEA,232.0,GCR
107,Calder Hall-3,54.42,-3.491,United Kingdom,GB,Shutdown,GCR,MAGNOX,08-01-55,05-01-58,03-31-03,35.0,5/24/15 7:51,WNA/IAEA,233.0,GCR
108,Calder Hall-4,54.42,-3.491,United Kingdom,GB,Shutdown,GCR,MAGNOX,08-01-55,04-01-59,03-31-03,35.0,5/24/15 7:51,WNA/IAEA,234.0,GCR
109,Callaway-1,38.763,-91.781,United States,US,Operational,PWR,WH 4LP (DRYAMB),09-01-75,12-19-84,,1171.0,2/11/17 1:59,WNA/IAEA,752.0,PWR
110,Calvert Cliffs-1,38.435,-76.439,United States,US,Operational,PWR,CE 2LP (DRYAMB),06-01-68,05-08-75,,845.0,2/11/17 1:58,WNA/IAEA,655.0,PWR
111,Calvert Cliffs-2,38.435,-76.439,United States,US,Operational,PWR,CE 2LP (DRYAMB),06-01-68,04-01-77,,845.0,2/11/17 1:58,WNA/IAEA,656.0,PWR
112,Caorso,45.072,9.872,Italy,IT,Shutdown,BWR,BWR-4 (Mark 2),01-01-70,12-01-81,07-01-90,840.0,5/24/15 7:51,WNA/IAEA,327.0,BWR
113,CAREM25,-33.966667,-59.211111,Argentina,AR,Under Construction,PWR,CAREM Prototype (Integrated-PWR),08-25-15,,,25.0,4/21/22 23:26,IAEA,1055.0,PWR
114,Carolinas CVTR,34.263,-81.33,United States,US,Shutdown,PHWR,Prototype,01-01-60,12-18-63,01-10-67,17.0,2/11/17 1:57,WNA/IAEA,600.0,PHWR
115,Catawba-1,35.053,-81.071,United States,US,Operational,PWR,WH 4LP (ICECND),05-01-74,06-29-85,,1145.0,2/11/17 1:59,WNA/IAEA,713.0,PWR
116,Catawba-2,35.053,-81.071,United States,US,Operational,PWR,WH 4LP (ICECND),05-01-74,08-19-86,,1145.0,2/11/17 1:59,WNA/IAEA,714.0,PWR
117,Cattenom-1,49.416,6.217,France,FR,Operational,PWR,P4 REP 1300,10-29-79,04-01-87,,1300.0,5/24/15 7:51,WNA/IAEA,207.0,PWR
118,Cattenom-2,49.416,6.217,France,FR,Operational,PWR,P4 REP 1300,07-28-80,02-01-88,,1300.0,5/24/15 7:51,WNA/IAEA,210.0,PWR
119,Cattenom-3,49.416,6.217,France,FR,Operational,PWR,P4 REP 1300,06-15-82,02-01-91,,1300.0,5/24/15 7:51,WNA/IAEA,218.0,PWR
120,Cattenom-4,49.416,6.217,France,FR,Operational,PWR,P4 REP 1300,09-28-83,01-01-92,,1300.0,5/24/15 7:51,WNA/IAEA,223.0,PWR
121,CEFR (China Experimental Fast Reactor),39.739,116.03,China,CN,Operational,FBR,BN-20,05-10-00,,,20.0,06-12-21,WNA/IAEA,1047.0,FBR
122,Cernavoda-1,44.322,28.061,Romania,RO,Operational,PHWR,CANDU 6,03-31-83,12-02-96,,650.0,1/6/21 3:19,WNA/IAEA,442.0,PHWR
123,Cernavoda-2,44.322,28.061,Romania,RO,Operational,PHWR,CANDU 6,07-01-83,11-01-07,,650.0,6/2/19 23:18,WNA/IAEA,443.0,PHWR
124,Cernavoda-3,44.322,28.061,Romania,RO,Suspended Construction,PHWR,,02-09-84,,,655.0,2/14/21 2:58,WNA/IAEA/Wikipedia,,PHWR
125,Changjiang-1,19.46075,108.899917,China,CN,Operational,PWR,CNP-600,04-25-10,12-25-15,,601.0,4/20/21 6:20,WNA/IAEA/Wikipedia,939.0,PWR
126,Changjiang-2,19.46075,108.899917,China,CN,Operational,PWR,CNP-600,11-21-10,08-12-16,,601.0,4/20/21 6:20,WNA/IAEA/Wikipedia,940.0,PWR
127,Chapelcross-1,55.014,-3.223,United Kingdom,GB,Shutdown,GCR,MAGNOX,10-01-55,03-01-59,06-29-04,35.0,5/24/15 7:51,WNA/IAEA,252.0,GCR
128,Chapelcross-2,55.014,-3.223,United Kingdom,GB,Shutdown,GCR,MAGNOX,10-01-55,08-01-59,06-29-04,35.0,5/24/15 7:51,WNA/IAEA,253.0,GCR
129,Chapelcross-3,55.014,-3.223,United Kingdom,GB,Shutdown,GCR,MAGNOX,10-01-55,12-01-59,06-29-04,35.0,5/24/15 7:51,WNA/IAEA,254.0,GCR
130,Chapelcross-4,55.014,-3.223,United Kingdom,GB,Shutdown,GCR,MAGNOX,10-01-55,03-01-60,06-29-04,35.0,5/24/15 7:51,WNA/IAEA,255.0,GCR
131,CHASNUPP-1,32.392,71.463,Pakistan,PK,Operational,PWR,CNP-300,08-01-93,09-15-00,,300.0,06-07-21,WNA/IAEA,428.0,PWR
132,CHASNUPP-2,32.392,71.463,Pakistan,PK,Operational,PWR,CNP-300,12-28-05,05-18-11,,300.0,06-07-21,WNA/IAEA,429.0,PWR
133,CHASNUPP-3,32.392,71.465,Pakistan,PK,Operational,PWR,CNP-300,05-28-11,12-06-16,,315.0,06-07-21,WNA/IAEA,1044.0,PWR
134,CHASNUPP-4,32.391944,71.461667,Pakistan,PK,Operational,PWR,CNP-300,12-18-11,09-19-17,,313.0,06-07-21,IAEA,1045.0,PWR
135,Chernobyl-1,51.389,30.103,Ukraine,UA,Shutdown,LWGR,RBMK,03-01-70,05-27-78,11-30-96,925.0,5/24/15 7:51,WNA/IAEA,568.0,LWGR
136,Chernobyl-2,51.389,30.103,Ukraine,UA,Shutdown,LWGR,RBMK,02-01-73,05-28-79,10-11-91,925.0,5/24/15 7:51,WNA/IAEA,569.0,LWGR
137,Chernobyl-3,51.389,30.103,Ukraine,UA,Shutdown,LWGR,RBMK,03-01-76,06-08-82,12-15-00,925.0,5/24/15 7:51,WNA/IAEA,575.0,LWGR
138,Chernobyl-4,51.389,30.103,Ukraine,UA,Shutdown,LWGR,RBMK,04-01-79,03-26-84,04-26-86,925.0,5/24/15 7:51,WNA/IAEA,576.0,LWGR
139,Chin Shan-1,25.292,121.567,Taiwan,TW,Shutdown,BWR,BWR-4 (Mark 1),06-02-72,12-10-78,12-06-18,604.0,6/2/19 23:18,WNA/IAEA,554.0,BWR
140,Chin Shan-2,25.292,121.567,Taiwan,TW,Shutdown,BWR,BWR-4 (Mark 1),12-07-73,07-15-79,07-16-19,604.0,11-22-19,WNA/IAEA,555.0,BWR
141,Chinon-A1,47.232,0.167,France,FR,Shutdown,GCR,UNGG,02-01-57,02-01-64,04-16-73,68.0,5/24/15 7:50,WNA/IAEA,173.0,GCR
142,Chinon-A2,47.232,0.167,France,FR,Shutdown,GCR,UNGG,08-01-59,02-24-65,06-14-85,170.0,5/24/15 7:50,WNA/IAEA,184.0,GCR
143,Chinon-A3,47.232,0.167,France,FR,Shutdown,GCR,UNGG,03-01-61,08-04-66,06-15-90,480.0,5/24/15 7:50,WNA/IAEA,195.0,GCR
144,Chinon-B1,47.232,0.167,France,FR,Operational,PWR,CP2,03-01-77,02-01-84,,870.0,5/24/15 7:50,WNA/IAEA,196.0,PWR
145,Chinon-B2,47.232,0.167,France,FR,Operational,PWR,CP2,03-01-77,08-01-84,,870.0,5/24/15 7:50,WNA/IAEA,197.0,PWR
146,Chinon-B3,47.232,0.167,France,FR,Operational,PWR,CP2,10-01-80,03-04-87,,905.0,5/24/15 7:51,WNA/IAEA,213.0,PWR
147,Chinon-B4,47.232,0.167,France,FR,Operational,PWR,CP2,02-01-81,04-01-88,,905.0,5/24/15 7:51,WNA/IAEA,214.0,PWR
148,Chooz-A,50.086,4.792,France,FR,Shutdown,PWR,CHOOZ-A,01-01-62,04-15-67,10-30-91,280.0,5/24/15 7:51,WNA/IAEA,206.0,PWR
149,Chooz-B1,50.086,4.792,France,FR,Operational,PWR,N4 REP 1450,01-01-84,05-15-00,,1455.0,5/24/15 7:51,WNA/IAEA,220.0,PWR
150,Chooz-B2,50.086,4.792,France,FR,Operational,PWR,N4 REP 1450,12-31-85,09-29-00,,1455.0,5/24/15 7:51,WNA/IAEA,226.0,PWR
151,Civaux-1,46.457,0.654,France,FR,Operational,PWR,N4 REP 1450,10-15-88,01-29-02,,1450.0,5/24/15 7:51,WNA/IAEA,227.0,PWR
152,Civaux-2,46.457,0.654,France,FR,Operational,PWR,N4 REP 1450,04-01-91,04-23-02,,1450.0,5/24/15 7:51,WNA/IAEA,228.0,PWR
153,Clinton-1,40.172,-88.834,United States,US,Operational,BWR,BWR-6 (Mark 3),10-01-75,11-24-87,,950.0,5/24/15 7:51,WNA/IAEA,742.0,BWR
154,Cofrentes,39.216,-1.051,Spain,ES,Operational,BWR,BWR-6 (Mark 3),09-09-75,03-11-85,,939.0,2/11/17 1:56,WNA/IAEA,140.0,BWR
155,Columbia (WNP-2),46.471,-119.333,United States,US,Operational,BWR,BWR-5 (Mark 2),08-01-72,12-13-84,,1100.0,5/24/15 7:51,WNA/IAEA,702.0,BWR
156,Comanche Peak-1,32.301,-97.787,United States,US,Operational,PWR,WH 4LP (DRYAMB),12-19-74,08-13-90,,1150.0,2/11/17 1:59,WNA/IAEA,729.0,PWR
157,Comanche Peak-2,32.301,-97.787,United States,US,Operational,PWR,WH 4LP (DRYAMB),12-19-74,08-03-93,,1150.0,2/11/17 1:59,WNA/IAEA,730.0,PWR
158,Cooper,40.361,-95.643,United States,US,Operational,BWR,BWR-4 (Mark 1),06-01-68,07-01-74,,778.0,5/24/15 7:51,WNA/IAEA,642.0,BWR
159,Cruas-1,44.634,4.757,France,FR,Operational,PWR,CP2,08-01-78,04-02-84,,880.0,5/24/15 7:50,WNA/IAEA,198.0,PWR
160,Cruas-2,44.634,4.757,France,FR,Operational,PWR,CP2,11-15-78,04-01-85,,915.0,5/24/15 7:50,WNA/IAEA,199.0,PWR
161,Cruas-3,44.634,4.757,France,FR,Operational,PWR,CP2,04-15-79,09-10-84,,880.0,5/24/15 7:50,WNA/IAEA,200.0,PWR
162,Cruas-4,44.634,4.757,France,FR,Operational,PWR,CP2,10-01-79,02-11-85,,880.0,5/24/15 7:50,WNA/IAEA,201.0,PWR
163,Crystal River-3,28.966,-82.697,United States,US,Shutdown,PWR,B&W LLP (DRYAMB),09-25-68,03-13-77,02-05-13,825.0,2/11/17 1:58,WNA/IAEA,645.0,PWR
164,Dampierre-1,47.732,2.513,France,FR,Operational,PWR,CP1,02-01-75,09-10-80,,890.0,5/24/15 7:50,WNA/IAEA,176.0,PWR
165,Dampierre-2,47.732,2.513,France,FR,Operational,PWR,CP1,04-01-75,02-16-81,,890.0,5/24/15 7:50,WNA/IAEA,183.0,PWR
166,Dampierre-3,47.732,2.513,France,FR,Operational,PWR,CP1,09-01-75,05-27-81,,890.0,5/24/15 7:50,WNA/IAEA,185.0,PWR
167,Dampierre-4,47.732,2.513,France,FR,Operational,PWR,CP1,12-01-75,11-20-81,,890.0,5/24/15 7:50,WNA/IAEA,186.0,PWR
168,Darkhovin,30.707778,48.38,Iran,IR,Unknown,PWR,,,,,,,Wikipedia,,PWR
169,Darlington-1,43.867,-78.724,Canada,CA,Operational,PHWR,CANDU 850,04-01-82,11-14-92,,881.0,5/24/15 7:50,WNA/IAEA,43.0,PHWR
170,Darlington-2,43.867,-78.724,Canada,CA,Operational,PHWR,CANDU 850,09-01-81,10-09-90,,881.0,5/24/15 7:50,WNA/IAEA,44.0,PHWR
171,Darlington-3,43.867,-78.724,Canada,CA,Operational,PHWR,CANDU 850,09-01-84,02-14-93,,881.0,5/24/15 7:50,WNA/IAEA,45.0,PHWR
172,Darlington-4,43.867,-78.724,Canada,CA,Operational,PHWR,CANDU 850,07-01-85,06-14-93,,881.0,5/24/15 7:50,WNA/IAEA,46.0,PHWR
173,Darlington-5,43.8644,-78.7244,Canada,CA,Planned,PHWR,,,,,,,WNA,,PHWR
174,Darlington-6,43.8633,-78.7244,Canada,CA,Planned,PHWR,,,,,,,WNA,,PHWR
175,Davis Besse-1,41.597,-83.092,United States,US,Operational,PWR,B&W RLP (DRYAMB),09-01-70,07-31-78,,906.0,2/11/17 1:58,WNA/IAEA,676.0,PWR
176,Daya Bay-1 (Guangdong-1),22.599,114.544,China,CN,Operational,PWR,M310,08-07-87,02-01-94,,930.0,5/24/15 7:50,WNA/IAEA,63.0,PWR
177,Daya Bay-2 (Guangdong-2),22.599,114.544,China,CN,Operational,PWR,M310,04-07-88,05-06-94,,930.0,5/24/15 7:50,WNA/IAEA,64.0,PWR
178,Diablo Canyon-1,35.212,-120.854,United States,US,Operational,PWR,WH 4LP (DRYAMB),04-23-68,05-07-85,,1084.0,2/11/17 1:58,WNA/IAEA,628.0,PWR
179,Diablo Canyon-2,35.212,-120.854,United States,US,Operational,PWR,WH 4LP (DRYAMB),12-09-70,03-13-86,,1106.0,2/11/17 1:58,WNA/IAEA,660.0,PWR
180,Doel-1,51.323,4.259,Belgium,BE,Operational,PWR,WH 2LP,07-01-69,02-15-75,,392.0,2/11/17 1:55,WNA/IAEA,9.0,PWR
181,Doel-2,51.323,4.259,Belgium,BE,Operational,PWR,WH 2LP,09-01-71,12-01-75,,445.0,1/6/21 3:19,WNA/IAEA,11.0,PWR
182,Doel-3,51.323,4.259,Belgium,BE,Shutdown,PWR,WH 3LP,01-01-75,10-01-82,09-23-22,890.0,12/30/22 2:57,WNA/IAEA,12.0,PWR
183,Doel-4,51.323,4.259,Belgium,BE,Operational,PWR,WH 3LP,12-01-78,07-01-85,,1000.0,2/11/17 1:55,WNA/IAEA,14.0,PWR
184,Donald Cook-1,41.975,-86.564,United States,US,Operational,PWR,WH 4LP (ICECDN),03-25-69,08-28-75,,1030.0,2/11/17 1:58,WNA/IAEA,653.0,PWR
185,Donald Cook-2,41.975,-86.564,United States,US,Operational,PWR,WH 4LP (ICECDN),03-25-69,07-01-78,,1100.0,2/11/17 1:58,WNA/IAEA,654.0,PWR
186,Douglas Point,44.326,-81.601,Canada,CA,Shutdown,PHWR,CANDU 200,02-01-60,09-26-68,05-04-84,203.0,5/24/15 7:50,WNA/IAEA,40.0,PHWR
187,Dounreay DFR,58.577,-3.745,United Kingdom,GB,Shutdown,FBR,,03-01-55,10-01-62,03-01-77,14.0,5/24/15 7:51,WNA/IAEA,242.0,FBR
188,Dounreay PFR,58.577,-3.745,United Kingdom,GB,Shutdown,FBR,,01-01-66,07-01-76,03-31-94,234.0,5/24/15 7:51,WNA/IAEA,243.0,FBR
189,Dresden-1,41.353,-88.349,United States,US,Shutdown,BWR,,05-01-56,07-04-60,10-31-78,192.0,5/24/15 7:51,WNA/IAEA,597.0,BWR
190,Dresden-2,41.353,-88.349,United States,US,Operational,BWR,BWR-3 (Mark 1),01-10-66,06-09-70,,794.0,5/24/15 7:51,WNA/IAEA,608.0,BWR
191,Dresden-3,41.353,-88.349,United States,US,Operational,BWR,BWR-3 (Mark 1),10-14-66,11-16-71,,794.0,5/24/15 7:51,WNA/IAEA,612.0,BWR
192,Duane Arnold-1,42.101,-91.776,United States,US,Shutdown,BWR,BWR-4 (Mark 1),06-22-70,02-01-75,10-12-20,601.0,1/6/21 3:19,WNA/IAEA,667.0,BWR
193,Dukovany-1,49.089,16.149,Czechia,CZ,Operational,PWR,VVER V-213,01-01-79,05-03-85,,420.0,8/28/23 11:01,WNA/IAEA,78.0,PWR
194,Dukovany-2,49.089,16.149,Czechia,CZ,Operational,PWR,VVER V-213,01-01-79,03-21-86,,420.0,5/24/15 7:50,WNA/IAEA,79.0,PWR
195,Dukovany-3,49.089,16.149,Czechia,CZ,Operational,PWR,VVER V-213,03-01-79,12-20-86,,420.0,5/24/15 7:50,WNA/IAEA,80.0,PWR
196,Dukovany-4,49.089,16.149,Czechia,CZ,Operational,PWR,VVER V-213,03-01-79,07-19-87,,420.0,5/24/15 7:50,WNA/IAEA,81.0,PWR
197,Dungeness-A1,50.914,0.962,United Kingdom,GB,Shutdown,GCR,MAGNOX,07-01-60,10-28-65,12-31-06,275.0,5/24/15 7:51,WNA/IAEA,275.0,GCR
198,Dungeness-A2,50.914,0.962,United Kingdom,GB,Shutdown,GCR,MAGNOX,07-01-60,12-30-65,12-31-06,275.0,5/24/15 7:51,WNA/IAEA,276.0,GCR
199,Dungeness-B1,50.914,0.962,United Kingdom,GB,Shutdown,GCR,AGR,10-01-65,04-01-85,06-07-21,607.0,1/5/22 2:04,WNA/IAEA,248.0,GCR
200,Dungeness-B2,50.914,0.962,United Kingdom,GB,Shutdown,GCR,AGR,10-01-65,04-01-89,06-07-21,607.0,1/5/22 2:04,WNA/IAEA,249.0,GCR
201,El Dabaa-1,31.044167,28.497778,Egypt,EG,Under Construction,PWR,VVER-1200,07-20-22,,,1100.0,8/28/23 11:01,WNA/IAEA/Wikipedia,137.0,PWR
202,EL-4 (Monts D'Arree),48.35,-3.866667,France,FR,Shutdown,HWGCR,Monts-D'Arree,07-01-62,06-01-68,07-31-85,70.0,5/24/15 8:20,IAEA,217.0,GCR
203,Elk River,45.297,-93.557,United States,US,Shutdown,BWR,,01-01-59,07-01-64,02-01-68,22.0,5/24/15 7:51,WNA/IAEA,596.0,BWR
204,Embalse,-32.232,-64.442,Argentina,AR,Operational,PHWR,CANDU 6,04-01-74,01-20-84,,608.0,4/18/20 7:46,WNA/IAEA,4.0,PHWR
205,Emsland,52.471,7.322,Germany,DE,Shutdown,PWR,Konvoi,08-10-82,06-20-88,04-15-23,1242.0,8/28/23 11:01,WNA/IAEA,108.0,PWR
206,Enrico Fermi,45.183333,8.283333,Italy,IT,Shutdown,PWR,WH 4LP,07-01-61,01-01-65,07-01-90,247.0,2/11/17 1:56,IAEA,326.0,PWR
207,Enrico Fermi-1,41.96,-83.257,United States,US,Shutdown,FBR,Liquid Metal FBR,08-08-56,08-07-66,11-29-72,60.0,2/11/17 1:57,WNA/IAEA,602.0,FBR
208,Enrico Fermi-2,41.96,-83.257,United States,US,Operational,BWR,BWR-4 (Mark 1),09-26-72,01-23-88,,1093.0,5/24/15 7:51,WNA/IAEA,674.0,BWR
209,Fangchenggang-1,21.6,108.3,China,CN,Operational,PWR,CPR-1000,07-30-10,01-01-16,,1000.0,6/30/19 1:55,WNA/IAEA,943.0,PWR
210,Fangchenggang-2,21.6,108.3,China,CN,Operational,PWR,CPR-1000,12-23-10,10-01-16,,1000.0,2/11/17 1:59,WNA/IAEA,944.0,PWR
211,Fangjiashan-1,30.416,120.951,China,CN,Operational,PWR,CPR-1000,12-26-08,12-15-14,,1000.0,5/24/15 7:51,WNA/IAEA,912.0,PWR
212,Fangjiashan-2,30.416,120.951,China,CN,Operational,PWR,CPR-1000,07-17-09,02-12-15,,1000.0,5/24/15 7:51,WNA/IAEA,913.0,PWR
213,Farley-1,31.223,-85.115,United States,US,Operational,PWR,WH 3LP (DRYAMB),10-01-70,12-01-77,,829.0,2/11/17 1:58,WNA/IAEA,677.0,PWR
214,Farley-2,31.223,-85.115,United States,US,Operational,PWR,WH 3LP (DRYAMB),10-01-70,07-30-81,,829.0,2/11/17 1:58,WNA/IAEA,686.0,PWR
215,Fessenheim-1,47.903,7.564,France,FR,Shutdown,PWR,CP0,09-01-71,01-01-78,02-22-20,880.0,4/18/20 7:46,WNA/IAEA,163.0,PWR
216,Fessenheim-2,47.903,7.564,France,FR,Shutdown,PWR,CP0,02-01-72,04-01-78,06-30-20,880.0,8/31/20 4:39,WNA/IAEA,164.0,PWR
217,FitzPatrick,43.521,-76.403,United States,US,Operational,BWR,BWR-4 (Mark 1),09-01-68,07-28-75,,821.0,5/24/15 7:51,WNA/IAEA,668.0,BWR
218,Flamanville-1,49.537,-1.881,France,FR,Operational,PWR,P4 REP 1300,12-01-79,12-01-86,,1330.0,5/24/15 7:50,WNA/IAEA,202.0,PWR
219,Flamanville-2,49.537,-1.881,France,FR,Operational,PWR,P4 REP 1300,05-01-80,03-09-87,,1330.0,5/24/15 7:50,WNA/IAEA,203.0,PWR
220,Flamanville-3,49.537,-1.881,France,FR,Under Construction,PWR,EPR,12-03-07,,,1630.0,5/24/15 7:51,WNA/IAEA,873.0,PWR
221,Forsmark-1,60.405,18.168,Sweden,SE,Operational,BWR,"AA-III, BWR-2500",06-01-73,12-10-80,,900.0,3/10/18 16:52,WNA/IAEA,541.0,BWR
222,Forsmark-2,60.405,18.168,Sweden,SE,Operational,BWR,"AA-III, BWR-2500",01-01-75,07-07-81,,900.0,3/10/18 16:51,WNA/IAEA,530.0,BWR
223,Forsmark-3,60.405,18.168,Sweden,SE,Operational,BWR,"AA-IV, BWR-3000",01-01-79,08-18-85,,1050.0,3/10/18 16:51,WNA/IAEA,532.0,BWR
224,Fort Calhoun-1,41.52,-96.076,United States,US,Shutdown,PWR,CE 2LP,06-07-68,09-26-73,10-24-16,478.0,2/11/17 1:58,WNA/IAEA,634.0,PWR
225,Fort St. Vrain,40.244,-104.874,United States,US,Shutdown,HTGR,,09-01-68,07-01-79,08-29-89,330.0,5/24/15 7:51,WNA/IAEA,623.0,OTHER
226,Fugen ATR,35.751,136.02,Japan,JP,Shutdown,HWLWR,ATR,05-10-72,03-20-79,03-29-03,148.0,5/24/15 7:51,WNA/IAEA,345.0,OTHER
227,Fukushima Daiichi-1,37.423,141.032,Japan,JP,Shutdown,BWR,BWR-3,07-25-67,03-26-71,05-19-11,439.0,6/30/19 15:49,WNA/IAEA,377.0,BWR
228,Fukushima Daiichi-2,37.423,141.032,Japan,JP,Shutdown,BWR,BWR-4,06-09-69,07-18-74,05-19-11,760.0,6/30/19 15:49,WNA/IAEA,389.0,BWR
229,Fukushima Daiichi-3,37.423,141.032,Japan,JP,Shutdown,BWR,BWR-4,12-28-70,03-27-76,05-19-11,760.0,6/30/19 15:49,WNA/IAEA,334.0,BWR
230,Fukushima Daiichi-4,37.423,141.032,Japan,JP,Shutdown,BWR,BWR-4,02-12-73,10-12-78,05-19-11,760.0,6/30/19 15:49,WNA/IAEA,340.0,BWR
231,Fukushima Daiichi-5,37.423,141.032,Japan,JP,Shutdown,BWR,BWR-4,05-22-72,04-18-78,12-17-13,760.0,6/30/19 15:49,WNA/IAEA,341.0,BWR
232,Fukushima Daiichi-6,37.423,141.032,Japan,JP,Shutdown,BWR,BWR-5,10-26-73,10-24-79,12-17-13,1067.0,6/30/19 15:52,WNA/IAEA,342.0,BWR
233,Fukushima Daini-1,37.315,141.024,Japan,JP,Shutdown,BWR,BWR-5,03-16-76,04-20-82,09-30-19,1067.0,4/18/20 7:46,WNA/IAEA,350.0,BWR
234,Fukushima Daini-2,37.315,141.024,Japan,JP,Shutdown,BWR,BWR-5,05-25-79,02-03-84,09-30-19,1067.0,4/18/20 7:46,WNA/IAEA,351.0,BWR
235,Fukushima Daini-3,37.315,141.024,Japan,JP,Shutdown,BWR,BWR-5,03-23-81,06-21-85,09-30-19,1067.0,4/18/20 7:46,WNA/IAEA,361.0,BWR
236,Fukushima Daini-4,37.315,141.024,Japan,JP,Shutdown,BWR,BWR-5,05-28-81,08-25-87,09-30-19,1067.0,4/18/20 7:46,WNA/IAEA,364.0,BWR
237,Fuqing-1,25.443,119.453,China,CN,Operational,PWR,CNP-1000,11-21-08,11-22-14,,1000.0,3/9/16 20:43,WNA/IAEA,914.0,PWR
238,Fuqing-2,25.443,119.453,China,CN,Operational,PWR,CNP-1000,06-17-09,10-16-15,,1000.0,3/9/16 20:43,WNA/IAEA,915.0,PWR
239,Fuqing-3,25.720278,119.383889,China,CN,Operational,PWR,CNP-1000,12-31-10,10-24-16,,1000.0,2/11/17 1:59,WNA/IAEA,935.0,PWR
240,Fuqing-4,25.720278,119.383889,China,CN,Operational,PWR,CNP-1000,11-17-12,09-17-17,,1000.0,3/10/18 16:52,WNA/IAEA,936.0,PWR
241,Fuqing-5,25.720278,119.383889,China,CN,Operational,PWR,HPR1000,05-07-15,01-30-21,,1075.0,12/30/22 2:57,WNA/IAEA,937.0,PWR
242,Fuqing-6,25.720278,119.383889,China,CN,Operational,PWR,HPR1000,12-22-15,03-25-22,,1075.0,9/25/22 1:33,WNA/Wikipedia/IAEA,938.0,PWR
243,G-2 (Marcoule),44.142,4.713,France,FR,Shutdown,GCR,,03-01-55,04-22-59,02-02-80,36.0,5/24/15 7:50,WNA/IAEA,172.0,GCR
244,G-3 (Marcoule),44.142,4.713,France,FR,Shutdown,GCR,,03-01-56,04-04-60,06-20-84,36.0,5/24/15 7:50,WNA/IAEA,161.0,GCR
245,Garigliano,41.258,13.835,Italy,IT,Shutdown,BWR,BWR-1,11-01-59,06-01-64,03-01-82,150.0,5/24/15 7:51,WNA/IAEA,325.0,BWR
246,GE Vallecitos,37.613056,-121.84,United States,US,Shutdown,BWR,25,01-01-56,10-19-57,12-09-63,24.0,06-06-21,IAEA,893.0,BWR
247,Genkai-1,33.518,129.837,Japan,JP,Shutdown,PWR,M (2-loop),09-15-71,10-15-75,04-27-15,529.0,5/24/15 7:51,WNA/IAEA,336.0,PWR
248,Genkai-2,33.518,129.837,Japan,JP,Shutdown,PWR,M (2-loop),02-01-77,03-30-81,04-09-19,529.0,11-22-19,WNA/IAEA,352.0,PWR
249,Genkai-3,33.518,129.837,Japan,JP,Operational,PWR,M (4-loop),06-01-88,03-18-94,,1127.0,5/24/15 7:51,WNA/IAEA,372.0,PWR
250,Genkai-4,33.518,129.837,Japan,JP,Operational,PWR,M (4-loop),07-15-92,07-25-97,,1127.0,5/24/15 7:51,WNA/IAEA,373.0,PWR
251,Gentilly-1 (Demo),46.395,-72.357,Canada,CA,Shutdown,HWLWR,HW BLWR 250,09-01-66,05-01-72,06-01-77,250.0,5/24/15 7:50,WNA/IAEA,47.0,OTHER
252,Gentilly-2,46.395,-72.357,Canada,CA,Shutdown,PHWR,CANDU 6,04-01-74,10-01-83,12-28-12,645.0,5/24/15 7:50,WNA/IAEA,32.0,PHWR
253,Dodewaard,51.899,5.687,Netherlands,NL,Shutdown,BWR,GE design,05-01-65,03-26-69,03-26-97,54.0,06-07-21,WNA/IAEA,422.0,BWR
254,Goesgen,47.366,7.969,Switzerland,CH,Operational,PWR,PWR 3 Loop,12-01-73,11-01-79,,920.0,4/21/22 23:26,WNA/IAEA,58.0,PWR
255,Golfech-1,44.105,0.845,France,FR,Operational,PWR,P4 REP 1300,11-17-82,02-01-91,,1310.0,5/24/15 7:51,WNA/IAEA,219.0,PWR
256,Golfech-2,44.105,0.845,France,FR,Operational,PWR,P4 REP 1300,10-01-84,03-04-94,,1310.0,5/24/15 7:51,WNA/IAEA,224.0,PWR
257,Grafenrheinfeld,49.984,10.186,Germany,DE,Shutdown,PWR,PWR,01-01-75,06-17-82,06-27-15,1225.0,8/23/15 6:28,WNA/IAEA,97.0,PWR
258,Grand Gulf-1,32.007,-91.045,United States,US,Operational,BWR,BWR-6 (Mark 3),05-04-74,07-01-85,,1250.0,5/24/15 7:51,WNA/IAEA,715.0,BWR
259,Gravelines-1,51.014,2.138,France,FR,Operational,PWR,CP1,02-01-75,11-25-80,,910.0,5/24/15 7:50,WNA/IAEA,174.0,PWR
260,Gravelines-2,51.014,2.138,France,FR,Operational,PWR,CP1,03-01-75,12-01-80,,910.0,5/24/15 7:50,WNA/IAEA,175.0,PWR
261,Gravelines-3,51.014,2.138,France,FR,Operational,PWR,CP1,12-01-75,06-01-81,,910.0,5/24/15 7:50,WNA/IAEA,181.0,PWR
262,Gravelines-4,51.014,2.138,France,FR,Operational,PWR,CP1,04-01-76,10-01-81,,910.0,5/24/15 7:50,WNA/IAEA,182.0,PWR
263,Gravelines-5,51.014,2.138,France,FR,Operational,PWR,CP1,10-01-79,01-15-85,,910.0,5/24/15 7:51,WNA/IAEA,208.0,PWR
264,Gravelines-6,51.014,2.138,France,FR,Operational,PWR,CP1,10-01-79,10-25-85,,910.0,5/24/15 7:51,WNA/IAEA,209.0,PWR
265,Greifswald-1,54.143,13.668,Germany,DE,Shutdown,PWR,VVER V-230,03-01-70,07-12-74,12-18-90,440.0,9/25/22 1:33,WNA/IAEA,123.0,PWR
266,Greifswald-2,54.143,13.668,Germany,DE,Shutdown,PWR,VVER V-230,03-01-70,04-16-75,02-14-90,408.0,5/24/15 7:50,WNA/IAEA,124.0,PWR
267,Greifswald-3,54.143,13.668,Germany,DE,Shutdown,PWR,VVER V-230,04-01-72,05-01-78,02-28-90,408.0,5/24/15 7:50,WNA/IAEA,125.0,PWR
268,Greifswald-4,54.143,13.668,Germany,DE,Shutdown,PWR,VVER V-230,04-01-72,11-01-79,06-02-90,408.0,9/25/22 1:33,WNA/IAEA,126.0,PWR
269,Greifswald-5,54.143,13.668,Germany,DE,Shutdown,PWR,VVER V-213,12-01-76,11-01-89,11-24-89,408.0,5/24/15 7:50,WNA/IAEA,127.0,PWR
270,Grohnde,52.033,9.412,Germany,DE,Shutdown,PWR,PWR,06-01-76,02-01-85,12-31-21,1289.0,4/21/22 23:26,WNA/IAEA,101.0,PWR
271,Grosswelzheim,50.055,8.985,Germany,DE,Decommissioning Completed,BWR,Superheated steam reactor,01-01-65,,07-20-71,23.0,12/30/22 4:21,WNA/IAEA,134.0,BWR
272,Gundremmingen-A,48.513,10.401,Germany,DE,Shutdown,BWR,,12-12-62,04-12-67,01-13-77,237.0,5/24/15 7:50,WNA/IAEA,104.0,BWR
273,Gundremmingen-B,48.513,10.401,Germany,DE,Shutdown,BWR,BWR-72,07-20-76,07-19-84,12-31-17,1244.0,3/10/18 16:51,WNA/IAEA,100.0,BWR
274,Gundremmingen-C,48.513,10.401,Germany,DE,Shutdown,BWR,BWR-72,07-20-76,01-18-85,12-31-21,1249.0,4/21/22 23:26,WNA/IAEA,102.0,BWR
275,H. B. Robinson-2,34.402,-80.158,United States,US,Operational,PWR,WH 3LP (DRYAMB),04-13-67,03-07-71,,700.0,2/11/17 1:58,WNA/IAEA,619.0,PWR
276,Haddam Neck,41.483,-72.5,United States,US,Shutdown,PWR,,05-01-64,01-01-68,12-05-96,582.0,5/24/15 7:51,WNA/IAEA,605.0,PWR
277,Haiyang-1,36.704,121.382,China,CN,Operational,PWR,AP-1000,09-24-09,10-22-18,,1126.0,6/2/19 23:18,WNA/IAEA,908.0,PWR
278,Haiyang-2,36.704,121.382,China,CN,Operational,PWR,AP-1000,06-20-10,01-09-19,,1126.0,6/2/19 23:18,WNA/IAEA,909.0,PWR
279,Haiyang-3,36.704,121.382,China,CN,Under Construction,PWR,CAP1000,07-07-22,,,1161.0,9/25/22 1:33,WNA/IAEA,993.0,PWR
280,Haiyang-4,36.704,121.382,China,CN,Under Construction,PWR,CAP1000,04-22-23,,,1161.0,8/28/23 11:01,WNA/IAEA,994.0,PWR
281,Hallam,40.559,-96.785,United States,US,Shutdown,OCR,LMGMR (SGR-Sodium cooled graphite moderated reactor),01-01-59,11-01-63,09-01-64,75.0,8/23/15 6:28,WNA/IAEA,891.0,OTHER
282,Hamaoka-1,34.621,138.141,Japan,JP,Shutdown,BWR,BWR-4,06-10-71,03-17-76,01-30-09,516.0,5/24/15 7:51,WNA/IAEA,335.0,BWR
283,Hamaoka-2,34.621,138.141,Japan,JP,Shutdown,BWR,BWR-4,06-14-74,11-29-78,01-30-09,814.0,5/24/15 7:51,WNA/IAEA,349.0,BWR
284,Hamaoka-3,34.621,138.141,Japan,JP,Suspended Operation,BWR,BWR-5,04-18-83,08-28-87,,1056.0,12/30/22 4:07,WNA/IAEA,362.0,BWR
285,Hamaoka-4,34.621,138.141,Japan,JP,Suspended Operation,BWR,BWR-5,10-13-89,09-03-93,,1092.0,12/30/22 4:07,WNA/IAEA,376.0,BWR
286,Hamaoka-5,34.621,138.141,Japan,JP,Suspended Operation,BWR,ABWR,07-12-00,01-18-05,,1325.0,12/30/22 4:07,WNA/IAEA,843.0,BWR
287,Hamaoka-6,34.621,138.141,Japan,JP,Planned,ABWR,,,,,,,WNA,,BWR
288,Hanbit-1,35.405,126.41,South Korea,KR,Operational,PWR,WH F,06-04-81,08-25-86,,903.0,4/21/22 23:26,IAEA,411.0,PWR
289,Hanbit-2,35.405,126.41,South Korea,KR,Operational,PWR,WH F,12-01-81,06-10-87,,903.0,4/21/22 23:26,IAEA,412.0,PWR
290,Hanbit-3,35.405,126.41,South Korea,KR,Operational,PWR,OPR-1000,12-23-89,03-31-95,,950.0,4/21/22 23:26,IAEA,396.0,PWR
291,Hanbit-4,35.405,126.41,South Korea,KR,Operational,PWR,OPR-1000,05-26-90,01-01-96,,950.0,9/25/22 1:33,IAEA,397.0,PWR
292,Hanbit-5,35.405,126.41,South Korea,KR,Operational,PWR,OPR-1000,06-29-97,05-21-02,,950.0,8/28/23 11:01,IAEA,402.0,PWR
293,Hanbit-6,35.405,126.41,South Korea,KR,Operational,PWR,OPR-1000,11-20-97,12-24-02,,993.0,4/20/21 5:47,IAEA,403.0,PWR
294,Hanul-1,37.09,129.384444,South Korea,KR,Operational,PWR,France CPI,01-26-83,09-10-88,,903.0,4/21/22 23:26,IAEA,413.0,PWR
295,Hanul-2,37.09,129.384444,South Korea,KR,Operational,PWR,France CPI,07-05-83,09-30-89,,903.0,8/28/23 11:01,IAEA,395.0,PWR
296,Hanul-3,37.09,129.384444,South Korea,KR,Operational,PWR,OPR-1000,07-21-93,08-11-98,,997.0,4/20/21 5:47,IAEA,398.0,PWR
297,Hanul-4,37.09,129.384444,South Korea,KR,Operational,PWR,OPR-1000,11-01-93,12-31-99,,950.0,4/21/22 23:26,IAEA,399.0,PWR
298,Hanul-5,37.09,129.384444,South Korea,KR,Operational,PWR,OPR-1000,10-01-99,07-29-04,,950.0,4/21/22 23:26,IAEA,404.0,PWR
299,Hanul-6,37.09,129.384444,South Korea,KR,Operational,PWR,OPR-1000,09-29-00,04-22-05,,950.0,4/21/22 23:26,IAEA,406.0,PWR
300,Hartlepool-A1,54.634,-1.18,United Kingdom,GB,Operational,GCR,AGR,10-01-68,04-01-89,,590.0,4/20/21 5:47,WNA/IAEA,250.0,GCR
301,Hartlepool-A2,54.634,-1.18,United Kingdom,GB,Operational,GCR,AGR,10-01-68,04-01-89,,595.0,4/20/21 5:47,WNA/IAEA,251.0,GCR
302,Hatch-1,31.935,-82.346,United States,US,Operational,BWR,BWR-4 (Mark 1),09-30-68,12-31-75,,777.0,5/24/15 7:51,WNA/IAEA,658.0,BWR
303,Hatch-2,31.935,-82.346,United States,US,Operational,BWR,BWR-4 (Mark 1),02-01-72,09-05-79,,784.0,5/24/15 7:51,WNA/IAEA,687.0,BWR
304,Heysham-A1,54.029,-2.912,United Kingdom,GB,Operational,GCR,AGR,12-01-70,04-01-89,,611.0,5/24/15 7:51,WNA/IAEA,256.0,GCR
305,Heysham-A2,54.029,-2.912,United Kingdom,GB,Operational,GCR,AGR,12-01-70,04-01-89,,611.0,5/24/15 7:51,WNA/IAEA,257.0,GCR
306,Heysham-B1,54.029,-2.912,United Kingdom,GB,Operational,GCR,AGR,08-01-80,04-01-89,,615.0,5/24/15 7:51,WNA/IAEA,259.0,GCR
307,Heysham-B2,54.029,-2.912,United Kingdom,GB,Operational,GCR,AGR,08-01-80,04-01-89,,615.0,5/24/15 7:51,WNA/IAEA,260.0,GCR
308,Higashi Dori-1 (Tohoku),41.188,141.393,Japan,JP,Suspended Operation,BWR,BWR-5,11-07-00,12-08-05,,1067.0,12/30/22 4:21,WNA/IAEA,841.0,BWR
309,Higashi Dori-1 (Tokyo),41.1856,141.388,Japan,JP,Planned,ABWR,,,,,,,WNA,,BWR
310,Higashi Dori-2 (Tohoku),41.1856,141.39,Japan,JP,Planned,ABWR,,,,,,,WNA,,BWR
311,Higashi Dori-2 (Tokyo),41.1856,141.389,Japan,JP,Planned,ABWR,,,,,,,WNA,,BWR
312,Hinkley Point-A1,51.209,-3.131,United Kingdom,GB,Shutdown,GCR,MAGNOX,11-01-57,03-30-65,05-23-00,250.0,5/24/15 7:51,WNA/IAEA,271.0,GCR
313,Hinkley Point-A2,51.209,-3.131,United Kingdom,GB,Shutdown,GCR,MAGNOX,11-01-57,05-05-65,05-23-00,250.0,5/24/15 7:51,WNA/IAEA,272.0,GCR
314,Hinkley Point-B1,51.209,-3.131,United Kingdom,GB,Shutdown,GCR,AGR,09-01-67,10-02-78,08-01-22,625.0,9/25/22 1:33,WNA/IAEA,244.0,GCR
315,Hinkley Point-B2,51.209,-3.131,United Kingdom,GB,Shutdown,GCR,AGR,09-01-67,09-27-76,07-06-22,625.0,9/25/22 1:33,WNA/IAEA,245.0,GCR
316,Hinkley Point-C1,51.2087,-3.1305,United Kingdom,GB,Under Construction,PWR,EPR-1750,12-11-18,,,1630.0,6/2/19 23:18,WNA/IAEA,1072.0,PWR
317,Hinkley Point-C2,51.2087,-3.1305,United Kingdom,GB,Under Construction,PWR,EPR-1750,12-12-19,,,1630.0,4/18/20 7:46,WNA/IAEA,1073.0,PWR
320,Hongyanhe-1,39.797,121.4765,China,CN,Operational,PWR,CPR-1000,08-18-07,06-06-13,,1061.0,8/23/15 6:28,WNA/IAEA/GEO,904.0,PWR
321,Hongyanhe-2,39.797,121.4765,China,CN,Operational,PWR,CPR-1000,03-28-08,05-13-14,,1061.0,8/23/15 6:28,WNA/IAEA/GEO,905.0,PWR
322,Hongyanhe-3,39.797,121.4765,China,CN,Operational,PWR,CPR-1000,03-07-09,08-16-15,,1061.0,9/25/17 6:20,WNA/IAEA/GEO,906.0,PWR
323,Hongyanhe-4,39.797,121.4765,China,CN,Operational,PWR,CPR-1000,08-15-09,06-08-16,,1061.0,6/2/19 23:18,WNA/IAEA/GEO,907.0,PWR
324,Hongyanhe-5,39.797,121.4831,China,CN,Operational,PWR,ACPR-1000,03-29-15,07-31-21,,1061.0,1/5/22 2:04,WNA/IAEA/GEO,997.0,PWR
325,Hongyanhe-6,39.797,121.4831,China,CN,Operational,PWR,ACPR-1000,07-24-15,06-23-22,,1061.0,9/25/22 1:33,WNA/IAEA/GEO,998.0,PWR
326,Hope Creek-1,39.467,-75.535,United States,US,Operational,BWR,BWR-4 (Mark 1),03-01-76,12-20-86,,1067.0,5/24/15 7:51,WNA/IAEA,680.0,BWR
327,Humboldt Bay,40.741,-124.21,United States,US,Shutdown,BWR,Natural cir.,11-01-60,08-01-63,07-02-76,65.0,5/24/15 7:51,WNA/IAEA,599.0,BWR
328,Hunterston-A1,55.722,-4.893,United Kingdom,GB,Shutdown,GCR,MAGNOX,10-01-57,02-05-64,03-30-90,150.0,5/24/15 7:51,WNA/IAEA,269.0,GCR
329,Hunterston-A2,55.722,-4.893,United Kingdom,GB,Shutdown,GCR,MAGNOX,10-01-57,07-01-64,12-31-89,150.0,5/24/15 7:51,WNA/IAEA,270.0,GCR
330,Hunterston-B1,55.722,-4.893,United Kingdom,GB,Shutdown,GCR,AGR,11-01-67,02-07-76,11-26-21,624.0,1/5/22 2:04,WNA/IAEA,246.0,GCR
331,Hunterston-B2,55.722,-4.893,United Kingdom,GB,Shutdown,GCR,AGR,11-01-67,04-01-77,01-07-22,624.0,4/21/22 23:26,WNA/IAEA,247.0,GCR
332,Ignalina-1,55.604,26.562,Lithuania,LT,Shutdown,LWGR,RBMK-1500,05-01-77,05-01-85,12-31-04,1500.0,4/21/22 23:26,WNA/IAEA,415.0,LWGR
333,Ignalina-2,55.604,26.562,Lithuania,LT,Shutdown,LWGR,RBMK-1500,01-01-78,12-01-87,12-31-09,1500.0,4/21/22 23:26,WNA/IAEA,416.0,LWGR
334,Ignalina-3,55.604,26.562,Lithuania,LT,Cancelled Construction,LWGR,RBMK-1500,06-01-85,,,1380.0,2/14/21 3:17,WNA/IAEA,,LWGR
335,Ikata-1,33.491,132.309,Japan,JP,Shutdown,PWR,M (2-loop),09-01-73,09-30-77,05-10-16,538.0,2/11/17 1:56,WNA/IAEA,348.0,PWR
336,Ikata-2,33.491,132.309,Japan,JP,Shutdown,PWR,M (2-loop),08-01-78,03-19-82,05-23-18,538.0,6/2/19 23:18,WNA/IAEA,358.0,PWR
337,Ikata-3,33.491,132.309,Japan,JP,Operational,PWR,M (3-loop),10-01-90,12-15-94,,846.0,5/24/15 7:51,WNA/IAEA,374.0,PWR
338,Indian Point-1,41.27,-73.95,United States,US,Shutdown,PWR,PWR,05-01-56,10-01-62,10-31-74,265.0,5/24/15 7:51,WNA/IAEA,643.0,PWR
339,Indian Point-2,41.27,-73.95,United States,US,Shutdown,PWR,WH 4LP (DRYAMB),10-14-66,08-01-74,04-30-20,873.0,6/6/20 5:15,WNA/IAEA,611.0,PWR
340,Indian Point-3,41.27,-73.95,United States,US,Shutdown,PWR,WH 4LP (DRYAMB),10-30-68,08-28-76,04-28-21,965.0,4/21/22 23:26,WNA/IAEA,635.0,PWR
341,Isar-1,48.607,12.296,Germany,DE,Shutdown,BWR,BWR-69,05-01-72,03-21-79,08-06-11,870.0,5/24/15 7:50,WNA/IAEA,89.0,BWR
342,Isar-2,48.607,12.296,Germany,DE,Shutdown,PWR,Konvoi,09-15-82,04-09-88,04-15-23,1285.0,8/28/23 11:01,WNA/IAEA,106.0,PWR
343,Jaitapur-1,16.595278,73.341111,India,IN,Planned,PWR,,,,,,,WNA/Wikipedia,,PWR
344,Jaitapur-2,16.595278,73.341111,India,IN,Planned,PWR,,,,,,,WNA/Wikipedia,,PWR
346,Jose Cabrera-1 (Zorita),40.362,-2.818,Spain,ES,Shutdown,PWR,WH 1LP,06-24-64,08-13-69,04-30-06,153.0,2/11/17 1:56,WNA/IAEA,139.0,PWR
347,JPDR,36.4625,140.61,Japan,JP,Shutdown,BWR,BWR-1,12-01-60,03-15-65,03-18-76,10.0,5/24/15 7:51,IAEA,333.0,BWR
348,AVR Juelich,50.903,6.421,Germany,DE,Shutdown,HTGR,Pebble bed reactor prototype,08-01-61,05-19-69,12-31-88,13.0,06-07-21,WNA/IAEA,114.0,OTHER
349,Kahl,50.059,8.987,Germany,DE,Decommissioning Completed,BWR,BWR,07-01-58,,11-25-85,15.0,12/30/22 4:24,WNA/IAEA,82.0,BWR
350,Kaiga-1,14.865,74.438,India,IN,Operational,PHWR,Horizontal Pressure Tube type,09-01-89,11-16-00,,202.0,5/24/15 7:54,WNA/IAEA,289.0,PHWR
351,Kaiga-2,14.865,74.438,India,IN,Operational,PHWR,Horizontal Pressure Tube type,12-01-89,03-16-00,,202.0,5/24/15 7:54,WNA/IAEA,290.0,PHWR
352,Kaiga-3,14.865,74.438,India,IN,Operational,PHWR,Horizontal Pressure Tube type,03-30-02,05-06-07,,202.0,5/24/15 7:54,WNA/IAEA,291.0,PHWR
353,Kaiga-4,14.865,74.438,India,IN,Operational,PHWR,Horizontal Pressure Tube type,05-10-02,01-20-11,,202.0,5/24/15 7:54,WNA/IAEA,292.0,PHWR
354,Kaiga-5,14.868,74.4418,India,IN,Planned,PWR,,,,,,,WNA,,PWR
355,Kaiga-6,14.868,74.4422,India,IN,Planned,PWR,,,,,,,WNA,,PWR
356,Kakrapar-1,21.236,73.351,India,IN,Operational,PHWR,Horizontal Pressure Tube type,12-01-84,05-06-93,,202.0,5/24/15 7:54,WNA/IAEA,308.0,PHWR
357,Kakrapar-2,21.236,73.351,India,IN,Operational,PHWR,Horizontal Pressure Tube type,04-01-85,09-01-95,,202.0,5/24/15 7:54,WNA/IAEA,286.0,PHWR
358,Kakrapar-3,21.236,73.351,India,IN,Operational,PHWR,PHWR-700,11-22-10,,,630.0,2/14/21 5:47,WNA/IAEA,986.0,PHWR
359,Kakrapar-4,21.236,73.351,India,IN,Under Construction,PHWR,PHWR-700,11-22-10,,,630.0,5/24/15 7:51,WNA/IAEA,987.0,PHWR
360,Kalinin-1,57.903,35.057,Russia,RU,Operational,PWR,VVER V-338,02-01-77,06-12-85,,950.0,5/24/15 7:51,WNA/IAEA,489.0,PWR
361,Kalinin-2,57.903,35.057,Russia,RU,Operational,PWR,VVER V-338,02-01-82,03-03-87,,950.0,5/24/15 7:51,WNA/IAEA,490.0,PWR
362,Kalinin-3,57.903,35.057,Russia,RU,Operational,PWR,VVER V-320,10-01-85,11-08-05,,950.0,5/24/15 7:51,WNA/IAEA,495.0,PWR
363,Kalinin-4,57.903,35.057,Russia,RU,Operational,PWR,VVER V-320,08-01-86,12-25-12,,950.0,5/24/15 7:51,WNA/IAEA,496.0,PWR
364,Kalpakkam (PFBR),12.553,80.174,India,IN,Under Construction,FBR,Prototype,10-23-04,,,470.0,5/24/15 7:51,WNA/IAEA,859.0,FBR
365,Kalpakkam-1 (Madras-1 / MAPS1),12.553,80.174,India,IN,Suspended Operation,PHWR,Horizontal Pressure Tube type,01-01-71,01-27-84,,202.0,8/28/23 11:01,WNA/IAEA,304.0,PHWR
366,Kalpakkam-2 (Madras-2 / MAPS2),12.553,80.174,India,IN,Operational,PHWR,Horizontal Pressure Tube type,10-01-72,03-21-86,,202.0,5/24/15 7:54,WNA/IAEA,305.0,PHWR
369,KANUPP-1,24.845,66.79,Pakistan,PK,Shutdown,PHWR,CANDU-137 MW,08-01-66,12-07-72,08-01-21,125.0,1/5/22 2:04,WNA/IAEA,427.0,PHWR
370,MZFR,49.104,8.432,Germany,DE,Shutdown,PHWR,,12-01-61,12-19-66,05-03-84,50.0,06-07-21,WNA/IAEA,93.0,PHWR
371,Kashiwazaki Kariwa-1,37.434,138.598,Japan,JP,Suspended Operation,BWR,BWR-5,06-05-80,09-18-85,,1067.0,9/25/22 1:33,WNA/IAEA,359.0,BWR
372,Kashiwazaki Kariwa-2,37.434,138.598,Japan,JP,Suspended Operation,BWR,BWR-5,11-18-85,09-28-90,,1067.0,9/25/22 1:33,WNA/IAEA,365.0,BWR
373,Kashiwazaki Kariwa-3,37.434,138.598,Japan,JP,Suspended Operation,BWR,BWR-5,03-07-89,08-11-93,,1067.0,9/25/22 1:33,WNA/IAEA,380.0,BWR
374,Kashiwazaki Kariwa-4,37.434,138.598,Japan,JP,Suspended Operation,BWR,BWR-5,03-05-90,08-11-94,,1067.0,9/25/22 1:33,WNA/IAEA,381.0,BWR
375,Kashiwazaki Kariwa-5,37.434,138.598,Japan,JP,Suspended Operation,BWR,BWR-5,06-20-85,04-10-90,,1067.0,9/25/22 1:33,WNA/IAEA,367.0,BWR
376,Kashiwazaki Kariwa-6,37.434,138.598,Japan,JP,Suspended Operation,BWR,ABWR,11-03-92,11-07-96,,1315.0,8/28/23 11:01,WNA/IAEA,383.0,BWR
377,Kashiwazaki Kariwa-7,37.434,138.598,Japan,JP,Suspended Operation,BWR,ABWR,07-01-93,07-02-97,,1315.0,8/28/23 11:01,WNA/IAEA,384.0,BWR
378,Kewaunee,44.47,-87.498,United States,US,Shutdown,PWR,WH 2LP (DRYAMB),08-06-68,06-16-74,05-07-13,535.0,2/11/17 1:58,WNA/IAEA,647.0,PWR
379,Khmelnitski-1,50.301,26.649,Ukraine,UA,Operational,PWR,VVER V-320,11-01-81,08-13-88,,950.0,5/24/15 7:51,WNA/IAEA,573.0,PWR
380,Khmelnitski-2,50.301,26.649,Ukraine,UA,Operational,PWR,VVER V-320,02-01-85,12-15-05,,950.0,5/24/15 7:51,WNA/IAEA,574.0,PWR
381,Khmelnitski-3,50.303056,26.642778,Ukraine,UA,Under Construction,PWR,VVER,03-01-86,,,1035.0,9/25/17 6:20,IAEA,581.0,PWR
382,Khmelnitski-4,50.303056,26.642778,Ukraine,UA,Under Construction,PWR,VVER,02-01-87,,,1035.0,9/25/17 6:20,IAEA,582.0,PWR
383,KNK-II,49.098,8.441,Germany,DE,Shutdown,FBR,Prototype,09-01-74,03-03-79,08-23-91,18.0,5/24/15 7:50,WNA/IAEA,135.0,FBR
384,Koeberg-1,-33.677,18.433,South Africa,ZA,Operational,PWR,CP1,07-01-76,07-21-84,,921.0,5/24/15 7:51,WNA/IAEA,836.0,PWR
385,Koeberg-2,-33.677,18.433,South Africa,ZA,Operational,PWR,CP1,07-01-76,11-09-85,,921.0,5/24/15 7:51,WNA/IAEA,837.0,PWR
386,Kola-1,67.467,32.491,Russia,RU,Operational,PWR,VVER V-230,05-01-70,12-28-73,,411.0,5/24/15 7:51,WNA/IAEA,453.0,PWR
387,Kola-2,67.467,32.491,Russia,RU,Operational,PWR,VVER V-230,05-01-70,02-21-75,,411.0,5/24/15 7:51,WNA/IAEA,460.0,PWR
388,Kola-3,67.467,32.491,Russia,RU,Operational,PWR,VVER V-213,04-01-77,12-03-82,,411.0,5/24/15 7:51,WNA/IAEA,491.0,PWR
389,Kola-4,67.467,32.491,Russia,RU,Operational,PWR,VVER V-213,08-01-76,12-06-84,,411.0,5/24/15 7:51,WNA/IAEA,492.0,PWR
390,Kori-1,35.321,129.295,South Korea,KR,Shutdown,PWR,WH 60,08-01-72,04-29-78,06-18-17,558.0,9/25/17 6:19,WNA/IAEA,394.0,PWR
391,Kori-2,35.321,129.295,South Korea,KR,Operational,PWR,WH F,12-23-77,07-25-83,,618.0,4/21/22 23:26,WNA/IAEA,405.0,PWR
392,Kori-3,35.321,129.295,South Korea,KR,Operational,PWR,WH F,10-01-79,09-30-85,,1001.0,4/21/22 23:26,WNA/IAEA,409.0,PWR
393,Kori-4,35.321,129.295,South Korea,KR,Operational,PWR,WH F,04-01-80,04-29-86,,1012.0,4/20/21 5:47,WNA/IAEA,410.0,PWR
394,Kozloduy-1,43.744,23.776,Bulgaria,BG,Shutdown,PWR,VVER V-230,04-01-70,10-28-74,12-31-02,408.0,5/24/15 7:50,WNA/IAEA,16.0,PWR
395,Kozloduy-2,43.744,23.776,Bulgaria,BG,Shutdown,PWR,VVER V-230,04-01-70,11-10-75,12-31-02,408.0,5/24/15 7:50,WNA/IAEA,17.0,PWR
396,Kozloduy-3,43.744,23.776,Bulgaria,BG,Shutdown,PWR,VVER V-230,10-01-73,01-20-81,12-31-06,408.0,5/24/15 7:50,WNA/IAEA,18.0,PWR
397,Kozloduy-4,43.744,23.776,Bulgaria,BG,Shutdown,PWR,VVER V-230,10-01-73,06-20-82,12-31-06,408.0,5/24/15 7:50,WNA/IAEA,19.0,PWR
398,Kozloduy-5,43.744,23.776,Bulgaria,BG,Operational,PWR,VVER V-320,07-09-80,12-23-88,,953.0,4/21/22 23:26,WNA/IAEA,20.0,PWR
399,Kozloduy-6,43.744,23.776,Bulgaria,BG,Operational,PWR,VVER V-320,04-01-82,12-30-93,,1003.0,4/18/20 7:46,WNA/IAEA,21.0,PWR
400,Krsko,45.939,15.516,Slovenia,SI,Operational,PWR,WH 2LP,03-30-75,01-01-83,,632.0,2/11/17 1:57,WNA/IAEA,542.0,PWR
401,Kruemmel,53.41,10.41,Germany,DE,Shutdown,BWR,BWR-69,04-05-74,03-28-84,08-06-11,1260.0,5/24/15 7:50,WNA/IAEA,94.0,BWR
402,Kudankulam-1,8.167,77.713,India,IN,Operational,PWR,VVER V-412,03-31-02,12-31-14,,917.0,5/24/15 7:51,WNA/IAEA,852.0,PWR
403,Kudankulam-2,8.167,77.713,India,IN,Operational,PWR,VVER V-412,07-04-02,03-31-17,,917.0,9/25/17 6:20,WNA/IAEA,853.0,PWR
404,Kudankulam-3,8.16705,77.708,India,IN,Under Construction,PWR,VVER V-412,06-29-17,,,917.0,9/25/17 6:20,WNA/IAEA,1059.0,PWR
405,Kudankulam-4,8.16666,77.708,India,IN,Under Construction,PWR,VVER V-412,10-23-17,,,917.0,7/1/18 4:21,WNA/IAEA,1060.0,PWR
406,Kudankulam-5,8.16627,77.708,India,IN,Under Construction,PWR,VVERV412,06-29-21,,,917.0,9/25/22 1:33,WNA/IAEA,1108.0,PWR
407,Kudankulam-6,8.16588,77.708,India,IN,Under Construction,PWR,VVERV412,12-20-21,,,917.0,9/25/22 1:33,WNA/IAEA,1109.0,PWR
412,Kuosheng-1,25.203,121.662,Taiwan,TW,Shutdown,BWR,BWR-6,11-19-75,12-28-81,12-28-21,948.0,4/21/22 23:26,WNA/IAEA,556.0,BWR
413,Kuosheng-2,25.203,121.662,Taiwan,TW,Shutdown,BWR,BWR-6,03-15-76,03-16-83,03-15-23,948.0,8/28/23 11:01,WNA/IAEA,557.0,BWR
414,Kursk-1,51.674,35.607,Russia,RU,Shutdown,LWGR,RBMK-1000,06-01-72,10-12-77,12-19-21,925.0,9/25/22 1:33,WNA/IAEA,476.0,LWGR
415,Kursk-2,51.674,35.607,Russia,RU,Operational,LWGR,RBMK-1000,01-01-73,08-17-79,,925.0,5/24/15 7:51,WNA/IAEA,485.0,LWGR
416,Kursk-3,51.674,35.607,Russia,RU,Operational,LWGR,RBMK-1000,04-01-78,03-30-84,,925.0,5/24/15 7:51,WNA/IAEA,497.0,LWGR
417,Kursk-4,51.674,35.607,Russia,RU,Operational,LWGR,RBMK-1000,05-01-81,02-05-86,,925.0,5/24/15 7:51,WNA/IAEA,498.0,LWGR
418,LaCrosse,43.559,-91.23,United States,US,Shutdown,BWR,,03-01-63,11-07-69,04-30-87,50.0,5/24/15 7:51,WNA/IAEA,710.0,BWR
419,Laguna Verde-1,19.719,-96.405,Mexico,MX,Operational,BWR,BWR-5,09-30-76,07-28-90,,780.0,4/21/22 23:26,WNA/IAEA,420.0,BWR
420,Laguna Verde-2,19.719,-96.405,Mexico,MX,Operational,BWR,BWR-5,06-01-77,04-10-95,,780.0,3/9/16 20:43,WNA/IAEA,421.0,BWR
421,LaSalle-1,41.246,-88.672,United States,US,Operational,BWR,BWR-5 (Mark 2),09-10-73,01-01-84,,1078.0,5/24/15 7:51,WNA/IAEA,692.0,BWR
422,LaSalle-2,41.246,-88.672,United States,US,Operational,BWR,BWR-5 (Mark 2),09-10-73,10-19-84,,1078.0,5/24/15 7:51,WNA/IAEA,693.0,BWR
423,Latina,41.427,12.808,Italy,IT,Shutdown,GCR,MAGNOX,11-01-58,01-01-64,12-01-87,200.0,5/24/15 7:51,WNA/IAEA,318.0,GCR
424,Leibstadt,47.601,8.183,Switzerland,CH,Operational,BWR,BWR-6,01-01-74,12-15-84,,960.0,5/24/15 7:50,WNA/IAEA,59.0,BWR
425,Leningrad 2-1,59.837,29.039,Russia,RU,Operational,PWR,VVER V-491,10-25-08,10-29-18,,1066.0,11-22-19,WNA/IAEA,900.0,PWR
426,Leningrad 2-2,59.837,29.039,Russia,RU,Operational,PWR,VVER V-491,04-15-10,03-18-21,,1066.0,4/30/21 0:49,WNA/IAEA,901.0,PWR
427,Leningrad 2-3,59.837,29.039,Russia,RU,Planned,PWR,VVER V-491,,,,1085.0,,Wikipedia,,PWR
428,Leningrad 2-4,59.837,29.039,Russia,RU,Planned,PWR,VVER V-491,,,,1085.0,,Wikipedia,,PWR
429,Leningrad-1,59.837,29.039,Russia,RU,Shutdown,LWGR,RBMK-1000,03-01-70,11-01-74,12-22-18,925.0,6/2/19 23:19,WNA/IAEA,474.0,LWGR
430,Leningrad-2,59.837,29.039,Russia,RU,Shutdown,LWGR,RBMK-1000,06-01-70,02-11-76,11-10-20,925.0,1/6/21 3:19,WNA/IAEA,475.0,LWGR
431,Leningrad-3,59.837,29.039,Russia,RU,Operational,LWGR,RBMK-1000,12-01-73,06-29-80,,925.0,5/24/15 7:51,WNA/IAEA,493.0,LWGR
432,Leningrad-4,59.837,29.039,Russia,RU,Operational,LWGR,RBMK-1000,02-01-75,08-29-81,,925.0,5/24/15 7:51,WNA/IAEA,494.0,LWGR
435,Limerick-1,40.225,-75.584,United States,US,Operational,BWR,BWR-4 (Mark 2),06-19-74,02-01-86,,1055.0,5/24/15 7:51,WNA/IAEA,678.0,BWR
436,Limerick-2,40.225,-75.584,United States,US,Operational,BWR,BWR-4 (Mark 2),06-19-74,01-08-90,,1055.0,5/24/15 7:51,WNA/IAEA,679.0,BWR
437,Lingao-1,22.606,114.55,China,CN,Operational,PWR,M310,05-15-97,05-28-02,,950.0,5/24/15 7:50,WNA/IAEA,67.0,PWR
438,Lingao-2,22.606,114.55,China,CN,Operational,PWR,M310,11-28-97,01-08-03,,950.0,5/24/15 7:50,WNA/IAEA,68.0,PWR
439,Lingao-3,22.609,114.552,China,CN,Operational,PWR,CPR-1000,12-15-05,09-15-10,,1007.0,5/24/15 7:51,WNA/IAEA,878.0,PWR
440,Lingao-4,22.609,114.552,China,CN,Operational,PWR,CPR-1000,06-15-06,08-07-11,,1007.0,5/24/15 7:51,WNA/IAEA,875.0,PWR
441,Lingen,52.483,7.302,Germany,DE,Shutdown,BWR,BWR with fossil fuel-fired superheater,10-01-64,10-01-68,01-05-77,183.0,2/14/21 5:47,WNA/IAEA,133.0,BWR
444,Loviisa-1,60.372,26.342,Finland,FI,Operational,PWR,VVER V-213,05-01-71,05-09-77,,420.0,5/24/15 7:50,WNA/IAEA,157.0,PWR
445,Loviisa-2,60.372,26.342,Finland,FI,Operational,PWR,VVER V-213,08-01-72,01-05-81,,420.0,5/24/15 7:50,WNA/IAEA,158.0,PWR
446,Lucens,46.693,6.827,Switzerland,CH,Shutdown,HWGCR,HWGCR: 2-loops,04-01-62,,01-21-69,6.0,5/24/15 7:51,WNA/IAEA,966.0,GCR
447,Lungmen-1,25.038,121.924,Taiwan,TW,Suspended Construction,BWR,ABWR,03-31-99,,,1300.0,2/4/21 6:51,WNA/IAEA,560.0,BWR
448,Lungmen-2,25.038,121.924,Taiwan,TW,Suspended Construction,BWR,ABWR,08-30-99,,,1300.0,2/4/21 6:51,WNA/IAEA,561.0,BWR
449,Maanshan-1,25.038,121.924,Taiwan,TW,Operational,PWR,WH 3LP (WE 312),08-21-78,07-27-84,,936.0,4/20/21 5:47,WNA/IAEA,558.0,PWR
450,Maanshan-2,25.038,121.924,Taiwan,TW,Operational,PWR,WH 3LP (WE 312),02-21-79,05-18-85,,938.0,4/20/21 5:47,WNA/IAEA,559.0,PWR
451,Maine Yankee,43.951,-69.695,United States,US,Shutdown,PWR,,10-01-68,12-28-72,08-01-97,825.0,5/24/15 7:51,WNA/IAEA,649.0,PWR
452,McGuire-1,35.433,-80.946,United States,US,Operational,PWR,WH 4LP (ICECND),04-01-71,12-01-81,,1180.0,2/11/17 1:58,WNA/IAEA,690.0,PWR
453,McGuire-2,35.433,-80.946,United States,US,Operational,PWR,WH 4LP (ICECND),04-01-71,03-01-84,,1180.0,2/11/17 1:58,WNA/IAEA,691.0,PWR
454,Mihama-1,35.701,135.962,Japan,JP,Shutdown,PWR,WH 2LP,02-01-67,11-28-70,04-27-15,320.0,2/11/17 1:56,WNA/IAEA,366.0,PWR
455,Mihama-2,35.701,135.962,Japan,JP,Shutdown,PWR,M (2-loop),05-29-68,07-25-72,04-27-15,470.0,5/24/15 7:51,WNA/IAEA,386.0,PWR
456,Mihama-3,35.701,135.962,Japan,JP,Operational,PWR,M (3-loop),08-07-72,12-01-76,,780.0,5/24/15 7:51,WNA/IAEA,338.0,PWR
457,Millstone-1,41.312,-72.166,United States,US,Shutdown,BWR,,05-01-66,03-01-71,07-01-98,660.0,5/24/15 7:51,WNA/IAEA,610.0,BWR
458,Millstone-2,41.312,-72.166,United States,US,Operational,PWR,CE 2LP (DRYAMB),11-01-69,12-26-75,,870.0,2/11/17 1:58,WNA/IAEA,671.0,PWR
459,Millstone-3,41.312,-72.166,United States,US,Operational,PWR,WH 4LP (DRYSUB),08-09-74,04-23-86,,1159.0,2/11/17 1:59,WNA/IAEA,717.0,PWR
460,Mochovce-1,48.261,18.455,Slovakia,SK,Operational,PWR,VVER V-213,10-13-83,10-29-98,,408.0,10/1/21 3:14,WNA/IAEA,550.0,PWR
461,Mochovce-2,48.261,18.455,Slovakia,SK,Operational,PWR,VVER V-213,10-13-83,04-11-00,,408.0,10/1/21 3:14,WNA/IAEA,551.0,PWR
462,Mochovce-3,48.261,18.455,Slovakia,SK,Operational,PWR,VVER V-213,01-27-87,,,440.0,8/28/23 11:01,WNA/IAEA,544.0,PWR
463,Mochovce-4,48.261,18.455,Slovakia,SK,Under Construction,PWR,VVER V-213,01-27-87,,,440.0,5/24/15 7:51,WNA/IAEA,545.0,PWR
464,Monju,35.739,135.988,Japan,JP,Shutdown,FBR,,05-10-86,,12-05-17,246.0,3/10/18 16:51,WNA/IAEA,357.0,FBR
465,Monticello,45.334,-93.85,United States,US,Operational,BWR,BWR-3 (Mark 1),06-19-67,06-30-71,,545.0,2/11/17 1:58,WNA/IAEA,620.0,BWR
466,Muehleberg,46.969,7.266,Switzerland,CH,Shutdown,BWR,BWR-4,03-01-67,11-06-72,12-20-19,306.0,4/18/20 7:46,WNA/IAEA,56.0,BWR
467,Muelheim-Kaerlich,50.409,7.485,Germany,DE,Shutdown,PWR,PWR,01-15-75,08-18-87,09-09-88,1219.0,5/24/15 7:50,WNA/IAEA,96.0,PWR
468,Narora-1,28.156,78.409,India,IN,Operational,PHWR,Horizontal Pressure Tube type,12-01-76,01-01-91,,202.0,5/24/15 7:54,WNA/IAEA,306.0,PHWR
469,Narora-2,28.155,78.409,India,IN,Operational,PHWR,Horizontal Pressure Tube type,11-01-77,07-01-92,,202.0,5/24/15 7:54,WNA/IAEA,307.0,PHWR
470,Neckarwestheim-1,49.039,9.176,Germany,DE,Shutdown,PWR,PWR,02-01-72,12-01-76,08-06-11,805.0,5/24/15 7:50,WNA/IAEA,88.0,PWR
471,Neckarwestheim-2,49.039,9.176,Germany,DE,Shutdown,PWR,Konvoi,11-09-82,04-15-89,04-15-23,1225.0,8/28/23 11:01,WNA/IAEA,119.0,PWR
472,Niederaichbach,48.604,12.304,Germany,DE,Decommissioning Completed,HWGCR,pressure tube reactor,06-01-66,,07-31-74,100.0,12/30/22 4:21,WNA/IAEA,84.0,GCR
473,Nine Mile Point-1,43.522,-76.412,United States,US,Operational,BWR,BWR-2 (Mark 1),04-12-65,12-01-69,,620.0,5/24/15 7:51,WNA/IAEA,607.0,BWR
474,Nine Mile Point-2,43.522,-76.412,United States,US,Operational,BWR,BWR-5 (Mark 2),08-01-75,03-11-88,,1100.0,5/24/15 7:51,WNA/IAEA,711.0,BWR
475,Ningde-1,27.046,120.287,China,CN,Operational,PWR,CPR-1000,02-18-08,04-15-13,,1018.0,5/24/15 7:51,WNA/IAEA,921.0,PWR
476,Ningde-2,27.046,120.287,China,CN,Operational,PWR,CPR-1000,11-12-08,05-04-14,,1018.0,5/24/15 7:51,WNA/IAEA,922.0,PWR
477,Ningde-3,27.046,120.287,China,CN,Operational,PWR,CPR-1000,01-08-10,06-10-15,,1018.0,8/23/15 6:28,WNA/IAEA,923.0,PWR
478,Ningde-4,27.046,120.287,China,CN,Operational,PWR,CPR-1000,09-29-10,07-21-16,,1018.0,10/4/16 1:05,WNA/IAEA,924.0,PWR
479,Ningde-5,27.046,120.287,China,CN,Planned,PWR,CPR-1000,,,,,,WNA/Wikipedia,,PWR
480,Ningde-6,27.046,120.287,China,CN,Planned,PWR,CPR-1000,,,,,,WNA/Wikipedia,,PWR
481,Nizhny Novgorod-1,55.786863,42.37215,Russia,RU,Planned,PWR,,,,,,06-07-21,WNA,,PWR
482,Nizhny Novgorod-2,55.787102,42.37215,Russia,RU,Planned,PWR,,,,,,06-07-21,WNA,,PWR
483,Nogent-1,48.517,3.52,France,FR,Operational,PWR,P4 REP 1300,05-26-81,02-24-88,,1310.0,5/24/15 7:51,WNA/IAEA,215.0,PWR
484,Nogent-2,48.517,3.52,France,FR,Operational,PWR,P4 REP 1300,01-01-82,05-01-89,,1310.0,5/24/15 7:51,WNA/IAEA,216.0,PWR
485,North Anna-1,38.061,-77.792,United States,US,Operational,PWR,WH 3LP (DRYSUB),02-19-71,06-06-78,,907.0,2/11/17 1:58,WNA/IAEA,672.0,PWR
486,North Anna-2,38.061,-77.792,United States,US,Operational,PWR,WH 3LP (DRYSUB),02-19-71,12-14-80,,907.0,2/11/17 1:58,WNA/IAEA,673.0,PWR
487,Novovoronezh 2-1,51.273,39.197,Russia,RU,Operational,PWR,VVER V-392M,06-24-08,02-27-17,,1114.0,11-22-19,WNA/IAEA,898.0,PWR
488,Novovoronezh 2-2,51.273,39.197,Russia,RU,Operational,PWR,VVER V-392M,07-12-09,10-31-19,,1114.0,4/18/20 7:46,WNA/IAEA,899.0,PWR
489,Novovoronezh-1,51.275,39.206,Russia,RU,Shutdown,PWR,VVER V-210,07-01-57,12-31-64,02-16-88,197.0,7/1/18 4:21,WNA/IAEA,499.0,PWR
490,Novovoronezh-2,51.275,39.206,Russia,RU,Shutdown,PWR,VVER V-365,06-01-64,04-14-70,08-29-90,336.0,7/1/18 4:21,WNA/IAEA,513.0,PWR
491,Novovoronezh-3,51.275,39.206,Russia,RU,Shutdown,PWR,VVER V-179,07-01-67,06-29-72,12-25-16,385.0,2/11/17 1:57,WNA/IAEA,519.0,PWR
492,Novovoronezh-4,51.275,39.206,Russia,RU,Operational,PWR,VVER V-179,07-01-67,03-24-73,,385.0,5/24/15 7:51,WNA/IAEA,448.0,PWR
493,Novovoronezh-5,52.381,39.211,Russia,RU,Operational,PWR,VVER V-187,03-01-74,02-20-81,,950.0,5/24/15 7:51,WNA/IAEA,483.0,PWR
494,Obrigheim,49.365,9.077,Germany,DE,Shutdown,PWR,,03-15-65,03-31-69,05-11-05,283.0,5/24/15 7:50,WNA/IAEA,121.0,PWR
495,Oconee-1,34.796,-82.894,United States,US,Operational,PWR,B&W LLP (DRYAMB),11-06-67,07-15-73,,887.0,2/11/17 1:58,WNA/IAEA,624.0,PWR
496,Oconee-2,34.796,-82.894,United States,US,Operational,PWR,B&W LLP (DRYAMB),11-06-67,09-09-74,,887.0,2/11/17 1:58,WNA/IAEA,625.0,PWR
497,Oconee-3,34.796,-82.894,United States,US,Operational,PWR,B&W LLP (DRYAMB),11-06-67,12-16-74,,887.0,2/11/17 1:58,WNA/IAEA,636.0,PWR
498,Ohi-1,35.544,135.652,Japan,JP,Shutdown,PWR,WH 4LP,10-26-72,03-27-79,03-01-18,1120.0,6/2/19 23:19,WNA/IAEA,339.0,PWR
499,Ohi-2,35.544,135.652,Japan,JP,Shutdown,PWR,WH 4LP,12-08-72,12-05-79,03-01-18,1120.0,6/2/19 23:19,WNA/IAEA,343.0,PWR
500,Ohi-3,35.544,135.652,Japan,JP,Operational,PWR,M (4-loop),10-03-87,12-18-91,,1127.0,5/24/15 7:51,WNA/IAEA,378.0,PWR
501,Ohi-4,35.544,135.652,Japan,JP,Operational,PWR,M (4-loop),06-13-88,02-02-93,,1127.0,5/24/15 7:51,WNA/IAEA,379.0,PWR
502,Ohma,41.507,140.909,Japan,JP,Under Construction,BWR,ABWR,05-07-10,,,1328.0,2/11/17 1:59,WNA/IAEA,867.0,BWR
503,Oldbury-A1,51.649,-2.567,United Kingdom,GB,Shutdown,GCR,MAGNOX,05-01-62,12-31-67,02-29-12,300.0,5/24/15 7:51,WNA/IAEA,237.0,GCR
504,Oldbury-A2,51.649,-2.567,United Kingdom,GB,Shutdown,GCR,MAGNOX,05-01-62,09-30-68,06-30-11,300.0,5/24/15 7:51,WNA/IAEA,238.0,GCR
505,Olkiluoto-1,61.235,21.444,Finland,FI,Operational,BWR,"AA-III, BWR-2500",02-01-74,10-10-79,,660.0,3/10/18 16:51,WNA/IAEA,159.0,BWR
506,Olkiluoto-2,61.235,21.444,Finland,FI,Operational,BWR,"AA-III, BWR-2500",11-01-75,07-10-82,,660.0,3/10/18 16:51,WNA/IAEA,160.0,BWR
507,Olkiluoto-3,61.234,21.435,Finland,FI,Operational,PWR,EPR,08-12-05,,,1600.0,4/21/22 23:26,WNA/IAEA,860.0,PWR
508,Olkiluoto-4,61.234352,21.436287,Finland,FI,Planned,,,,,,,,WNA,,OTHER
509,Onagawa-1,38.4,141.504,Japan,JP,Shutdown,BWR,BWR-4,07-08-80,06-01-84,12-21-18,498.0,2/14/21 5:47,WNA/IAEA,347.0,BWR
510,Onagawa-2,38.4,141.504,Japan,JP,Suspended Operation,BWR,BWR-5,04-12-91,07-28-95,,796.0,8/28/23 11:01,WNA/IAEA,382.0,BWR
511,Onagawa-3,38.4,141.504,Japan,JP,Suspended Operation,BWR,BWR-5,01-23-98,01-30-02,,796.0,12/30/22 4:21,WNA/IAEA,385.0,BWR
512,Oskarshamn-1,57.415,16.666,Sweden,SE,Shutdown,BWR,AA-I,08-01-66,02-06-72,06-19-17,440.0,3/10/18 16:51,WNA/IAEA,534.0,BWR
513,Oskarshamn-2,57.415,16.666,Sweden,SE,Shutdown,BWR,AA-II,09-01-69,01-01-75,12-22-16,580.0,3/10/18 16:51,WNA/IAEA,535.0,BWR
514,Oskarshamn-3,57.415,16.666,Sweden,SE,Operational,BWR,"AA-IV, BWR-3000",05-01-80,08-15-85,,1050.0,3/10/18 16:51,WNA/IAEA,531.0,BWR
515,Oyster Creek,39.815,-74.208,United States,US,Shutdown,BWR,BWR-2 (Mark 1),12-15-64,12-01-69,09-17-18,650.0,10/14/18 1:30,WNA/IAEA,606.0,BWR
516,Paks-1,46.574,18.855,Hungary,HU,Operational,PWR,VVER V-213,08-01-74,08-10-83,,408.0,5/24/15 7:51,WNA/IAEA,278.0,PWR
517,Paks-2,46.574,18.855,Hungary,HU,Operational,PWR,VVER V-213,08-01-74,11-14-84,,410.0,5/24/15 7:51,WNA/IAEA,279.0,PWR
518,Paks-3,46.574,18.855,Hungary,HU,Operational,PWR,VVER V-213,10-01-79,12-01-86,,410.0,5/24/15 7:51,WNA/IAEA,280.0,PWR
519,Paks-4,46.574,18.855,Hungary,HU,Operational,PWR,VVER V-213,10-01-79,11-01-87,,410.0,5/24/15 7:51,WNA/IAEA,281.0,PWR
520,Palisades,42.323,-86.316,United States,US,Shutdown,PWR,CE 2LP (DRYAMB),03-12-67,,05-20-22,805.0,9/25/22 1:33,WNA/IAEA,616.0,PWR
521,Palo Verde-1,33.387,-112.863,United States,US,Operational,PWR,CE80 2LP (DRYAMB),05-25-76,01-28-86,,1221.0,2/11/17 1:59,WNA/IAEA,789.0,PWR
522,Palo Verde-2,33.387,-112.863,United States,US,Operational,PWR,CE80 2LP (DRYAMB),06-01-76,09-19-86,,1304.0,2/11/17 1:59,WNA/IAEA,790.0,PWR
523,Palo Verde-3,33.387,-112.863,United States,US,Operational,PWR,CE80 2LP (DRYAMB),06-01-76,01-08-88,,1304.0,2/11/17 1:59,WNA/IAEA,791.0,PWR
524,Paluel-1,49.857,0.635,France,FR,Operational,PWR,P4 REP 1300,08-15-77,12-01-85,,1330.0,5/24/15 7:50,WNA/IAEA,191.0,PWR
525,Paluel-2,49.857,0.635,France,FR,Operational,PWR,P4 REP 1300,01-01-78,12-01-85,,1330.0,5/24/15 7:50,WNA/IAEA,192.0,PWR
526,Paluel-3,49.857,0.635,France,FR,Operational,PWR,P4 REP 1300,02-01-79,02-01-86,,1330.0,5/24/15 7:50,WNA/IAEA,193.0,PWR
527,Paluel-4,49.857,0.635,France,FR,Operational,PWR,P4 REP 1300,02-01-80,06-01-86,,1330.0,5/24/15 7:50,WNA/IAEA,194.0,PWR
528,Pathfinder,43.603,-96.636,United States,US,Shutdown,BWR,Prototype,01-01-59,08-01-66,10-01-67,59.0,2/11/17 1:57,WNA/IAEA,598.0,BWR
529,Peach Bottom-1,39.759,-76.27,United States,US,Shutdown,HTGR,,02-01-62,06-01-67,11-01-74,40.0,5/24/15 7:51,WNA/IAEA,603.0,OTHER
530,Peach Bottom-2,39.759,-76.27,United States,US,Operational,BWR,BWR-4 (Mark 1),01-31-68,07-05-74,,1065.0,5/24/15 7:51,WNA/IAEA,629.0,BWR
531,Peach Bottom-3,39.759,-76.27,United States,US,Operational,BWR,BWR-4 (Mark 1),01-31-68,12-23-74,,1065.0,5/24/15 7:51,WNA/IAEA,630.0,BWR
534,Penly-1,49.975,1.215,France,FR,Operational,PWR,P4 REP 1300,09-01-82,12-01-90,,1330.0,5/24/15 7:51,WNA/IAEA,221.0,PWR
535,Penly-2,49.975,1.215,France,FR,Operational,PWR,P4 REP 1300,08-01-84,11-01-92,,1330.0,5/24/15 7:51,WNA/IAEA,222.0,PWR
536,Penly-3,49.977611,1.21409,France,FR,Planned,PWR,,,,,,,WNA,,PWR
537,Perry-1,41.801,-81.147,United States,US,Operational,BWR,BWR-6 (Mark 3),10-01-74,11-18-87,,1205.0,5/24/15 7:51,WNA/IAEA,725.0,BWR
538,Phenix,44.142,4.712,France,FR,Shutdown,FBR,PH-250,11-01-68,07-14-74,02-01-10,233.0,5/24/15 7:50,WNA/IAEA,162.0,FBR
539,Philippsburg-1,49.253,8.432,Germany,DE,Shutdown,BWR,BWR-69,10-01-70,03-26-80,08-06-11,864.0,5/24/15 7:50,WNA/IAEA,87.0,BWR
540,Philippsburg-2,49.253,8.432,Germany,DE,Shutdown,PWR,PWR,07-07-77,04-18-85,12-31-19,1268.0,4/18/20 7:46,WNA/IAEA,98.0,PWR
541,Pickering-1,43.812,-79.07,Canada,CA,Operational,PHWR,CANDU 500A,06-01-66,07-29-71,,508.0,5/24/15 7:50,WNA/IAEA,49.0,PHWR
542,Pickering-2,43.812,-79.07,Canada,CA,Shutdown,PHWR,CANDU 500A,09-01-66,12-30-71,05-28-07,508.0,5/24/15 7:50,WNA/IAEA,50.0,PHWR
543,Pickering-3,43.812,-79.07,Canada,CA,Shutdown,PHWR,CANDU 500A,12-01-67,06-01-72,10-31-08,508.0,5/24/15 7:50,WNA/IAEA,51.0,PHWR
544,Pickering-4,43.812,-79.07,Canada,CA,Operational,PHWR,CANDU 500A,05-01-68,06-17-73,,508.0,5/24/15 7:50,WNA/IAEA,52.0,PHWR
545,Pickering-5,43.812,-79.07,Canada,CA,Operational,PHWR,CANDU 500B,11-01-74,05-10-83,,516.0,5/24/15 7:50,WNA/IAEA,33.0,PHWR
546,Pickering-6,43.812,-79.07,Canada,CA,Operational,PHWR,CANDU 500B,10-01-75,02-01-84,,516.0,5/24/15 7:50,WNA/IAEA,34.0,PHWR
547,Pickering-7,43.812,-79.07,Canada,CA,Operational,PHWR,CANDU 500B,03-01-76,01-01-85,,516.0,5/24/15 7:50,WNA/IAEA,35.0,PHWR
548,Pickering-8,43.812,-79.07,Canada,CA,Operational,PHWR,CANDU 500B,09-01-76,02-28-86,,516.0,5/24/15 7:50,WNA/IAEA,36.0,PHWR
549,Pilgrim-1,41.945,-70.578,United States,US,Shutdown,BWR,BWR-3 (Mark 1),08-26-68,12-01-72,05-31-19,655.0,11-22-19,WNA/IAEA,639.0,BWR
550,Piqua,40.132222,-84.234722,United States,US,Shutdown,OCR,OCM (Organically Cooled and Moderated Reactor),01-01-60,11-01-63,01-01-66,11.0,5/24/15 7:54,IAEA,894.0,OTHER
551,Point Beach-1,44.282,-87.534,United States,US,Operational,PWR,WH 2LP (DRYAMB),07-19-67,12-21-70,,497.0,2/11/17 1:58,WNA/IAEA,622.0,PWR
552,Point Beach-2,44.282,-87.534,United States,US,Operational,PWR,WH 2LP (DRYAMB),07-25-68,10-01-72,,497.0,2/11/17 1:58,WNA/IAEA,644.0,PWR
553,Point Lepreau,45.068,-66.455,Canada,CA,Operational,PHWR,CANDU 6,05-01-75,02-01-83,,660.0,5/24/15 7:50,WNA/IAEA,37.0,PHWR
554,Point Lepreau 2,45.068,-66.4546,Canada,CA,Planned,,,,,,,,WNA,,OTHER
555,Prairie Island-1,44.622,-92.631,United States,US,Operational,PWR,WH 2LP (DRYAMB),06-25-68,12-16-73,,530.0,2/11/17 1:58,WNA/IAEA,633.0,PWR
556,Prairie Island-2,44.622,-92.631,United States,US,Operational,PWR,WH 2LP (DRYAMB),06-25-69,12-21-74,,530.0,2/11/17 1:58,WNA/IAEA,648.0,PWR
557,Qinshan-1,30.44,120.95,China,CN,Operational,PWR,CNP-300,03-20-85,04-01-94,,289.0,8/28/23 11:01,WNA/IAEA,62.0,PWR
558,Qinshan-2-1 (Qinshan 2),30.44,120.95,China,CN,Operational,PWR,CNP-600,06-02-96,04-15-02,,610.0,5/24/15 7:50,WNA/IAEA,65.0,PWR
559,Qinshan-2-2 (Qinshan 3),30.44,120.95,China,CN,Operational,PWR,CNP-600,04-01-97,05-03-04,,610.0,5/24/15 7:50,WNA/IAEA,66.0,PWR
560,Qinshan-2-3 (Qinshan 4),30.44,120.95,China,CN,Operational,PWR,CNP-600,04-28-06,10-05-10,,619.0,5/24/15 7:51,WNA/IAEA,876.0,PWR
561,Qinshan-2-4 (Qinshan 5),30.44,120.95,China,CN,Operational,PWR,CNP-600,01-28-07,12-30-11,,619.0,5/24/15 7:51,WNA/IAEA,877.0,PWR
562,Qinshan-3-1 (Qinshan 6),30.44,120.95,China,CN,Operational,PHWR,CANDU 6,06-08-98,12-31-02,,677.0,5/24/15 7:50,WNA/IAEA,69.0,PHWR
563,Qinshan-3-2 (Qinshan 7),30.44,120.95,China,CN,Operational,PHWR,CANDU 6,09-25-98,07-24-03,,677.0,5/24/15 7:51,WNA/IAEA,840.0,PHWR
564,Quad Cities-1,41.727,-90.308,United States,US,Operational,BWR,BWR-3 (Mark 1),02-15-67,02-18-73,,789.0,5/24/15 7:51,WNA/IAEA,615.0,BWR
565,Quad Cities-2,41.727,-90.308,United States,US,Operational,BWR,BWR-3 (Mark 1),02-15-67,03-10-73,,789.0,5/24/15 7:51,WNA/IAEA,621.0,BWR
566,R. E. Ginna,43.279,-77.311,United States,US,Operational,PWR,WH 2LP (DRYAMB),04-25-66,07-01-70,,470.0,2/11/17 1:57,WNA/IAEA,609.0,PWR
567,Rajasthan-1,24.876,75.608,India,IN,Suspended Operation,PHWR,Horizontal Pressure Tube type,08-01-65,12-16-73,,207.0,9/25/22 1:33,WNA/IAEA,302.0,PHWR
568,Rajasthan-2,24.876,75.608,India,IN,Operational,PHWR,Horizontal Pressure Tube type,04-01-68,04-01-81,,207.0,5/24/15 7:54,WNA/IAEA,303.0,PHWR
569,Rajasthan-3,24.876,75.608,India,IN,Operational,PHWR,Horizontal Pressure Tube type,02-01-90,06-01-00,,202.0,5/24/15 7:54,WNA/IAEA,287.0,PHWR
570,Rajasthan-4,24.876,75.608,India,IN,Operational,PHWR,Horizontal Pressure Tube type,10-01-90,12-23-00,,202.0,5/24/15 7:54,WNA/IAEA,288.0,PHWR
571,Rajasthan-5,24.876,75.608,India,IN,Operational,PHWR,Horizontal Pressure Tube type,09-18-02,02-04-10,,202.0,5/24/15 7:54,WNA/IAEA,295.0,PHWR
572,Rajasthan-6,24.876,75.608,India,IN,Operational,PHWR,Horizontal Pressure Tube type,01-20-03,03-31-10,,202.0,5/24/15 7:54,WNA/IAEA,297.0,PHWR
573,Rajasthan-7,24.876,75.608,India,IN,Under Construction,PHWR,Horizontal Pressure Tube type,07-18-11,,,630.0,5/24/15 7:54,WNA/IAEA,298.0,PHWR
574,Rajasthan-8,24.876,75.608,India,IN,Under Construction,PHWR,Horizontal Pressure Tube type,09-30-11,,,630.0,5/24/15 7:54,WNA/IAEA,299.0,PHWR
575,Rancho Seco-1,38.345,-121.12,United States,US,Shutdown,PWR,PWR,04-01-69,04-17-75,06-07-89,918.0,4/21/22 23:26,WNA/IAEA,651.0,PWR
576,Rheinsberg,53.147,12.991,Germany,DE,Shutdown,PWR,VVER-70,01-01-60,10-11-66,06-01-90,62.0,5/24/15 7:50,WNA/IAEA,122.0,PWR
577,Ringhals-1,57.259,12.111,Sweden,SE,Shutdown,BWR,AA-I,02-01-69,01-01-76,12-31-20,881.0,2/14/21 5:47,WNA/IAEA,536.0,BWR
578,Ringhals-2,57.259,12.111,Sweden,SE,Shutdown,PWR,WH 3LP,10-01-70,05-01-75,12-31-19,820.0,4/18/20 7:46,WNA/IAEA,537.0,PWR
579,Ringhals-3,57.259,12.111,Sweden,SE,Operational,PWR,WH 3LP,09-01-72,09-09-81,,915.0,8/28/23 11:01,WNA/IAEA,539.0,PWR
580,Ringhals-4,57.259,12.111,Sweden,SE,Operational,PWR,WH 3LP,11-01-73,11-21-83,,1130.0,4/20/21 5:47,WNA/IAEA,529.0,PWR
581,River Bend-1,30.727,-91.372,United States,US,Operational,BWR,BWR-6 (Mark 3),03-25-77,06-16-86,,966.0,5/24/15 7:51,WNA/IAEA,739.0,BWR
582,Rolphton NPD,46.201,-77.705,Canada,CA,Shutdown,PHWR,CANDU,01-01-58,10-01-62,08-01-87,17.0,5/24/15 7:50,WNA/IAEA,29.0,PHWR
583,Rostov-1 (Volgodonsk-1),47.599,42.373,Russia,RU,Operational,PWR,VVER V-320,09-01-81,12-25-01,,950.0,5/24/15 7:51,WNA/IAEA,502.0,PWR
584,Rostov-2 (Volgodonsk-2),47.599,42.373,Russia,RU,Operational,PWR,VVER V-320,05-01-83,12-10-10,,950.0,5/24/15 7:51,WNA/IAEA,505.0,PWR
585,Rostov-3 (Volgodonsk-3),47.599,42.373,Russia,RU,Operational,PWR,VVER V-320,09-15-09,09-17-15,,950.0,2/11/17 1:57,WNA/IAEA,506.0,PWR
586,Rostov-4 (Volgodonsk-4),47.599,42.373,Russia,RU,Operational,PWR,VVER V-320,06-16-10,09-28-18,,950.0,6/2/19 23:19,WNA/IAEA,507.0,PWR
587,Rivne-1,51.326,25.9,Ukraine,UA,Operational,PWR,VVER V-213,08-01-73,09-22-81,,361.0,8/28/23 11:51,WNA/IAEA,570.0,PWR
588,Rivne-2,51.326,25.9,Ukraine,UA,Operational,PWR,VVER V-213,10-01-73,07-29-82,,384.0,8/28/23 11:51,WNA/IAEA,571.0,PWR
589,Rivne-3,51.326,25.9,Ukraine,UA,Operational,PWR,VVER V-320,02-01-80,05-16-87,,950.0,8/28/23 11:51,WNA/IAEA,572.0,PWR
590,Rivne-4,51.326,25.9,Ukraine,UA,Operational,PWR,VVER V-320,08-01-86,04-06-06,,950.0,8/28/23 11:51,WNA/IAEA,589.0,PWR
591,Salem-1,39.463,-75.534,United States,US,Operational,PWR,WH 4LP (DRYAMB),09-25-68,06-30-77,,1090.0,2/11/17 1:58,WNA/IAEA,627.0,PWR
592,Salem-2,39.463,-75.534,United States,US,Operational,PWR,WH 4LP (DRYAMB),09-25-68,10-13-81,,1115.0,2/11/17 1:58,WNA/IAEA,650.0,PWR
593,San Onofre-1,33.368,-117.556,United States,US,Shutdown,PWR,PWR,05-01-64,01-01-68,11-30-92,436.0,4/21/22 23:26,WNA/IAEA,604.0,PWR
594,San Onofre-2,33.368,-117.556,United States,US,Shutdown,PWR,CE (2-loop) DRYAMB,03-01-74,08-08-83,06-07-13,1070.0,5/24/15 7:54,WNA/IAEA,683.0,PWR
595,San Onofre-3,33.368,-117.556,United States,US,Shutdown,PWR,CE (2-loop) DRYAMB,03-01-74,04-01-84,06-07-13,1070.0,5/24/15 7:54,WNA/IAEA,684.0,PWR
596,Sanmen-1,29.101,121.642,China,CN,Operational,PWR,AP-1000,04-19-09,09-21-18,,1157.0,10/14/18 1:30,WNA/IAEA,879.0,PWR
597,Sanmen-2,29.101,121.642,China,CN,Operational,PWR,AP-1000,12-15-09,11-05-18,,1157.0,6/2/19 23:19,WNA/IAEA,880.0,PWR
598,Sanmen-3,29.101111,121.651944,China,CN,Under Construction,PWR,CAP1000,06-28-22,,,1163.0,9/25/22 1:33,WNA/IAEA,995.0,PWR
599,Sanmen-4,29.101111,121.656944,China,CN,Under Construction,PWR,CAP1000,03-22-23,,,1163.0,8/28/23 11:01,WNA/IAEA,996.0,PWR
602,Santa Maria de Garona,42.775,-3.205,Spain,ES,Shutdown,BWR,BWR-3,09-01-66,05-11-71,08-02-17,440.0,9/25/17 6:19,WNA/IAEA,149.0,BWR
603,Saxton,40.226944,-78.241944,United States,US,Shutdown,PWR,25,01-01-60,,05-01-72,3.0,4/21/22 23:26,IAEA,892.0,PWR
604,Seabrook-1,42.897,-70.849,United States,US,Operational,PWR,WH 4LP (DRYAMB),07-07-76,08-19-90,,1149.0,2/11/17 1:59,WNA/IAEA,727.0,PWR
605,Sendai-1,31.834,130.193,Japan,JP,Operational,PWR,M (3-loop),12-15-79,07-04-84,,846.0,5/24/15 7:51,WNA/IAEA,353.0,PWR
606,Sendai-2,31.834,130.193,Japan,JP,Operational,PWR,M (3-loop),10-12-81,11-28-85,,846.0,5/24/15 7:51,WNA/IAEA,363.0,PWR
608,Sequoyah-1,35.228,-85.094,United States,US,Operational,PWR,WH 4LP (ICECND),05-27-70,07-01-81,,1148.0,2/11/17 1:58,WNA/IAEA,663.0,PWR
609,Sequoyah-2,35.228,-85.094,United States,US,Operational,PWR,WH 4LP (ICECND),05-27-70,06-01-82,,1148.0,2/11/17 1:58,WNA/IAEA,664.0,PWR
615,Shearon Harris-1,35.635,-78.955,United States,US,Operational,PWR,WH 3LP (DRYAMB),01-28-78,05-02-87,,900.0,2/11/17 1:58,WNA/IAEA,704.0,PWR
616,Shidao Bay-1,36.979167,122.530556,China,CN,Operational,HTGR,HTR-PM,12-09-12,,,200.0,1/5/22 2:04,IAEA/wikipedia,957.0,OTHER
617,Shika-1,37.061,136.728,Japan,JP,Suspended Operation,BWR,BWR-5,07-01-89,07-30-93,,505.0,12/30/22 4:24,WNA/IAEA,375.0,BWR
618,Shika-2,37.061,136.728,Japan,JP,Suspended Operation,BWR,ABWR,08-20-01,03-15-06,,1304.0,12/30/22 4:24,WNA/IAEA,842.0,BWR
619,Shimane-1,35.537,132.999,Japan,JP,Shutdown,BWR,BWR-3,07-02-70,03-29-74,04-30-15,439.0,5/24/15 7:51,WNA/IAEA,387.0,BWR
620,Shimane-2,35.537,132.999,Japan,JP,Suspended Operation,BWR,BWR-5,02-02-85,02-10-89,,789.0,8/28/23 11:01,WNA/IAEA,368.0,BWR
621,Shimane-3,35.537,132.999,Japan,JP,Under Construction,BWR,ABWR,10-24-06,,,1325.0,2/14/21 5:47,WNA/IAEA,862.0,BWR
622,Shin-Wolsong-1,35.722,129.479,South Korea,KR,Operational,PWR,OPR-1000,11-20-07,07-31-12,,950.0,4/21/22 23:26,WNA/IAEA,883.0,PWR
623,Shin-Wolsong-2,35.722,129.479,South Korea,KR,Operational,PWR,OPR-1000,09-23-08,07-24-15,,950.0,4/21/22 23:26,WNA/IAEA,884.0,PWR
624,Shin-Hanul-1,37.083889,129.391667,South Korea,KR,Operational,PWR,APR-1400,07-10-12,12-07-22,,1340.0,12/30/22 2:57,IAEA,887.0,PWR
625,Shin-Hanul-2,37.083889,129.391667,South Korea,KR,Under Construction,PWR,APR-1400,06-19-13,,,1340.0,5/24/15 7:51,IAEA,888.0,PWR
626,Shin-Kori-1,35.327,129.302,South Korea,KR,Operational,PWR,OPR-1000,06-16-06,02-28-11,,998.0,4/21/22 23:26,WNA/IAEA,864.0,PWR
627,Shin-Kori-2,35.327,129.302,South Korea,KR,Operational,PWR,OPR-1000,06-05-07,07-20-12,,995.0,4/21/22 23:26,WNA/IAEA,865.0,PWR
628,Saeul-1,35.327,129.302,South Korea,KR,Operational,PWR,APR-1400,10-16-08,12-20-16,,1340.0,12/30/22 3:45,WNA/IAEA,885.0,PWR
629,Saeul-2,35.327,129.302,South Korea,KR,Operational,PWR,APR-1400,08-19-09,08-29-19,,1340.0,12/30/22 3:45,WNA/IAEA,886.0,PWR
630,Saeul-3,35.327,129.302,South Korea,KR,Under Construction,PWR,APR-1400,04-01-17,,,1340.0,12/30/22 3:45,WNA/Wikipedia/IAEA,1074.0,PWR
631,Saeul-4,35.327,129.302,South Korea,KR,Under Construction,PWR,APR-1400,09-20-18,,,1340.0,12/30/22 3:45,WNA/Wikipedia/IAEA,1075.0,PWR
632,Shippingport,40.63,-80.417778,United States,US,Shutdown,PWR,PLWBR,01-01-54,05-26-58,10-01-82,60.0,5/24/15 7:51,IAEA,890.0,PWR
633,Shoreham,40.96,-72.866,United States,US,Shutdown,BWR,BWR,11-01-72,,06-28-89,809.0,4/21/22 23:26,WNA/IAEA,659.0,BWR
634,Sinop-1,42.0,35.0,Türkiye,TR,Planned,PWR,ATMEA-1,,,,,,Wikipedia,,PWR
635,Sinop-2,42.0,35.0,Türkiye,TR,Planned,PWR,ATMEA-1,,,,,,Wikipedia,,PWR
636,Sinop-3,42.0,35.0,Türkiye,TR,Planned,PWR,ATMEA-1,,,,,,Wikipedia,,PWR
637,Sinop-4,42.0,35.0,Türkiye,TR,Planned,PWR,ATMEA-1,,,,,,Wikipedia,,PWR
638,Sizewell-A1,52.212,1.621,United Kingdom,GB,Shutdown,GCR,MAGNOX,04-01-61,03-25-66,12-31-06,290.0,5/24/15 7:51,WNA/IAEA,235.0,GCR
639,Sizewell-A2,52.212,1.621,United Kingdom,GB,Shutdown,GCR,MAGNOX,04-01-61,09-15-66,12-31-06,290.0,5/24/15 7:51,WNA/IAEA,236.0,GCR
640,Sizewell-B,52.212,1.621,United Kingdom,GB,Operational,PWR,SNUPPS,07-18-88,09-22-95,,1188.0,5/24/15 7:51,WNA/IAEA,263.0,PWR
641,Sizewell-C1,52.21939,1.6228,United Kingdom,GB,Planned,PWR,,,,,,,WNA,,PWR
642,Sizewell-C2,52.21939,1.6238,United Kingdom,GB,Planned,PWR,,,,,,,WNA,,PWR
643,Smolensk-1,54.169,33.245,Russia,RU,Operational,LWGR,RBMK-1000,10-01-75,09-30-83,,925.0,5/24/15 7:51,WNA/IAEA,486.0,LWGR
644,Smolensk-2,54.169,33.245,Russia,RU,Operational,LWGR,RBMK-1000,06-01-76,07-02-85,,925.0,5/24/15 7:51,WNA/IAEA,487.0,LWGR
645,Smolensk-3,54.169,33.245,Russia,RU,Operational,LWGR,RBMK-1000,05-01-84,10-12-90,,925.0,5/24/15 7:51,WNA/IAEA,508.0,LWGR
647,South Texas-1,28.797,-96.044,United States,US,Operational,PWR,WH 4LP (DRYAMB),12-22-75,08-25-88,,1250.0,2/11/17 1:59,WNA/IAEA,764.0,PWR
648,South Texas-2,28.796,-96.044,United States,US,Operational,PWR,WH 4LP (DRYAMB),12-22-75,06-19-89,,1250.0,2/11/17 1:59,WNA/IAEA,765.0,PWR
649,South Ukraine-1,47.811,31.22,Ukraine,UA,Operational,PWR,VVER V-302,08-01-76,12-02-83,,950.0,5/24/15 7:51,WNA/IAEA,577.0,PWR
650,South Ukraine-2,47.811,31.22,Ukraine,UA,Operational,PWR,VVER V-338,07-01-81,04-06-85,,950.0,5/24/15 7:51,WNA/IAEA,578.0,PWR
651,South Ukraine-3,47.811,31.22,Ukraine,UA,Operational,PWR,VVER V-320,11-01-84,12-29-89,,950.0,5/24/15 7:51,WNA/IAEA,579.0,PWR
652,St. Alban-1,45.404,4.754,France,FR,Operational,PWR,P4 REP 1300,01-29-79,05-01-86,,1335.0,5/24/15 7:50,WNA/IAEA,204.0,PWR
653,St. Alban-2,45.404,4.754,France,FR,Operational,PWR,P4 REP 1300,07-31-79,03-01-87,,1335.0,5/24/15 7:51,WNA/IAEA,205.0,PWR
654,St. Laurent-A1,47.724,1.582,France,FR,Shutdown,GCR,UNGG,10-01-63,06-01-69,04-18-90,480.0,5/24/15 7:51,WNA/IAEA,225.0,GCR
655,St. Laurent-A2,47.724,1.582,France,FR,Shutdown,GCR,UNGG,01-01-66,11-01-71,05-27-92,515.0,5/24/15 7:51,WNA/IAEA,229.0,GCR
656,St. Laurent-B1,47.724,1.582,France,FR,Operational,PWR,CP2,05-01-76,08-01-83,,915.0,5/24/15 7:50,WNA/IAEA,169.0,PWR
657,St. Laurent-B2,47.72,1.581,France,FR,Operational,PWR,CP2,07-01-76,08-01-83,,880.0,5/24/15 7:50,WNA/IAEA,177.0,PWR
658,St. Lucie-1,27.348,-80.244,United States,US,Operational,PWR,CE 2LP (DRYAMB),07-01-70,12-21-76,,830.0,2/11/17 1:58,WNA/IAEA,670.0,PWR
659,St. Lucie-2,27.348,-80.244,United States,US,Operational,PWR,CE 2LP (DRYAMB),06-02-77,08-08-83,,830.0,2/11/17 1:58,WNA/IAEA,698.0,PWR
660,Stade,53.62,9.53,Germany,DE,Shutdown,PWR,,12-01-67,05-19-72,11-14-03,630.0,5/24/15 7:50,WNA/IAEA,83.0,PWR
661,Summer-1,34.299,-81.314,United States,US,Operational,PWR,WH 3LP (DRYAMB),03-21-73,01-01-84,,900.0,2/11/17 1:58,WNA/IAEA,701.0,PWR
662,Summer-2,34.295833,-81.320278,United States,US,Suspended Construction,PWR,AP-1000,03-09-13,,,1117.0,3/10/18 16:56,IAEA,1038.0,PWR
663,Summer-3,34.295833,-81.320278,United States,US,Suspended Construction,PWR,AP-1000,11-02-13,,,1117.0,3/10/18 16:56,IAEA,1039.0,PWR
664,Super-Phenix,45.76,5.474,France,FR,Shutdown,FBR,Na-1200,12-13-76,12-01-86,12-31-98,1200.0,5/24/15 7:50,WNA/IAEA,178.0,FBR
665,Surry-1,37.166,-76.7,United States,US,Operational,PWR,WH 3LP (DRYSUB),06-25-68,12-22-72,,788.0,2/11/17 1:58,WNA/IAEA,631.0,PWR
666,Surry-2,37.166,-76.7,United States,US,Operational,PWR,WH 3LP (DRYSUB),06-25-68,05-01-73,,788.0,2/11/17 1:58,WNA/IAEA,632.0,PWR
667,Susquehanna-1,41.093,-76.143,United States,US,Operational,BWR,BWR-4 (Mark 2),11-02-73,06-08-83,,1065.0,5/24/15 7:51,WNA/IAEA,696.0,BWR
668,Susquehanna-2,41.093,-76.143,United States,US,Operational,BWR,BWR-4 (Mark 2),11-02-73,02-12-85,,1065.0,5/24/15 7:51,WNA/IAEA,697.0,BWR
669,Taishan-1,21.917778,112.981944,China,CN,Operational,PWR,EPR-1750,11-18-09,12-13-18,,1660.0,1/9/21 21:59,WNA/IAEA/Wikipedia,918.0,PWR
670,Taishan-2,21.917778,112.981944,China,CN,Operational,PWR,EPR-1750,04-15-10,09-07-19,,1660.0,9/25/22 1:33,WNA/IAEA/Wikipedia,919.0,PWR
671,Takahama-1,35.52,135.503,Japan,JP,Suspended Operation,PWR,M (3-loop),04-25-70,11-14-74,,780.0,8/28/23 11:01,WNA/IAEA,388.0,PWR
672,Takahama-2,35.52,135.503,Japan,JP,Suspended Operation,PWR,M (3-loop),03-09-71,11-14-75,,780.0,8/28/23 11:01,WNA/IAEA,337.0,PWR
673,Takahama-3,35.52,135.503,Japan,JP,Operational,PWR,M (3-loop),12-12-80,01-17-85,,830.0,5/24/15 7:51,WNA/IAEA,354.0,PWR
674,Takahama-4,35.52,135.503,Japan,JP,Operational,PWR,M (3-loop),03-19-81,06-05-85,,830.0,5/24/15 7:51,WNA/IAEA,356.0,PWR
679,Tarapur-1,19.834,72.657,India,IN,Suspended Operation,BWR,BWR-1 (Mark 2),10-01-64,10-28-69,,200.0,8/28/23 11:01,WNA/IAEA,285.0,BWR
680,Tarapur-2,19.834,72.657,India,IN,Suspended Operation,BWR,BWR-1 (Mark 2),10-01-64,10-28-69,,200.0,8/28/23 11:01,WNA/IAEA,296.0,BWR
681,Tarapur-3,19.834,72.657,India,IN,Operational,PHWR,Horizontal Pressure Tube Type,05-12-00,08-18-06,,502.0,5/24/15 7:54,WNA/IAEA,300.0,PHWR
682,Tarapur-4,19.834,72.657,India,IN,Operational,PHWR,Horizontal Pressure Tube Type,03-08-00,09-12-05,,502.0,5/24/15 7:54,WNA/IAEA,301.0,PHWR
683,Temelin-1,49.181,14.377,Czechia,CZ,Operational,PWR,VVER V-320,02-01-87,06-10-02,,1027.0,2/14/21 5:47,WNA/IAEA,74.0,PWR
684,Temelin-2,49.181,14.377,Czechia,CZ,Operational,PWR,VVER V-320,02-01-87,04-18-03,,1029.0,2/14/21 5:47,WNA/IAEA,75.0,PWR
685,Three Mile Island-1,40.154,-76.727,United States,US,Shutdown,PWR,B&W LLP (DRYAMB),05-18-68,09-02-74,09-20-19,819.0,11-22-19,WNA/IAEA,637.0,PWR
686,Three Mile Island-2,40.154,-76.727,United States,US,Shutdown,PWR,PWR,11-01-69,12-30-78,03-28-79,906.0,4/21/22 23:26,WNA/IAEA,657.0,PWR
687,THTR-300,51.68,7.972,Germany,DE,Shutdown,HTGR,Pebble bed reactor,05-03-71,06-01-87,09-29-88,296.0,5/24/15 7:54,WNA/IAEA,92.0,OTHER
688,Tianwan-1,34.69,119.456,China,CN,Operational,PWR,VVER V-428,10-20-99,05-17-07,,990.0,5/24/15 7:51,WNA/IAEA,838.0,PWR
689,Tianwan-2,34.69,119.456,China,CN,Operational,PWR,VVER V-428,09-20-00,08-16-07,,990.0,5/24/15 7:51,WNA/IAEA,839.0,PWR
690,Tianwan-3,34.6868,119.456,China,CN,Operational,PWR,VVER V-428M,12-27-12,02-14-18,,1060.0,7/1/18 4:21,WNA/IAEA,973.0,PWR
691,Tianwan-4,34.6858,119.456,China,CN,Operational,PWR,VVER V-428M,09-27-13,12-22-18,,1060.0,6/2/19 23:19,WNA/IAEA,974.0,PWR
692,Tianwan-5,34.6838,119.456,China,CN,Operational,PWR,CNP-1000,12-27-15,09-08-20,,1000.0,1/6/21 3:19,WNA/Wikipedia/IAEA,975.0,PWR
693,Tianwan-6,34.6828,119.456,China,CN,Operational,PWR,CNP-1000,09-07-16,06-02-21,,1000.0,6/29/21 3:12,WNA/Wikipedia/IAEA,976.0,PWR
694,Tihange-1,50.533,5.271,Belgium,BE,Operational,PWR,Framatome 3 loops reactor,06-01-70,10-01-75,,870.0,5/24/15 7:54,WNA/IAEA,10.0,PWR
695,Tihange-2,50.533,5.271,Belgium,BE,Shutdown,PWR,WH 3LP,04-01-76,06-01-83,02-01-23,900.0,8/28/23 11:01,WNA/IAEA,13.0,PWR
696,Tihange-3,50.533,5.271,Belgium,BE,Operational,PWR,WH 3LP,11-01-78,09-01-85,,1020.0,2/11/17 1:55,WNA/IAEA,15.0,PWR
697,Tokai-1,36.466,140.612,Japan,JP,Shutdown,GCR,MAGNOX,03-01-61,07-25-66,03-31-98,159.0,5/24/15 7:51,WNA/IAEA,344.0,GCR
698,Tokai-2,36.466,140.612,Japan,JP,Suspended Operation,BWR,BWR-5,10-03-73,11-28-78,,1056.0,8/28/23 11:01,WNA/IAEA,346.0,BWR
699,Tomari-1,43.038,140.515,Japan,JP,Suspended Operation,PWR,M (2-loop),04-18-85,06-22-89,,550.0,9/25/22 1:33,WNA/IAEA,370.0,PWR
700,Tomari-2,43.038,140.515,Japan,JP,Suspended Operation,PWR,M (2-loop),06-13-85,04-12-91,,550.0,9/25/22 1:33,WNA/IAEA,371.0,PWR
701,Tomari-3,43.038,140.515,Japan,JP,Suspended Operation,PWR,M (3-loop),11-18-04,12-22-09,,866.0,9/25/22 1:33,WNA/IAEA,856.0,PWR
702,Torness-1,55.966,-2.399,United Kingdom,GB,Operational,GCR,AGR,08-01-80,05-25-88,,645.0,5/24/15 7:51,WNA/IAEA,261.0,GCR
703,Torness-2,55.966,-2.399,United Kingdom,GB,Operational,GCR,AGR,08-01-80,02-03-89,,645.0,5/24/15 7:51,WNA/IAEA,262.0,GCR
704,Trawsfynydd-1,52.923,-3.947,United Kingdom,GB,Shutdown,GCR,MAGNOX,07-01-59,03-24-65,02-06-91,250.0,5/24/15 7:51,WNA/IAEA,273.0,GCR
705,Trawsfynydd-2,52.922,-3.947,United Kingdom,GB,Shutdown,GCR,MAGNOX,07-01-59,03-24-65,02-04-91,250.0,5/24/15 7:51,WNA/IAEA,274.0,GCR
706,Tricastin-1,44.33,4.733,France,FR,Operational,PWR,CP1,11-01-74,12-01-80,,915.0,5/24/15 7:50,WNA/IAEA,170.0,PWR
707,Tricastin-2,44.33,4.733,France,FR,Operational,PWR,CP1,12-01-74,12-01-80,,915.0,5/24/15 7:50,WNA/IAEA,171.0,PWR
708,Tricastin-3,44.331,4.733,France,FR,Operational,PWR,CP1,04-01-75,05-11-81,,915.0,5/24/15 7:50,WNA/IAEA,179.0,PWR
709,Tricastin-4,44.331,4.733,France,FR,Operational,PWR,CP1,05-01-75,11-01-81,,915.0,5/24/15 7:50,WNA/IAEA,180.0,PWR
710,Trillo-1,40.699,-2.622,Spain,ES,Operational,PWR,PWR 3 loops,08-17-79,08-06-88,,990.0,5/24/15 7:50,WNA/IAEA,141.0,PWR
712,Trojan,46.04,-122.887,United States,US,Shutdown,PWR,,02-01-70,05-20-76,11-09-92,1130.0,5/24/15 7:51,WNA/IAEA,675.0,PWR
713,Tsuruga-1,35.672,136.079,Japan,JP,Shutdown,BWR,BWR-2,11-24-66,03-14-70,04-27-15,341.0,5/24/15 7:51,WNA/IAEA,355.0,BWR
714,Tsuruga-2,35.672,136.079,Japan,JP,Suspended Operation,PWR,M (4-loop),11-06-82,02-17-87,,1115.0,12/30/22 4:24,WNA/IAEA,360.0,PWR
717,Turkey Point-3,25.435,-80.33,United States,US,Operational,PWR,WH 3LP (DRYAMB),04-27-67,12-14-72,,693.0,2/11/17 1:57,WNA/IAEA,613.0,PWR
718,Turkey Point-4,25.435,-80.33,United States,US,Operational,PWR,WH 3LP (DRYAMB),04-27-67,09-07-73,,693.0,2/11/17 1:57,WNA/IAEA,614.0,PWR
725,Unterweser,53.429,8.477,Germany,DE,Shutdown,PWR,PWR,07-01-72,09-06-79,08-06-11,1230.0,5/24/15 7:50,WNA/IAEA,90.0,PWR
726,Vandellos-1,40.949,0.867,Spain,ES,Shutdown,GCR,,06-21-68,08-02-72,07-31-90,480.0,5/24/15 7:50,WNA/IAEA,150.0,GCR
727,Vandellos-2,40.949,0.867,Spain,ES,Operational,PWR,WH 3LP,12-29-80,03-08-88,,930.0,2/11/17 1:56,WNA/IAEA,146.0,PWR
728,Vermont Yankee,42.779,-72.514,United States,US,Shutdown,BWR,BWR-4 (Mark 1),12-11-67,11-30-72,12-29-14,514.0,5/24/15 7:51,WNA/IAEA,626.0,BWR
729,Visaginas-1,55.6057,26.575842,Lithuania,LT,Planned,,,,,,,,WNA,,OTHER
730,Visaginas-2,55.6057,26.575842,Lithuania,LT,Planned,,,,,,,,WNA,,OTHER
731,Vogtle-1,33.143,-81.76,United States,US,Operational,PWR,WH 4LP (DRYAMB),08-01-76,06-01-87,,1122.0,2/11/17 1:59,WNA/IAEA,718.0,PWR
732,Vogtle-2,33.143,-81.76,United States,US,Operational,PWR,WH 4LP (DRYAMB),08-01-76,05-20-89,,1101.0,2/11/17 1:59,WNA/IAEA,719.0,PWR
733,Vogtle-3,33.1399,-81.7686,United States,US,Operational,PWR,AP-1000,03-02-13,07-31-23,,1117.0,8/28/23 11:01,WNA/IAEA,1042.0,PWR
734,Vogtle-4,33.1399,-81.7712,United States,US,Under Construction,PWR,AP-1000,11-19-13,,,1117.0,5/24/15 7:51,WNA/IAEA,1043.0,PWR
735,Waterford-3,29.994,-90.471,United States,US,Operational,PWR,CE 2LP (DRYAMB),11-14-74,09-24-85,,1104.0,2/11/17 1:58,WNA/IAEA,695.0,PWR
736,Watts Bar-1,35.601,-84.789,United States,US,Operational,PWR,WH 4LP (ICECND),07-20-73,05-27-96,,1218.0,2/11/17 1:58,WNA/IAEA,699.0,PWR
737,Watts Bar-2,35.601,-84.789,United States,US,Operational,PWR,WH 4LP (ICECND),09-01-73,10-19-16,,1165.0,2/11/17 1:58,WNA/IAEA,700.0,PWR
738,Windscale AGR,54.426,-3.505,United Kingdom,GB,Shutdown,GCR,AGR,11-01-58,03-01-63,04-03-81,32.0,5/24/15 7:51,WNA/IAEA,268.0,GCR
739,Winfrith SGHWR,50.68,-2.272,United Kingdom,GB,Shutdown,SGHWR,,05-01-63,01-01-68,09-11-90,92.0,5/24/15 7:51,WNA/IAEA,239.0,OTHER
740,Wolf Creek,38.239,-95.691,United States,US,Operational,PWR,WH 4LP (DRYAMB),05-31-77,09-03-85,,1170.0,2/11/17 1:59,WNA/IAEA,751.0,PWR
741,Wolsong-1,35.71,129.476,South Korea,KR,Shutdown,PHWR,CANDU 6,10-30-77,04-22-83,12-24-19,629.0,4/18/20 7:46,WNA/IAEA,407.0,PHWR
742,Wolsong-2,35.71,129.476,South Korea,KR,Operational,PHWR,CANDU 6,09-25-92,07-01-97,,652.0,4/21/22 23:26,WNA/IAEA,408.0,PHWR
743,Wolsong-3,35.71,129.476,South Korea,KR,Operational,PHWR,CANDU 6,03-17-94,07-01-98,,665.0,4/21/22 23:26,WNA/IAEA,400.0,PHWR
744,Wolsong-4,35.71,129.476,South Korea,KR,Operational,PHWR,CANDU 6,07-22-94,10-01-99,,669.0,4/21/22 23:26,WNA/IAEA,401.0,PHWR
745,Wolsong-5,35.7101,129.481,South Korea,KR,Planned,PHWR,,,,,,,WNA,,PHWR
746,Wolsong-6,35.7101,129.481,South Korea,KR,Planned,PHWR,,,,,,,WNA,,PHWR
747,Wuergassen,51.639,9.393,Germany,DE,Shutdown,BWR,,01-26-68,11-11-75,08-26-94,640.0,5/24/15 7:50,WNA/IAEA,136.0,BWR
750,Wylfa-1,53.416,-4.48,United Kingdom,GB,Shutdown,GCR,MAGNOX,09-01-63,11-01-71,12-30-15,550.0,3/9/16 20:43,WNA/IAEA,240.0,GCR
751,Wylfa-2,53.416,-4.48,United Kingdom,GB,Shutdown,GCR,MAGNOX,09-01-63,01-03-72,04-25-12,550.0,5/24/15 7:51,WNA/IAEA,241.0,GCR
752,Xianning-1,29.66,114.67,China,CN,Planned,PWR,AP-1000,,,,,,WNA/Wikipedia,,PWR
753,Xianning-2,29.66,114.67,China,CN,Planned,PWR,AP-1000,,,,,,WNA/Wikipedia,,PWR
756,Yangjiang-1,21.706,112.256,China,CN,Operational,PWR,CPR-1000,12-16-08,03-25-14,,1021.0,5/24/15 7:51,WNA/IAEA,881.0,PWR
757,Yangjiang-2,21.706,112.256,China,CN,Operational,PWR,CPR-1000,06-04-09,06-05-15,,1000.0,8/23/15 6:28,WNA/IAEA,882.0,PWR
758,Yangjiang-3,21.706,112.256,China,CN,Operational,PWR,CPR-1000,11-15-10,01-01-16,,1000.0,3/9/16 20:43,WNA/IAEA,931.0,PWR
759,Yangjiang-4,21.8575,111.9825,China,CN,Operational,PWR,CPR-1000,11-17-12,03-15-17,,1000.0,9/25/17 6:20,WNA/IAEA,932.0,PWR
760,Yangjiang-5,21.8575,111.9825,China,CN,Operational,PWR,ACPR-1000,09-18-13,07-12-18,,1021.0,6/2/19 23:19,IAEA,933.0,PWR
761,Yangjiang-6,21.8575,111.9825,China,CN,Operational,PWR,ACPR-1000,12-23-13,07-24-19,,1000.0,11-22-19,IAEA,934.0,PWR
764,Yankee Rowe,42.728,-72.929,United States,US,Shutdown,PWR,PWR,11-01-57,07-01-61,10-01-91,175.0,5/24/15 7:51,WNA/IAEA,638.0,PWR
771,Zaporozhye-1,47.508,34.627,Ukraine,UA,Operational,PWR,VVER V-320,04-01-80,12-25-85,,950.0,5/24/15 7:51,WNA/IAEA,584.0,PWR
772,Zaporozhye-2,47.508,34.627,Ukraine,UA,Operational,PWR,VVER V-320,01-01-81,02-15-86,,950.0,5/24/15 7:51,WNA/IAEA,586.0,PWR
773,Zaporozhye-3,47.508,34.627,Ukraine,UA,Operational,PWR,VVER V-320,04-01-82,03-05-87,,950.0,5/24/15 7:51,WNA/IAEA,594.0,PWR
774,Zaporozhye-4,47.508,34.627,Ukraine,UA,Operational,PWR,VVER V-320,04-01-83,04-14-88,,950.0,5/24/15 7:51,WNA/IAEA,595.0,PWR
775,Zaporozhye-5,47.508,34.627,Ukraine,UA,Operational,PWR,VVER V-320,11-01-85,10-27-89,,950.0,5/24/15 7:51,WNA/IAEA,566.0,PWR
776,Zaporozhye-6,47.508,34.627,Ukraine,UA,Operational,PWR,VVER V-320,06-01-86,09-17-96,,950.0,5/24/15 7:51,WNA/IAEA,567.0,PWR
777,Zhangzhou-1,23.829167,117.491667,China,CN,Under Construction,PWR,HPR1000,10-16-19,,,1126.0,1/9/21 21:59,WNA/IAEA/Wikipedia,1083.0,PWR
778,Zion-1,42.446,-87.801,United States,US,Shutdown,PWR,WH 4LP,12-01-68,12-31-73,02-13-98,1040.0,2/11/17 1:58,WNA/IAEA,640.0,PWR
779,Zion-2,42.446,-87.801,United States,US,Shutdown,PWR,WH 4LP,12-01-68,09-17-74,02-13-98,1040.0,2/11/17 1:58,WNA/IAEA,646.0,PWR
780,Fangchenggang-3,21.6,108.3,China,CN,Operational,PWR,HPR1000,12-24-15,03-25-23,,1000.0,8/28/23 11:01,IAEA,945.0,PWR
781,Barakah-4 (Braka),23.952748,52.203298,United Arab Emirates,AE,Under Construction,PWR,APR-1400,07-30-15,,,1310.0,8/28/23 11:01,IAEA,1053.0,PWR
783,KANUPP-2,24.845,66.79,Pakistan,PK,Operational,PWR,ACP-1000,08-20-15,05-21-21,,1017.0,4/21/22 23:26,IAEA,1067.0,PWR
784,Fangchenggang-4,21.6,108.3,China,CN,Under Construction,PWR,HPR1000,12-23-16,,,1000.0,2/11/17 1:59,IAEA,946.0,PWR
785,KANUPP-3,24.845,66.79,Pakistan,PK,Operational,PWR,ACP-1000,05-31-16,04-18-22,,1014.0,9/25/22 1:33,IAEA,1068.0,PWR
786,Rooppur-1,24.066667,89.047222,Bangladesh,BD,Under Construction,PWR,VVER V-523,11-30-17,,,1080.0,3/10/18 22:52,IAEA,1078.0,PWR
787,Kursk 2-1,51.674,35.607,Russia,RU,Under Construction,PWR,VVER V-510,04-28-18,,,1200.0,8/28/23 11:01,IAEA,903.0,PWR
788,Rooppur-2,24.066667,89.047222,Bangladesh,BD,Under Construction,PWR,VVER V-523,07-14-18,,,1080.0,10/14/18 1:30,IAEA,1079.0,PWR
789,Kursk 2-2,51.674,35.607,Russia,RU,Under Construction,PWR,VVER V-510,05-01-19,,,1200.0,8/28/23 11:01,IAEA,1008.0,PWR
790,Taipingling-1,22.693056,114.983333,China,CN,Under Construction,PWR,HPR1000,12-26-19,,,1116.0,6/6/20 5:41,IAEA,1084.0,PWR
791,Zhangzhou-2,23.829167,117.491667,China,CN,Under Construction,PWR,HPR-1000,09-04-20,,,1126.0,1/9/21 21:59,IAEA/Wikipedia,1090.0,PWR
792,Taipingling-2,22.693056,114.983333,China,CN,Under Construction,PWR,HPR1000,10-15-20,,,1116.0,1/9/21 19:57,IAEA,1091.0,PWR
793,Xiapu-1,26.803611,120.155,China,CN,Under Construction,FBR,CFR600,12-29-17,,,642.0,4/30/21 0:49,WNA/Wikipedia/IAEA,1101.0,FBR
794,Xiapu-2,26.803611,120.155,China,CN,Under Construction,FBR,CFR-600,12-27-20,,,600.0,2/14/21 2:09,WNA/Wikipedia,,FBR
795,Cernavoda-4,44.322,28.061,Romania,RO,Suspended Construction,PHWR,,08-15-85,,,655.0,2/14/21 3:00,IAEA/Wikipedia,,PHWR
796,Cernavoda-5,44.322,28.061,Romania,RO,Cancelled Construction,PHWR,,05-12-87,,,655.0,2/14/21 3:01,IAEA/Wikipedia,,PHWR
797,Zwentendorf,48.3544,15.8847,Austria,AT,Never Commissioned,BWR,,04-04-72,,,692.0,2/14/21 4:59,IAEA/Wikipedia,,BWR
798,SNR-300 (Kalkar),51.763056,6.326944,Germany,DE,Never Commissioned,FBR,SNR-300,04-23-73,,,295.0,2/14/21 4:59,IAEA/Wikipedia,,FBR
799,Sanaocun-1,27.201487,120.517974,China,CN,Under Construction,PWR,HRP1000,12-31-20,,,1117.0,2/14/21 5:47,IAEA/WNA,1094.0,PWR
800,CAP1400-1,36.965556,122.52,China,CN,Under Construction,PWR,CAP1400,03-22-13,,,1534.0,4/20/21 5:47,IAEA/Wikipedia,1085.0,PWR
801,CAP1400-2,36.965556,122.52,China,CN,Under Construction,PWR,CAP1400,03-22-13,,,1534.0,4/20/21 5:47,IAEA/Wikipedia,1086.0,PWR
802,Changjiang-3,19.46075,108.899917,China,CN,Under Construction,PWR,HPR1000,03-31-21,,,1000.0,6/29/21 3:12,IAEA/Wikipedia,941.0,PWR
803,Xudabao-1,40.351389,120.545833,China,CN,Planned,PWR,AP1000,,,,,05-29-21,Wikipedia,,PWR
804,Xudabao-2,40.351389,120.545833,China,CN,Planned,PWR,AP1000,,,,,05-29-21,Wikipedia,,PWR
805,Xudabao-3,40.351389,120.545833,China,CN,Under Construction,PWR,VVER-1200/V491,07-28-21,,,1200.0,1/5/22 2:04,WNA/Wikipedia/IAEA,1104.0,PWR
806,Xudabao-4,40.351389,120.545833,China,CN,Under Construction,PWR,VVER-1200/V491,05-19-22,,,1200.0,9/25/22 1:33,Wikipedia/IAEA,1112.0,PWR
807,Tianwan-7,34.6828,119.456,China,CN,Under Construction,PWR,VVER-1200/V491,05-19-21,,,1171.0,1/5/22 2:04,WNA/Wikipedia/IAEA,1105.0,PWR
808,Tianwan-8,34.6828,119.456,China,CN,Under Construction,PWR,VVER-1200/V491,02-25-22,,,1171.0,4/21/22 23:26,Wikipedia/IAEA,1110.0,PWR
809,Changjiang-4,19.46075,108.899917,China,CN,Under Construction,PWR,HPR1000,12-28-21,,,1000.0,4/21/22 23:26,Wikipedia/IAEA,942.0,PWR
810,Changjiang SMR-1,19.46007,108.88992,China,CN,Under Construction,PWR,ACP100,07-13-21,,,100.0,4/21/22 23:26,WNA/IAEA,1111.0,PWR
815,BREST-OD-300,56.637414,84.90451,Russia,RU,Under Construction,FBR,BREST-OD-300,06-08-21,,,300.0,1/5/22 2:04,IAEA/WNA,1106.0,FBR
816,Sanaocun-2,27.201487,120.517974,China,CN,Under Construction,PWR,HRP1000,12-30-21,,,1117.0,4/21/22 23:26,IAEA,1107.0,PWR
817,El Dabaa-2,31.044167,28.497778,Egypt,EG,Under Construction,PWR,VVER-1200,11-19-22,,,1100.0,8/28/23 11:01,IAEA/Wikipedia,138.0,PWR
818,El Dabaa-3,31.044167,28.497778,Egypt,EG,Under Construction,PWR,VVER-1200,05-03-23,,,1100.0,8/28/23 11:23,IAEA/Wikipedia,1120.0,PWR
