station_id,station_lat,station_lon,station_state,station_city,plant_name,plant_lat,plant_lon,plant_country,plant_status,reactor_type_std,capacity_mw,operational_from,distance_km,rank_proximity
AK_ANCHORAGE,61.2163129,-149.894852,AK,ANCHORAGE,Akademik Lomonosov-1,69.709579,170.30625,Russia,Operational,PWR,30.0,05-22-20,2016.14,1
AK_ANCHORAGE,61.2163129,-149.894852,AK,ANCHORAGE,Akademik Lomonosov-2,69.709579,170.30625,Russia,Operational,PWR,30.0,05-22-20,2016.14,2
AK_ANCHORAGE,61.2163129,-149.894852,AK,ANCHORAGE,Bilibino-4,68.059,166.492,Russia,Operational,LWGR,11.0,01-01-77,2157.176,3
AK_ANCHORAGE,61.2163129,-149.894852,AK,ANCHORAGE,Bilibino-2,68.059,166.492,Russia,Operational,LWGR,11.0,02-01-75,2157.176,4
AK_ANCHORAGE,61.2163129,-149.894852,AK,ANCHORAGE,Bilibino-3,68.059,166.492,Russia,Operational,LWGR,11.0,02-01-76,2157.176,5
AK_FAIRBANKS,64.837845,-147.716675,AK,FAIRBANKS,Akademik Lomonosov-1,69.709579,170.30625,Russia,Operational,PWR,30.0,05-22-20,1840.645,1
AK_FAIRBANKS,64.837845,-147.716675,AK,FAIRBANKS,Akademik Lomonosov-2,69.709579,170.30625,Russia,Operational,PWR,30.0,05-22-20,1840.645,2
AK_FAIRBANKS,64.837845,-147.716675,AK,FAIRBANKS,Bilibino-2,68.059,166.492,Russia,Operational,LWGR,11.0,02-01-75,2016.515,3
AK_FAIRBANKS,64.837845,-147.716675,AK,FAIRBANKS,Bilibino-4,68.059,166.492,Russia,Operational,LWGR,11.0,01-01-77,2016.515,4
AK_FAIRBANKS,64.837845,-147.716675,AK,FAIRBANKS,Bilibino-3,68.059,166.492,Russia,Operational,LWGR,11.0,02-01-76,2016.515,5
AK_JUNEAU,58.3019613,-134.4196751,AK,JUNEAU,Columbia (WNP-2),46.471,-119.333,United States,Operational,BWR,1100.0,12-13-84,1659.09,1
AK_JUNEAU,58.3019613,-134.4196751,AK,JUNEAU,Diablo Canyon-2,35.212,-120.854,United States,Operational,PWR,1106.0,03-13-86,2755.567,2
AK_JUNEAU,58.3019613,-134.4196751,AK,JUNEAU,Diablo Canyon-1,35.212,-120.854,United States,Operational,PWR,1084.0,05-07-85,2755.567,3
AK_JUNEAU,58.3019613,-134.4196751,AK,JUNEAU,Akademik Lomonosov-1,69.709579,170.30625,Russia,Operational,PWR,30.0,05-22-20,2846.626,4
AK_JUNEAU,58.3019613,-134.4196751,AK,JUNEAU,Akademik Lomonosov-2,69.709579,170.30625,Russia,Operational,PWR,30.0,05-22-20,2846.626,5
AL_BIRMINGHAM,33.5206824,-86.8024326,AL,BIRMINGHAM,Browns Ferry-1,34.704,-87.119,United States,Operational,BWR,1065.0,12-20-74,134.768,1
AL_BIRMINGHAM,33.5206824,-86.8024326,AL,BIRMINGHAM,Browns Ferry-2,34.704,-87.119,United States,Operational,BWR,1065.0,03-01-75,134.768,2
AL_BIRMINGHAM,33.5206824,-86.8024326,AL,BIRMINGHAM,Browns Ferry-3,34.704,-87.119,United States,Operational,BWR,1065.0,03-01-77,134.768,3
AL_BIRMINGHAM,33.5206824,-86.8024326,AL,BIRMINGHAM,Sequoyah-2,35.228,-85.094,United States,Operational,PWR,1148.0,06-01-82,246.212,4
AL_BIRMINGHAM,33.5206824,-86.8024326,AL,BIRMINGHAM,Sequoyah-1,35.228,-85.094,United States,Operational,PWR,1148.0,07-01-81,246.212,5
AL_MOBILE,30.6913462,-88.0437509,AL,MOBILE,Waterford-3,29.994,-90.471,United States,Operational,PWR,1104.0,09-24-85,245.488,1
AL_MOBILE,30.6913462,-88.0437509,AL,MOBILE,Farley-1,31.223,-85.115,United States,Operational,PWR,829.0,12-01-77,285.451,2
AL_MOBILE,30.6913462,-88.0437509,AL,MOBILE,Farley-2,31.223,-85.115,United States,Operational,PWR,829.0,07-30-81,285.451,3
AL_MOBILE,30.6913462,-88.0437509,AL,MOBILE,River Bend-1,30.727,-91.372,United States,Operational,BWR,966.0,06-16-86,318.201,4
AL_MOBILE,30.6913462,-88.0437509,AL,MOBILE,Grand Gulf-1,32.007,-91.045,United States,Operational,BWR,1250.0,07-01-85,320.339,5
AL_MONTGOMERY,32.3777111,-86.3090775,AL,MONTGOMERY,Farley-2,31.223,-85.115,United States,Operational,PWR,829.0,07-30-81,170.935,1
AL_MONTGOMERY,32.3777111,-86.3090775,AL,MONTGOMERY,Farley-1,31.223,-85.115,United States,Operational,PWR,829.0,12-01-77,170.935,2
AL_MONTGOMERY,32.3777111,-86.3090775,AL,MONTGOMERY,Browns Ferry-1,34.704,-87.119,United States,Operational,BWR,1065.0,12-20-74,269.339,3
AL_MONTGOMERY,32.3777111,-86.3090775,AL,MONTGOMERY,Browns Ferry-2,34.704,-87.119,United States,Operational,BWR,1065.0,03-01-75,269.339,4
AL_MONTGOMERY,32.3777111,-86.3090775,AL,MONTGOMERY,Browns Ferry-3,34.704,-87.119,United States,Operational,BWR,1065.0,03-01-77,269.339,5
AR_FORT_SMITH,35.3880338,-94.4265011,AR,FORT SMITH,Arkansas Nuclear One-1 (ANO-1),35.31,-93.23,United States,Operational,PWR,850.0,12-19-74,108.863,1
AR_FORT_SMITH,35.3880338,-94.4265011,AR,FORT SMITH,Arkansas Nuclear One-2 (ANO-2),35.31,-93.229,United States,Operational,PWR,912.0,03-26-80,108.953,2
AR_FORT_SMITH,35.3880338,-94.4265011,AR,FORT SMITH,Wolf Creek,38.239,-95.691,United States,Operational,PWR,1170.0,09-03-85,336.395,3
AR_FORT_SMITH,35.3880338,-94.4265011,AR,FORT SMITH,Callaway-1,38.763,-91.781,United States,Operational,PWR,1171.0,12-19-84,442.573,4
AR_FORT_SMITH,35.3880338,-94.4265011,AR,FORT SMITH,Comanche Peak-1,32.301,-97.787,United States,Operational,PWR,1150.0,08-13-90,462.693,5
AR_LITTLE_ROCK,34.7465071,-92.2896267,AR,LITTLE ROCK,Arkansas Nuclear One-2 (ANO-2),35.31,-93.229,United States,Operational,PWR,912.0,03-26-80,106.027,1
AR_LITTLE_ROCK,34.7465071,-92.2896267,AR,LITTLE ROCK,Arkansas Nuclear One-1 (ANO-1),35.31,-93.23,United States,Operational,PWR,850.0,12-19-74,106.101,2
AR_LITTLE_ROCK,34.7465071,-92.2896267,AR,LITTLE ROCK,Grand Gulf-1,32.007,-91.045,United States,Operational,BWR,1250.0,07-01-85,325.797,3
AR_LITTLE_ROCK,34.7465071,-92.2896267,AR,LITTLE ROCK,Callaway-1,38.763,-91.781,United States,Operational,PWR,1171.0,12-19-84,448.904,4
AR_LITTLE_ROCK,34.7465071,-92.2896267,AR,LITTLE ROCK,River Bend-1,30.727,-91.372,United States,Operational,BWR,966.0,06-16-86,455.108,5
AZ_PHOENIX,33.4484367,-112.074141,AZ,PHOENIX,Palo Verde-3,33.387,-112.863,United States,Operational,PWR,1304.0,01-08-88,73.533,1
AZ_PHOENIX,33.4484367,-112.074141,AZ,PHOENIX,Palo Verde-1,33.387,-112.863,United States,Operational,PWR,1221.0,01-28-86,73.533,2
AZ_PHOENIX,33.4484367,-112.074141,AZ,PHOENIX,Palo Verde-2,33.387,-112.863,United States,Operational,PWR,1304.0,09-19-86,73.533,3
AZ_PHOENIX,33.4484367,-112.074141,AZ,PHOENIX,Diablo Canyon-1,35.212,-120.854,United States,Operational,PWR,1084.0,05-07-85,829.398,4
AZ_PHOENIX,33.4484367,-112.074141,AZ,PHOENIX,Diablo Canyon-2,35.212,-120.854,United States,Operational,PWR,1106.0,03-13-86,829.398,5
AZ_TUCSON,32.2228765,-110.974847,AZ,TUCSON,Palo Verde-2,33.387,-112.863,United States,Operational,PWR,1304.0,09-19-86,218.848,1
AZ_TUCSON,32.2228765,-110.974847,AZ,TUCSON,Palo Verde-3,33.387,-112.863,United States,Operational,PWR,1304.0,01-08-88,218.848,2
AZ_TUCSON,32.2228765,-110.974847,AZ,TUCSON,Palo Verde-1,33.387,-112.863,United States,Operational,PWR,1221.0,01-28-86,218.848,3
AZ_TUCSON,32.2228765,-110.974847,AZ,TUCSON,Diablo Canyon-1,35.212,-120.854,United States,Operational,PWR,1084.0,05-07-85,971.744,4
AZ_TUCSON,32.2228765,-110.974847,AZ,TUCSON,Diablo Canyon-2,35.212,-120.854,United States,Operational,PWR,1106.0,03-13-86,971.744,5
AZ_YUMA,32.7254216,-114.6198088,AZ,YUMA,Palo Verde-3,33.387,-112.863,United States,Operational,PWR,1304.0,01-08-88,179.492,1
AZ_YUMA,32.7254216,-114.6198088,AZ,YUMA,Palo Verde-1,33.387,-112.863,United States,Operational,PWR,1221.0,01-28-86,179.492,2
AZ_YUMA,32.7254216,-114.6198088,AZ,YUMA,Palo Verde-2,33.387,-112.863,United States,Operational,PWR,1304.0,09-19-86,179.492,3
AZ_YUMA,32.7254216,-114.6198088,AZ,YUMA,Diablo Canyon-1,35.212,-120.854,United States,Operational,PWR,1084.0,05-07-85,637.766,4
AZ_YUMA,32.7254216,-114.6198088,AZ,YUMA,Diablo Canyon-2,35.212,-120.854,United States,Operational,PWR,1106.0,03-13-86,637.766,5
CA_ANAHEIM,33.8347516,-117.911732,CA,ANAHEIM,Diablo Canyon-1,35.212,-120.854,United States,Operational,PWR,1084.0,05-07-85,309.994,1
CA_ANAHEIM,33.8347516,-117.911732,CA,ANAHEIM,Diablo Canyon-2,35.212,-120.854,United States,Operational,PWR,1106.0,03-13-86,309.994,2
CA_ANAHEIM,33.8347516,-117.911732,CA,ANAHEIM,Palo Verde-2,33.387,-112.863,United States,Operational,PWR,1304.0,09-19-86,470.132,3
CA_ANAHEIM,33.8347516,-117.911732,CA,ANAHEIM,Palo Verde-1,33.387,-112.863,United States,Operational,PWR,1221.0,01-28-86,470.132,4
CA_ANAHEIM,33.8347516,-117.911732,CA,ANAHEIM,Palo Verde-3,33.387,-112.863,United States,Operational,PWR,1304.0,01-08-88,470.132,5
CA_BAKERSFIELD,35.3738712,-119.019463,CA,BAKERSFIELD,Diablo Canyon-1,35.212,-120.854,United States,Operational,PWR,1084.0,05-07-85,167.467,1
CA_BAKERSFIELD,35.3738712,-119.019463,CA,BAKERSFIELD,Diablo Canyon-2,35.212,-120.854,United States,Operational,PWR,1106.0,03-13-86,167.467,2
CA_BAKERSFIELD,35.3738712,-119.019463,CA,BAKERSFIELD,Palo Verde-3,33.387,-112.863,United States,Operational,PWR,1304.0,01-08-88,606.494,3
CA_BAKERSFIELD,35.3738712,-119.019463,CA,BAKERSFIELD,Palo Verde-2,33.387,-112.863,United States,Operational,PWR,1304.0,09-19-86,606.494,4
CA_BAKERSFIELD,35.3738712,-119.019463,CA,BAKERSFIELD,Palo Verde-1,33.387,-112.863,United States,Operational,PWR,1221.0,01-28-86,606.494,5
CA_EUREKA,40.8018746,-124.1707558,CA,EUREKA,Diablo Canyon-1,35.212,-120.854,United States,Operational,PWR,1084.0,05-07-85,685.996,1
CA_EUREKA,40.8018746,-124.1707558,CA,EUREKA,Diablo Canyon-2,35.212,-120.854,United States,Operational,PWR,1106.0,03-13-86,685.996,2
CA_EUREKA,40.8018746,-124.1707558,CA,EUREKA,Columbia (WNP-2),46.471,-119.333,United States,Operational,BWR,1100.0,12-13-84,740.569,3
CA_EUREKA,40.8018746,-124.1707558,CA,EUREKA,Palo Verde-1,33.387,-112.863,United States,Operational,PWR,1221.0,01-28-86,1296.4,4
CA_EUREKA,40.8018746,-124.1707558,CA,EUREKA,Palo Verde-3,33.387,-112.863,United States,Operational,PWR,1304.0,01-08-88,1296.4,5
CA_FRESNO,36.7394421,-119.78483,CA,FRESNO,Diablo Canyon-2,35.212,-120.854,United States,Operational,PWR,1106.0,03-13-86,195.197,1
CA_FRESNO,36.7394421,-119.78483,CA,FRESNO,Diablo Canyon-1,35.212,-120.854,United States,Operational,PWR,1084.0,05-07-85,195.197,2
CA_FRESNO,36.7394421,-119.78483,CA,FRESNO,Palo Verde-1,33.387,-112.863,United States,Operational,PWR,1221.0,01-28-86,731.717,3
CA_FRESNO,36.7394421,-119.78483,CA,FRESNO,Palo Verde-2,33.387,-112.863,United States,Operational,PWR,1304.0,09-19-86,731.717,4
CA_FRESNO,36.7394421,-119.78483,CA,FRESNO,Palo Verde-3,33.387,-112.863,United States,Operational,PWR,1304.0,01-08-88,731.717,5
CA_LOS_ANGELES,34.0536909,-118.242766,CA,LOS ANGELES,Diablo Canyon-1,35.212,-120.854,United States,Operational,PWR,1084.0,05-07-85,271.4,1
CA_LOS_ANGELES,34.0536909,-118.242766,CA,LOS ANGELES,Diablo Canyon-2,35.212,-120.854,United States,Operational,PWR,1106.0,03-13-86,271.4,2
CA_LOS_ANGELES,34.0536909,-118.242766,CA,LOS ANGELES,Palo Verde-2,33.387,-112.863,United States,Operational,PWR,1304.0,09-19-86,502.989,3
CA_LOS_ANGELES,34.0536909,-118.242766,CA,LOS ANGELES,Palo Verde-1,33.387,-112.863,United States,Operational,PWR,1221.0,01-28-86,502.989,4
CA_LOS_ANGELES,34.0536909,-118.242766,CA,LOS ANGELES,Palo Verde-3,33.387,-112.863,United States,Operational,PWR,1304.0,01-08-88,502.989,5
CA_RIVERSIDE,33.9824949,-117.374238,CA,RIVERSIDE,Diablo Canyon-2,35.212,-120.854,United States,Operational,PWR,1106.0,03-13-86,346.582,1
CA_RIVERSIDE,33.9824949,-117.374238,CA,RIVERSIDE,Diablo Canyon-1,35.212,-120.854,United States,Operational,PWR,1084.0,05-07-85,346.582,2
CA_RIVERSIDE,33.9824949,-117.374238,CA,RIVERSIDE,Palo Verde-2,33.387,-112.863,United States,Operational,PWR,1304.0,09-19-86,422.587,3
CA_RIVERSIDE,33.9824949,-117.374238,CA,RIVERSIDE,Palo Verde-1,33.387,-112.863,United States,Operational,PWR,1221.0,01-28-86,422.587,4
CA_RIVERSIDE,33.9824949,-117.374238,CA,RIVERSIDE,Palo Verde-3,33.387,-112.863,United States,Operational,PWR,1304.0,01-08-88,422.587,5
CA_SACRAMENTO,38.5810606,-121.493895,CA,SACRAMENTO,Diablo Canyon-2,35.212,-120.854,United States,Operational,PWR,1106.0,03-13-86,378.916,1
CA_SACRAMENTO,38.5810606,-121.493895,CA,SACRAMENTO,Diablo Canyon-1,35.212,-120.854,United States,Operational,PWR,1084.0,05-07-85,378.916,2
CA_SACRAMENTO,38.5810606,-121.493895,CA,SACRAMENTO,Columbia (WNP-2),46.471,-119.333,United States,Operational,BWR,1100.0,12-13-84,894.915,3
CA_SACRAMENTO,38.5810606,-121.493895,CA,SACRAMENTO,Palo Verde-1,33.387,-112.863,United States,Operational,PWR,1221.0,01-28-86,967.049,4
CA_SACRAMENTO,38.5810606,-121.493895,CA,SACRAMENTO,Palo Verde-3,33.387,-112.863,United States,Operational,PWR,1304.0,01-08-88,967.049,5
CA_SAN_BERNARDINO,34.8253019,-116.0833144,CA,SAN BERNARDINO,Palo Verde-2,33.387,-112.863,United States,Operational,PWR,1304.0,09-19-86,336.85,1
CA_SAN_BERNARDINO,34.8253019,-116.0833144,CA,SAN BERNARDINO,Palo Verde-3,33.387,-112.863,United States,Operational,PWR,1304.0,01-08-88,336.85,2
CA_SAN_BERNARDINO,34.8253019,-116.0833144,CA,SAN BERNARDINO,Palo Verde-1,33.387,-112.863,United States,Operational,PWR,1221.0,01-28-86,336.85,3
CA_SAN_BERNARDINO,34.8253019,-116.0833144,CA,SAN BERNARDINO,Diablo Canyon-2,35.212,-120.854,United States,Operational,PWR,1106.0,03-13-86,436.521,4
CA_SAN_BERNARDINO,34.8253019,-116.0833144,CA,SAN BERNARDINO,Diablo Canyon-1,35.212,-120.854,United States,Operational,PWR,1084.0,05-07-85,436.521,5
CA_SAN_DIEGO,32.7174202,-117.162772,CA,SAN DIEGO,Palo Verde-1,33.387,-112.863,United States,Operational,PWR,1221.0,01-28-86,407.567,1
CA_SAN_DIEGO,32.7174202,-117.162772,CA,SAN DIEGO,Palo Verde-2,33.387,-112.863,United States,Operational,PWR,1304.0,09-19-86,407.567,2
CA_SAN_DIEGO,32.7174202,-117.162772,CA,SAN DIEGO,Palo Verde-3,33.387,-112.863,United States,Operational,PWR,1304.0,01-08-88,407.567,3
CA_SAN_DIEGO,32.7174202,-117.162772,CA,SAN DIEGO,Diablo Canyon-2,35.212,-120.854,United States,Operational,PWR,1106.0,03-13-86,439.056,4
CA_SAN_DIEGO,32.7174202,-117.162772,CA,SAN DIEGO,Diablo Canyon-1,35.212,-120.854,United States,Operational,PWR,1084.0,05-07-85,439.056,5
CA_SAN_FRANCISCO,37.7879363,-122.4075201,CA,SAN FRANCISCO,Diablo Canyon-1,35.212,-120.854,United States,Operational,PWR,1084.0,05-07-85,318.302,1
CA_SAN_FRANCISCO,37.7879363,-122.4075201,CA,SAN FRANCISCO,Diablo Canyon-2,35.212,-120.854,United States,Operational,PWR,1106.0,03-13-86,318.302,2
CA_SAN_FRANCISCO,37.7879363,-122.4075201,CA,SAN FRANCISCO,Palo Verde-3,33.387,-112.863,United States,Operational,PWR,1304.0,01-08-88,991.398,3
CA_SAN_FRANCISCO,37.7879363,-122.4075201,CA,SAN FRANCISCO,Palo Verde-2,33.387,-112.863,United States,Operational,PWR,1304.0,09-19-86,991.398,4
CA_SAN_FRANCISCO,37.7879363,-122.4075201,CA,SAN FRANCISCO,Palo Verde-1,33.387,-112.863,United States,Operational,PWR,1221.0,01-28-86,991.398,5
CA_SAN_JOSE,37.3361663,-121.890591,CA,SAN JOSE,Diablo Canyon-1,35.212,-120.854,United States,Operational,PWR,1084.0,05-07-85,253.813,1
CA_SAN_JOSE,37.3361663,-121.890591,CA,SAN JOSE,Diablo Canyon-2,35.212,-120.854,United States,Operational,PWR,1106.0,03-13-86,253.813,2
CA_SAN_JOSE,37.3361663,-121.890591,CA,SAN JOSE,Palo Verde-1,33.387,-112.863,United States,Operational,PWR,1221.0,01-28-86,928.365,3
CA_SAN_JOSE,37.3361663,-121.890591,CA,SAN JOSE,Palo Verde-2,33.387,-112.863,United States,Operational,PWR,1304.0,09-19-86,928.365,4
CA_SAN_JOSE,37.3361663,-121.890591,CA,SAN JOSE,Palo Verde-3,33.387,-112.863,United States,Operational,PWR,1304.0,01-08-88,928.365,5
CO_COLORADO_SPRINGS,38.8339578,-104.825348,CO,COLORADO SPRINGS,Wolf Creek,38.239,-95.691,United States,Operational,PWR,1170.0,09-03-85,796.9,1
CO_COLORADO_SPRINGS,38.8339578,-104.825348,CO,COLORADO SPRINGS,Cooper,40.361,-95.643,United States,Operational,BWR,778.0,07-01-74,804.457,2
CO_COLORADO_SPRINGS,38.8339578,-104.825348,CO,COLORADO SPRINGS,Palo Verde-2,33.387,-112.863,United States,Operational,PWR,1304.0,09-19-86,941.736,3
CO_COLORADO_SPRINGS,38.8339578,-104.825348,CO,COLORADO SPRINGS,Palo Verde-1,33.387,-112.863,United States,Operational,PWR,1221.0,01-28-86,941.736,4
CO_COLORADO_SPRINGS,38.8339578,-104.825348,CO,COLORADO SPRINGS,Palo Verde-3,33.387,-112.863,United States,Operational,PWR,1304.0,01-08-88,941.736,5
CO_DENVER,39.7392364,-104.984862,CO,DENVER,Cooper,40.361,-95.643,United States,Operational,BWR,778.0,07-01-74,797.782,1
CO_DENVER,39.7392364,-104.984862,CO,DENVER,Wolf Creek,38.239,-95.691,United States,Operational,PWR,1170.0,09-03-85,819.981,2
CO_DENVER,39.7392364,-104.984862,CO,DENVER,Palo Verde-2,33.387,-112.863,United States,Operational,PWR,1304.0,09-19-86,996.172,3
CO_DENVER,39.7392364,-104.984862,CO,DENVER,Palo Verde-1,33.387,-112.863,United States,Operational,PWR,1221.0,01-28-86,996.172,4
CO_DENVER,39.7392364,-104.984862,CO,DENVER,Palo Verde-3,33.387,-112.863,United States,Operational,PWR,1304.0,01-08-88,996.172,5
CO_GRAND_JUNCTION,39.0672568,-108.56448,CO,GRAND JUNCTION,Palo Verde-2,33.387,-112.863,United States,Operational,PWR,1304.0,09-19-86,739.771,1
CO_GRAND_JUNCTION,39.0672568,-108.56448,CO,GRAND JUNCTION,Palo Verde-3,33.387,-112.863,United States,Operational,PWR,1304.0,01-08-88,739.771,2
CO_GRAND_JUNCTION,39.0672568,-108.56448,CO,GRAND JUNCTION,Palo Verde-1,33.387,-112.863,United States,Operational,PWR,1221.0,01-28-86,739.771,3
CO_GRAND_JUNCTION,39.0672568,-108.56448,CO,GRAND JUNCTION,Cooper,40.361,-95.643,United States,Operational,BWR,778.0,07-01-74,1113.55,4
CO_GRAND_JUNCTION,39.0672568,-108.56448,CO,GRAND JUNCTION,Wolf Creek,38.239,-95.691,United States,Operational,PWR,1170.0,09-03-85,1120.733,5
CT_HARTFORD,41.764582,-72.6908547,CT,HARTFORD,Millstone-2,41.312,-72.166,United States,Operational,PWR,870.0,12-26-75,66.64,1
CT_HARTFORD,41.764582,-72.6908547,CT,HARTFORD,Millstone-3,41.312,-72.166,United States,Operational,PWR,1159.0,04-23-86,66.64,2
CT_HARTFORD,41.764582,-72.6908547,CT,HARTFORD,Seabrook-1,42.897,-70.849,United States,Operational,PWR,1149.0,08-19-90,196.916,3
CT_HARTFORD,41.764582,-72.6908547,CT,HARTFORD,Limerick-2,40.225,-75.584,United States,Operational,BWR,1055.0,01-08-90,297.065,4
CT_HARTFORD,41.764582,-72.6908547,CT,HARTFORD,Limerick-1,40.225,-75.584,United States,Operational,BWR,1055.0,02-01-86,297.065,5
DC_WASHINGTON,38.8950982,-77.0363849,DC,WASHINGTON,Calvert Cliffs-1,38.435,-76.439,United States,Operational,PWR,845.0,05-08-75,72.852,1
DC_WASHINGTON,38.8950982,-77.0363849,DC,WASHINGTON,Calvert Cliffs-2,38.435,-76.439,United States,Operational,PWR,845.0,04-01-77,72.852,2
DC_WASHINGTON,38.8950982,-77.0363849,DC,WASHINGTON,North Anna-2,38.061,-77.792,United States,Operational,PWR,907.0,12-14-80,113.702,3
DC_WASHINGTON,38.8950982,-77.0363849,DC,WASHINGTON,North Anna-1,38.061,-77.792,United States,Operational,PWR,907.0,06-06-78,113.702,4
DC_WASHINGTON,38.8950982,-77.0363849,DC,WASHINGTON,Peach Bottom-2,39.759,-76.27,United States,Operational,BWR,1065.0,07-05-74,116.503,5
DE_DOVER,39.158168,-75.5243682,DE,DOVER,Salem-2,39.463,-75.534,United States,Operational,PWR,1115.0,10-13-81,33.906,1
DE_DOVER,39.158168,-75.5243682,DE,DOVER,Salem-1,39.463,-75.534,United States,Operational,PWR,1090.0,06-30-77,33.906,2
DE_DOVER,39.158168,-75.5243682,DE,DOVER,Hope Creek-1,39.467,-75.535,United States,Operational,BWR,1067.0,12-20-86,34.353,3
DE_DOVER,39.158168,-75.5243682,DE,DOVER,Peach Bottom-2,39.759,-76.27,United States,Operational,BWR,1065.0,07-05-74,92.526,4
DE_DOVER,39.158168,-75.5243682,DE,DOVER,Peach Bottom-3,39.759,-76.27,United States,Operational,BWR,1065.0,12-23-74,92.526,5
FL_JACKSONVILLE,30.3262247,-81.6579179,FL,JACKSONVILLE,Hatch-1,31.935,-82.346,United States,Operational,BWR,777.0,12-31-75,190.498,1
FL_JACKSONVILLE,30.3262247,-81.6579179,FL,JACKSONVILLE,Hatch-2,31.935,-82.346,United States,Operational,BWR,784.0,09-05-79,190.498,2
FL_JACKSONVILLE,30.3262247,-81.6579179,FL,JACKSONVILLE,Vogtle-3,33.1399,-81.7686,United States,Operational,PWR,1117.0,07-31-23,313.041,3
FL_JACKSONVILLE,30.3262247,-81.6579179,FL,JACKSONVILLE,Vogtle-1,33.143,-81.76,United States,Operational,PWR,1122.0,06-01-87,313.36,4
FL_JACKSONVILLE,30.3262247,-81.6579179,FL,JACKSONVILLE,Vogtle-2,33.143,-81.76,United States,Operational,PWR,1101.0,05-20-89,313.36,5
FL_MIAMI,25.7741566,-80.1935973,FL,MIAMI,Turkey Point-4,25.435,-80.33,United States,Operational,PWR,693.0,09-07-73,40.116,1
FL_MIAMI,25.7741566,-80.1935973,FL,MIAMI,Turkey Point-3,25.435,-80.33,United States,Operational,PWR,693.0,12-14-72,40.116,2
FL_MIAMI,25.7741566,-80.1935973,FL,MIAMI,St. Lucie-2,27.348,-80.244,United States,Operational,PWR,830.0,08-08-83,175.075,3
FL_MIAMI,25.7741566,-80.1935973,FL,MIAMI,St. Lucie-1,27.348,-80.244,United States,Operational,PWR,830.0,12-21-76,175.075,4
FL_MIAMI,25.7741566,-80.1935973,FL,MIAMI,Hatch-2,31.935,-82.346,United States,Operational,BWR,784.0,09-05-79,716.351,5
FL_ORLANDO,28.5421218,-81.379045,FL,ORLANDO,St. Lucie-2,27.348,-80.244,United States,Operational,PWR,830.0,08-08-83,173.38,1
FL_ORLANDO,28.5421218,-81.379045,FL,ORLANDO,St. Lucie-1,27.348,-80.244,United States,Operational,PWR,830.0,12-21-76,173.38,2
FL_ORLANDO,28.5421218,-81.379045,FL,ORLANDO,Turkey Point-4,25.435,-80.33,United States,Operational,PWR,693.0,09-07-73,360.787,3
FL_ORLANDO,28.5421218,-81.379045,FL,ORLANDO,Turkey Point-3,25.435,-80.33,United States,Operational,PWR,693.0,12-14-72,360.787,4
FL_ORLANDO,28.5421218,-81.379045,FL,ORLANDO,Hatch-1,31.935,-82.346,United States,Operational,BWR,777.0,12-31-75,388.532,5
FL_TALLAHASSEE,30.4380832,-84.2809332,FL,TALLAHASSEE,Farley-1,31.223,-85.115,United States,Operational,PWR,829.0,12-01-77,118.151,1
FL_TALLAHASSEE,30.4380832,-84.2809332,FL,TALLAHASSEE,Farley-2,31.223,-85.115,United States,Operational,PWR,829.0,07-30-81,118.151,2
FL_TALLAHASSEE,30.4380832,-84.2809332,FL,TALLAHASSEE,Hatch-2,31.935,-82.346,United States,Operational,BWR,784.0,09-05-79,248.152,3
FL_TALLAHASSEE,30.4380832,-84.2809332,FL,TALLAHASSEE,Hatch-1,31.935,-82.346,United States,Operational,BWR,777.0,12-31-75,248.152,4
FL_TALLAHASSEE,30.4380832,-84.2809332,FL,TALLAHASSEE,Vogtle-3,33.1399,-81.7686,United States,Operational,PWR,1117.0,07-31-23,382.905,5
FL_TAMPA,27.9449854,-82.4583107,FL,TAMPA,St. Lucie-2,27.348,-80.244,United States,Operational,PWR,830.0,08-08-83,227.982,1
FL_TAMPA,27.9449854,-82.4583107,FL,TAMPA,St. Lucie-1,27.348,-80.244,United States,Operational,PWR,830.0,12-21-76,227.982,2
FL_TAMPA,27.9449854,-82.4583107,FL,TAMPA,Turkey Point-4,25.435,-80.33,United States,Operational,PWR,693.0,09-07-73,350.128,3
FL_TAMPA,27.9449854,-82.4583107,FL,TAMPA,Turkey Point-3,25.435,-80.33,United States,Operational,PWR,693.0,12-14-72,350.128,4
FL_TAMPA,27.9449854,-82.4583107,FL,TAMPA,Hatch-1,31.935,-82.346,United States,Operational,BWR,777.0,12-31-75,443.801,5
GA_ATLANTA,33.7544657,-84.3898151,GA,ATLANTA,Sequoyah-1,35.228,-85.094,United States,Operational,PWR,1148.0,07-01-81,176.1,1
GA_ATLANTA,33.7544657,-84.3898151,GA,ATLANTA,Sequoyah-2,35.228,-85.094,United States,Operational,PWR,1148.0,06-01-82,176.1,2
GA_ATLANTA,33.7544657,-84.3898151,GA,ATLANTA,Oconee-3,34.796,-82.894,United States,Operational,PWR,887.0,12-16-74,179.727,3
GA_ATLANTA,33.7544657,-84.3898151,GA,ATLANTA,Oconee-1,34.796,-82.894,United States,Operational,PWR,887.0,07-15-73,179.727,4
GA_ATLANTA,33.7544657,-84.3898151,GA,ATLANTA,Oconee-2,34.796,-82.894,United States,Operational,PWR,887.0,09-09-74,179.727,5
GA_AUGUSTA,33.4709714,-81.9748429,GA,AUGUSTA,Vogtle-3,33.1399,-81.7686,United States,Operational,PWR,1117.0,07-31-23,41.504,1
GA_AUGUSTA,33.4709714,-81.9748429,GA,AUGUSTA,Vogtle-1,33.143,-81.76,United States,Operational,PWR,1122.0,06-01-87,41.576,2
GA_AUGUSTA,33.4709714,-81.9748429,GA,AUGUSTA,Vogtle-2,33.143,-81.76,United States,Operational,PWR,1101.0,05-20-89,41.576,3
GA_AUGUSTA,33.4709714,-81.9748429,GA,AUGUSTA,Summer-1,34.299,-81.314,United States,Operational,PWR,900.0,01-01-84,110.447,4
GA_AUGUSTA,33.4709714,-81.9748429,GA,AUGUSTA,Oconee-3,34.796,-82.894,United States,Operational,PWR,887.0,12-16-74,169.895,5
HI_HONOLULU,21.304547,-157.855676,HI,HONOLULU,Diablo Canyon-2,35.212,-120.854,United States,Operational,PWR,1106.0,03-13-86,3911.296,1
HI_HONOLULU,21.304547,-157.855676,HI,HONOLULU,Diablo Canyon-1,35.212,-120.854,United States,Operational,PWR,1084.0,05-07-85,3911.296,2
HI_HONOLULU,21.304547,-157.855676,HI,HONOLULU,Columbia (WNP-2),46.471,-119.333,United States,Operational,BWR,1100.0,12-13-84,4453.911,3
HI_HONOLULU,21.304547,-157.855676,HI,HONOLULU,Palo Verde-3,33.387,-112.863,United States,Operational,PWR,1304.0,01-08-88,4603.843,4
HI_HONOLULU,21.304547,-157.855676,HI,HONOLULU,Palo Verde-2,33.387,-112.863,United States,Operational,PWR,1304.0,09-19-86,4603.843,5
IA_DES_MOINES,41.5868654,-93.6249494,IA,DES MOINES,Cooper,40.361,-95.643,United States,Operational,BWR,778.0,07-01-74,217.438,1
IA_DES_MOINES,41.5868654,-93.6249494,IA,DES MOINES,Quad Cities-2,41.727,-90.308,United States,Operational,BWR,789.0,03-10-73,275.988,2
IA_DES_MOINES,41.5868654,-93.6249494,IA,DES MOINES,Quad Cities-1,41.727,-90.308,United States,Operational,BWR,789.0,02-18-73,275.988,3
IA_DES_MOINES,41.5868654,-93.6249494,IA,DES MOINES,Prairie Island-2,44.622,-92.631,United States,Operational,PWR,530.0,12-21-74,346.996,4
IA_DES_MOINES,41.5868654,-93.6249494,IA,DES MOINES,Prairie Island-1,44.622,-92.631,United States,Operational,PWR,530.0,12-16-73,346.996,5
IA_FORT_MADISON,40.6311415,-91.3084007,IA,FORT MADISON,Quad Cities-1,41.727,-90.308,United States,Operational,BWR,789.0,02-18-73,147.843,1
IA_FORT_MADISON,40.6311415,-91.3084007,IA,FORT MADISON,Quad Cities-2,41.727,-90.308,United States,Operational,BWR,789.0,03-10-73,147.843,2
IA_FORT_MADISON,40.6311415,-91.3084007,IA,FORT MADISON,Callaway-1,38.763,-91.781,United States,Operational,PWR,1171.0,12-19-84,211.625,3
IA_FORT_MADISON,40.6311415,-91.3084007,IA,FORT MADISON,Clinton-1,40.172,-88.834,United States,Operational,BWR,950.0,11-24-87,215.647,4
IA_FORT_MADISON,40.6311415,-91.3084007,IA,FORT MADISON,LaSalle-2,41.246,-88.672,United States,Operational,BWR,1078.0,10-19-84,231.755,5
IA_MASON_CITY,43.1524574,-93.2017941,IA,MASON CITY,Prairie Island-2,44.622,-92.631,United States,Operational,PWR,530.0,12-21-74,169.686,1
IA_MASON_CITY,43.1524574,-93.2017941,IA,MASON CITY,Prairie Island-1,44.622,-92.631,United States,Operational,PWR,530.0,12-16-73,169.686,2
IA_MASON_CITY,43.1524574,-93.2017941,IA,MASON CITY,Monticello,45.334,-93.85,United States,Operational,BWR,545.0,06-30-71,248.009,3
IA_MASON_CITY,43.1524574,-93.2017941,IA,MASON CITY,Quad Cities-1,41.727,-90.308,United States,Operational,BWR,789.0,02-18-73,285.478,4
IA_MASON_CITY,43.1524574,-93.2017941,IA,MASON CITY,Quad Cities-2,41.727,-90.308,United States,Operational,BWR,789.0,03-10-73,285.478,5
ID_BOISE,43.6166163,-116.200886,ID,BOISE,Columbia (WNP-2),46.471,-119.333,United States,Operational,BWR,1100.0,12-13-84,401.542,1
ID_BOISE,43.6166163,-116.200886,ID,BOISE,Diablo Canyon-2,35.212,-120.854,United States,Operational,PWR,1106.0,03-13-86,1016.006,2
ID_BOISE,43.6166163,-116.200886,ID,BOISE,Diablo Canyon-1,35.212,-120.854,United States,Operational,PWR,1084.0,05-07-85,1016.006,3
ID_BOISE,43.6166163,-116.200886,ID,BOISE,Palo Verde-2,33.387,-112.863,United States,Operational,PWR,1304.0,09-19-86,1173.7,4
ID_BOISE,43.6166163,-116.200886,ID,BOISE,Palo Verde-3,33.387,-112.863,United States,Operational,PWR,1304.0,01-08-88,1173.7,5
ID_IDAHO_FALLS,43.4887907,-112.03628,ID,IDAHO FALLS,Columbia (WNP-2),46.471,-119.333,United States,Operational,BWR,1100.0,12-13-84,662.439,1
ID_IDAHO_FALLS,43.4887907,-112.03628,ID,IDAHO FALLS,Palo Verde-3,33.387,-112.863,United States,Operational,PWR,1304.0,01-08-88,1125.556,2
ID_IDAHO_FALLS,43.4887907,-112.03628,ID,IDAHO FALLS,Palo Verde-1,33.387,-112.863,United States,Operational,PWR,1221.0,01-28-86,1125.556,3
ID_IDAHO_FALLS,43.4887907,-112.03628,ID,IDAHO FALLS,Palo Verde-2,33.387,-112.863,United States,Operational,PWR,1304.0,09-19-86,1125.556,4
ID_IDAHO_FALLS,43.4887907,-112.03628,ID,IDAHO FALLS,Diablo Canyon-1,35.212,-120.854,United States,Operational,PWR,1084.0,05-07-85,1190.966,5
IL_AURORA,41.7571701,-88.3147539,IL,AURORA,Dresden-2,41.353,-88.349,United States,Operational,BWR,794.0,06-09-70,45.032,1
IL_AURORA,41.7571701,-88.3147539,IL,AURORA,Dresden-3,41.353,-88.349,United States,Operational,BWR,794.0,11-16-71,45.032,2
IL_AURORA,41.7571701,-88.3147539,IL,AURORA,Braidwood-1,41.247,-88.23,United States,Operational,PWR,1120.0,07-29-88,57.166,3
IL_AURORA,41.7571701,-88.3147539,IL,AURORA,Braidwood-2,41.247,-88.23,United States,Operational,PWR,1120.0,10-17-88,57.166,4
IL_AURORA,41.7571701,-88.3147539,IL,AURORA,LaSalle-1,41.246,-88.672,United States,Operational,BWR,1078.0,01-01-84,64.155,5
IL_CHAMPAIGN,40.1164841,-88.2430932,IL,CHAMPAIGN,Clinton-1,40.172,-88.834,United States,Operational,BWR,950.0,11-24-87,50.605,1
IL_CHAMPAIGN,40.1164841,-88.2430932,IL,CHAMPAIGN,Braidwood-1,41.247,-88.23,United States,Operational,PWR,1120.0,07-29-88,125.712,2
IL_CHAMPAIGN,40.1164841,-88.2430932,IL,CHAMPAIGN,Braidwood-2,41.247,-88.23,United States,Operational,PWR,1120.0,10-17-88,125.712,3
IL_CHAMPAIGN,40.1164841,-88.2430932,IL,CHAMPAIGN,LaSalle-2,41.246,-88.672,United States,Operational,BWR,1078.0,10-19-84,130.7,4
IL_CHAMPAIGN,40.1164841,-88.2430932,IL,CHAMPAIGN,LaSalle-1,41.246,-88.672,United States,Operational,BWR,1078.0,01-01-84,130.7,5
IL_CHICAGO,41.8755616,-87.6244212,IL,CHICAGO,Dresden-2,41.353,-88.349,United States,Operational,BWR,794.0,06-09-70,83.694,1
IL_CHICAGO,41.8755616,-87.6244212,IL,CHICAGO,Dresden-3,41.353,-88.349,United States,Operational,BWR,794.0,11-16-71,83.694,2
IL_CHICAGO,41.8755616,-87.6244212,IL,CHICAGO,Braidwood-1,41.247,-88.23,United States,Operational,PWR,1120.0,07-29-88,86.16,3
IL_CHICAGO,41.8755616,-87.6244212,IL,CHICAGO,Braidwood-2,41.247,-88.23,United States,Operational,PWR,1120.0,10-17-88,86.16,4
IL_CHICAGO,41.8755616,-87.6244212,IL,CHICAGO,Donald Cook-2,41.975,-86.564,United States,Operational,PWR,1100.0,07-01-78,88.423,5
IN_FORT_WAYNE,41.0799898,-85.1386015,IN,FORT WAYNE,Donald Cook-2,41.975,-86.564,United States,Operational,PWR,1100.0,07-01-78,154.863,1
IN_FORT_WAYNE,41.0799898,-85.1386015,IN,FORT WAYNE,Donald Cook-1,41.975,-86.564,United States,Operational,PWR,1030.0,08-28-75,154.863,2
IN_FORT_WAYNE,41.0799898,-85.1386015,IN,FORT WAYNE,Davis Besse-1,41.597,-83.092,United States,Operational,PWR,906.0,07-31-78,180.272,3
IN_FORT_WAYNE,41.0799898,-85.1386015,IN,FORT WAYNE,Enrico Fermi-2,41.96,-83.257,United States,Operational,BWR,1093.0,01-23-88,184.695,4
IN_FORT_WAYNE,41.0799898,-85.1386015,IN,FORT WAYNE,Braidwood-1,41.247,-88.23,United States,Operational,PWR,1120.0,07-29-88,259.437,5
IN_INDIANAPOLIS,39.7683331,-86.1583502,IN,INDIANAPOLIS,Clinton-1,40.172,-88.834,United States,Operational,BWR,950.0,11-24-87,232.378,1
IN_INDIANAPOLIS,39.7683331,-86.1583502,IN,INDIANAPOLIS,Braidwood-1,41.247,-88.23,United States,Operational,PWR,1120.0,07-29-88,240.214,2
IN_INDIANAPOLIS,39.7683331,-86.1583502,IN,INDIANAPOLIS,Braidwood-2,41.247,-88.23,United States,Operational,PWR,1120.0,10-17-88,240.214,3
IN_INDIANAPOLIS,39.7683331,-86.1583502,IN,INDIANAPOLIS,Donald Cook-1,41.975,-86.564,United States,Operational,PWR,1030.0,08-28-75,247.729,4
IN_INDIANAPOLIS,39.7683331,-86.1583502,IN,INDIANAPOLIS,Donald Cook-2,41.975,-86.564,United States,Operational,PWR,1100.0,07-01-78,247.729,5
KS_DODGE_CITY,37.7527982,-100.0170787,KS,DODGE CITY,Wolf Creek,38.239,-95.691,United States,Operational,PWR,1170.0,09-03-85,382.883,1
KS_DODGE_CITY,37.7527982,-100.0170787,KS,DODGE CITY,Cooper,40.361,-95.643,United States,Operational,BWR,778.0,07-01-74,476.081,2
KS_DODGE_CITY,37.7527982,-100.0170787,KS,DODGE CITY,Comanche Peak-2,32.301,-97.787,United States,Operational,PWR,1150.0,08-03-93,639.256,3
KS_DODGE_CITY,37.7527982,-100.0170787,KS,DODGE CITY,Comanche Peak-1,32.301,-97.787,United States,Operational,PWR,1150.0,08-13-90,639.256,4
KS_DODGE_CITY,37.7527982,-100.0170787,KS,DODGE CITY,Arkansas Nuclear One-1 (ANO-1),35.31,-93.23,United States,Operational,PWR,850.0,12-19-74,664.245,5
KS_KANSAS_CITY,39.1134562,-94.626497,KS,KANSAS CITY,Wolf Creek,38.239,-95.691,United States,Operational,PWR,1170.0,09-03-85,134.139,1
KS_KANSAS_CITY,39.1134562,-94.626497,KS,KANSAS CITY,Cooper,40.361,-95.643,United States,Operational,BWR,778.0,07-01-74,163.698,2
KS_KANSAS_CITY,39.1134562,-94.626497,KS,KANSAS CITY,Callaway-1,38.763,-91.781,United States,Operational,PWR,1171.0,12-19-84,249.162,3
KS_KANSAS_CITY,39.1134562,-94.626497,KS,KANSAS CITY,Arkansas Nuclear One-1 (ANO-1),35.31,-93.23,United States,Operational,PWR,850.0,12-19-74,440.618,4
KS_KANSAS_CITY,39.1134562,-94.626497,KS,KANSAS CITY,Arkansas Nuclear One-2 (ANO-2),35.31,-93.229,United States,Operational,PWR,912.0,03-26-80,440.642,5
KS_WICHITA,37.6922361,-97.3375448,KS,WICHITA,Wolf Creek,38.239,-95.691,United States,Operational,PWR,1170.0,09-03-85,156.621,1
KS_WICHITA,37.6922361,-97.3375448,KS,WICHITA,Cooper,40.361,-95.643,United States,Operational,BWR,778.0,07-01-74,330.873,2
KS_WICHITA,37.6922361,-97.3375448,KS,WICHITA,Arkansas Nuclear One-1 (ANO-1),35.31,-93.23,United States,Operational,PWR,850.0,12-19-74,452.651,3
KS_WICHITA,37.6922361,-97.3375448,KS,WICHITA,Arkansas Nuclear One-2 (ANO-2),35.31,-93.229,United States,Operational,PWR,912.0,03-26-80,452.724,4
KS_WICHITA,37.6922361,-97.3375448,KS,WICHITA,Callaway-1,38.763,-91.781,United States,Operational,PWR,1171.0,12-19-84,499.665,5
KY_LEXINGTON,38.0464066,-84.4970393,KY,LEXINGTON,Watts Bar-1,35.601,-84.789,United States,Operational,PWR,1218.0,05-27-96,273.155,1
KY_LEXINGTON,38.0464066,-84.4970393,KY,LEXINGTON,Watts Bar-2,35.601,-84.789,United States,Operational,PWR,1165.0,10-19-16,273.155,2
KY_LEXINGTON,38.0464066,-84.4970393,KY,LEXINGTON,Sequoyah-2,35.228,-85.094,United States,Operational,PWR,1148.0,06-01-82,317.884,3
KY_LEXINGTON,38.0464066,-84.4970393,KY,LEXINGTON,Sequoyah-1,35.228,-85.094,United States,Operational,PWR,1148.0,07-01-81,317.884,4
KY_LEXINGTON,38.0464066,-84.4970393,KY,LEXINGTON,Oconee-1,34.796,-82.894,United States,Operational,PWR,887.0,07-15-73,388.83,5
KY_LOUISVILLE,38.2542376,-85.759407,KY,LOUISVILLE,Watts Bar-1,35.601,-84.789,United States,Operational,PWR,1218.0,05-27-96,307.372,1
KY_LOUISVILLE,38.2542376,-85.759407,KY,LOUISVILLE,Watts Bar-2,35.601,-84.789,United States,Operational,PWR,1165.0,10-19-16,307.372,2
KY_LOUISVILLE,38.2542376,-85.759407,KY,LOUISVILLE,Clinton-1,40.172,-88.834,United States,Operational,BWR,950.0,11-24-87,340.019,3
KY_LOUISVILLE,38.2542376,-85.759407,KY,LOUISVILLE,Sequoyah-1,35.228,-85.094,United States,Operational,PWR,1148.0,07-01-81,341.683,4
KY_LOUISVILLE,38.2542376,-85.759407,KY,LOUISVILLE,Sequoyah-2,35.228,-85.094,United States,Operational,PWR,1148.0,06-01-82,341.683,5
KY_PADUCAH,37.0833893,-88.6000478,KY,PADUCAH,Browns Ferry-2,34.704,-87.119,United States,Operational,BWR,1065.0,03-01-75,296.298,1
KY_PADUCAH,37.0833893,-88.6000478,KY,PADUCAH,Browns Ferry-3,34.704,-87.119,United States,Operational,BWR,1065.0,03-01-77,296.298,2
KY_PADUCAH,37.0833893,-88.6000478,KY,PADUCAH,Browns Ferry-1,34.704,-87.119,United States,Operational,BWR,1065.0,12-20-74,296.298,3
KY_PADUCAH,37.0833893,-88.6000478,KY,PADUCAH,Callaway-1,38.763,-91.781,United States,Operational,PWR,1171.0,12-19-84,335.719,4
KY_PADUCAH,37.0833893,-88.6000478,KY,PADUCAH,Clinton-1,40.172,-88.834,United States,Operational,BWR,950.0,11-24-87,344.038,5
LA_BATON_ROUGE,30.4494155,-91.1869659,LA,BATON ROUGE,River Bend-1,30.727,-91.372,United States,Operational,BWR,966.0,06-16-86,35.587,1
LA_BATON_ROUGE,30.4494155,-91.1869659,LA,BATON ROUGE,Waterford-3,29.994,-90.471,United States,Operational,PWR,1104.0,09-24-85,85.42,2
LA_BATON_ROUGE,30.4494155,-91.1869659,LA,BATON ROUGE,Grand Gulf-1,32.007,-91.045,United States,Operational,BWR,1250.0,07-01-85,173.721,3
LA_BATON_ROUGE,30.4494155,-91.1869659,LA,BATON ROUGE,South Texas-1,28.797,-96.044,United States,Operational,PWR,1250.0,08-25-88,504.099,4
LA_BATON_ROUGE,30.4494155,-91.1869659,LA,BATON ROUGE,South Texas-2,28.796,-96.044,United States,Operational,PWR,1250.0,06-19-89,504.142,5
LA_SHREVEPORT,32.5135356,-93.7477839,LA,SHREVEPORT,Grand Gulf-1,32.007,-91.045,United States,Operational,BWR,1250.0,07-01-85,260.301,1
LA_SHREVEPORT,32.5135356,-93.7477839,LA,SHREVEPORT,River Bend-1,30.727,-91.372,United States,Operational,BWR,966.0,06-16-86,300.096,2
LA_SHREVEPORT,32.5135356,-93.7477839,LA,SHREVEPORT,Arkansas Nuclear One-1 (ANO-1),35.31,-93.23,United States,Operational,PWR,850.0,12-19-74,314.601,3
LA_SHREVEPORT,32.5135356,-93.7477839,LA,SHREVEPORT,Arkansas Nuclear One-2 (ANO-2),35.31,-93.229,United States,Operational,PWR,912.0,03-26-80,314.615,4
LA_SHREVEPORT,32.5135356,-93.7477839,LA,SHREVEPORT,Comanche Peak-2,32.301,-97.787,United States,Operational,PWR,1150.0,08-03-93,379.904,5
MA_BOSTON,42.3588336,-71.0578303,MA,BOSTON,Seabrook-1,42.897,-70.849,United States,Operational,PWR,1149.0,08-19-90,62.233,1
MA_BOSTON,42.3588336,-71.0578303,MA,BOSTON,Millstone-2,41.312,-72.166,United States,Operational,PWR,870.0,12-26-75,148.248,2
MA_BOSTON,42.3588336,-71.0578303,MA,BOSTON,Millstone-3,41.312,-72.166,United States,Operational,PWR,1159.0,04-23-86,148.248,3
MA_BOSTON,42.3588336,-71.0578303,MA,BOSTON,Susquehanna-2,41.093,-76.143,United States,Operational,BWR,1065.0,02-12-85,444.781,4
MA_BOSTON,42.3588336,-71.0578303,MA,BOSTON,Susquehanna-1,41.093,-76.143,United States,Operational,BWR,1065.0,06-08-83,444.781,5
MA_WORCESTER,42.2625621,-71.8018877,MA,WORCESTER,Seabrook-1,42.897,-70.849,United States,Operational,PWR,1149.0,08-19-90,105.183,1
MA_WORCESTER,42.2625621,-71.8018877,MA,WORCESTER,Millstone-3,41.312,-72.166,United States,Operational,PWR,1159.0,04-23-86,109.924,2
MA_WORCESTER,42.2625621,-71.8018877,MA,WORCESTER,Millstone-2,41.312,-72.166,United States,Operational,PWR,870.0,12-26-75,109.924,3
MA_WORCESTER,42.2625621,-71.8018877,MA,WORCESTER,Susquehanna-1,41.093,-76.143,United States,Operational,BWR,1065.0,06-08-83,383.216,4
MA_WORCESTER,42.2625621,-71.8018877,MA,WORCESTER,Susquehanna-2,41.093,-76.143,United States,Operational,BWR,1065.0,02-12-85,383.216,5
MD_BALTIMORE,39.2908816,-76.610759,MD,BALTIMORE,Peach Bottom-3,39.759,-76.27,United States,Operational,BWR,1065.0,12-23-74,59.696,1
MD_BALTIMORE,39.2908816,-76.610759,MD,BALTIMORE,Peach Bottom-2,39.759,-76.27,United States,Operational,BWR,1065.0,07-05-74,59.696,2
MD_BALTIMORE,39.2908816,-76.610759,MD,BALTIMORE,Salem-1,39.463,-75.534,United States,Operational,PWR,1090.0,06-30-77,94.508,3
MD_BALTIMORE,39.2908816,-76.610759,MD,BALTIMORE,Salem-2,39.463,-75.534,United States,Operational,PWR,1115.0,10-13-81,94.508,4
MD_BALTIMORE,39.2908816,-76.610759,MD,BALTIMORE,Hope Creek-1,39.467,-75.535,United States,Operational,BWR,1067.0,12-20-86,94.512,5
ME_ORONO,44.883607,-68.672791,ME,ORONO,Point Lepreau,45.068,-66.455,Canada,Operational,PHWR,660.0,02-01-83,175.646,1
ME_ORONO,44.883607,-68.672791,ME,ORONO,Seabrook-1,42.897,-70.849,United States,Operational,PWR,1149.0,08-19-90,281.417,2
ME_ORONO,44.883607,-68.672791,ME,ORONO,Millstone-3,41.312,-72.166,United States,Operational,PWR,1159.0,04-23-86,487.915,3
ME_ORONO,44.883607,-68.672791,ME,ORONO,Millstone-2,41.312,-72.166,United States,Operational,PWR,870.0,12-26-75,487.915,4
ME_ORONO,44.883607,-68.672791,ME,ORONO,FitzPatrick,43.521,-76.403,United States,Operational,BWR,821.0,07-28-75,634.283,5
ME_PORTLAND,43.6573605,-70.2586618,ME,PORTLAND,Seabrook-1,42.897,-70.849,United States,Operational,PWR,1149.0,08-19-90,97.12,1
ME_PORTLAND,43.6573605,-70.2586618,ME,PORTLAND,Millstone-2,41.312,-72.166,United States,Operational,PWR,870.0,12-26-75,304.076,2
ME_PORTLAND,43.6573605,-70.2586618,ME,PORTLAND,Millstone-3,41.312,-72.166,United States,Operational,PWR,1159.0,04-23-86,304.076,3
ME_PORTLAND,43.6573605,-70.2586618,ME,PORTLAND,Point Lepreau,45.068,-66.455,Canada,Operational,PHWR,660.0,02-01-83,340.59,4
ME_PORTLAND,43.6573605,-70.2586618,ME,PORTLAND,FitzPatrick,43.521,-76.403,United States,Operational,BWR,821.0,07-28-75,494.976,5
MI_BAY_CITY,43.5962107,-83.8881711,MI,BAY CITY,Enrico Fermi-2,41.96,-83.257,United States,Operational,BWR,1093.0,01-23-88,189.089,1
MI_BAY_CITY,43.5962107,-83.8881711,MI,BAY CITY,Bruce-2,44.341,-81.572,Canada,Operational,PHWR,732.0,09-01-77,203.011,2
MI_BAY_CITY,43.5962107,-83.8881711,MI,BAY CITY,Bruce-4,44.341,-81.572,Canada,Operational,PHWR,750.0,01-18-79,203.011,3
MI_BAY_CITY,43.5962107,-83.8881711,MI,BAY CITY,Bruce-3,44.341,-81.572,Canada,Operational,PHWR,750.0,02-01-78,203.011,4
MI_BAY_CITY,43.5962107,-83.8881711,MI,BAY CITY,Bruce-1,44.341,-81.572,Canada,Operational,PHWR,732.0,09-01-77,203.011,5
MI_DETROIT,42.3315509,-83.0466403,MI,DETROIT,Enrico Fermi-2,41.96,-83.257,United States,Operational,BWR,1093.0,01-23-88,44.807,1
MI_DETROIT,42.3315509,-83.0466403,MI,DETROIT,Davis Besse-1,41.597,-83.092,United States,Operational,PWR,906.0,07-31-78,81.764,2
MI_DETROIT,42.3315509,-83.0466403,MI,DETROIT,Perry-1,41.801,-81.147,United States,Operational,BWR,1205.0,11-18-87,167.537,3
MI_DETROIT,42.3315509,-83.0466403,MI,DETROIT,Bruce-2,44.341,-81.572,Canada,Operational,PHWR,732.0,09-01-77,253.266,4
MI_DETROIT,42.3315509,-83.0466403,MI,DETROIT,Bruce-1,44.341,-81.572,Canada,Operational,PHWR,732.0,09-01-77,253.266,5
MI_GRAND_RAPIDS,42.9632425,-85.6678639,MI,GRAND RAPIDS,Donald Cook-2,41.975,-86.564,United States,Operational,PWR,1100.0,07-01-78,132.202,1
MI_GRAND_RAPIDS,42.9632425,-85.6678639,MI,GRAND RAPIDS,Donald Cook-1,41.975,-86.564,United States,Operational,PWR,1030.0,08-28-75,132.202,2
MI_GRAND_RAPIDS,42.9632425,-85.6678639,MI,GRAND RAPIDS,Point Beach-1,44.282,-87.534,United States,Operational,PWR,497.0,12-21-70,209.91,3
MI_GRAND_RAPIDS,42.9632425,-85.6678639,MI,GRAND RAPIDS,Point Beach-2,44.282,-87.534,United States,Operational,PWR,497.0,10-01-72,209.91,4
MI_GRAND_RAPIDS,42.9632425,-85.6678639,MI,GRAND RAPIDS,Enrico Fermi-2,41.96,-83.257,United States,Operational,BWR,1093.0,01-23-88,227.047,5
MN_DULUTH,46.7838287,-92.1052679,MN,DULUTH,Monticello,45.334,-93.85,United States,Operational,BWR,545.0,06-30-71,210.02,1
MN_DULUTH,46.7838287,-92.1052679,MN,DULUTH,Prairie Island-2,44.622,-92.631,United States,Operational,PWR,530.0,12-21-74,243.825,2
MN_DULUTH,46.7838287,-92.1052679,MN,DULUTH,Prairie Island-1,44.622,-92.631,United States,Operational,PWR,530.0,12-16-73,243.825,3
MN_DULUTH,46.7838287,-92.1052679,MN,DULUTH,Point Beach-1,44.282,-87.534,United States,Operational,PWR,497.0,12-21-70,451.725,4
MN_DULUTH,46.7838287,-92.1052679,MN,DULUTH,Point Beach-2,44.282,-87.534,United States,Operational,PWR,497.0,10-01-72,451.725,5
MN_ST._PAUL,44.9497487,-93.0931028,MN,ST. PAUL,Prairie Island-2,44.622,-92.631,United States,Operational,PWR,530.0,12-21-74,51.557,1
MN_ST._PAUL,44.9497487,-93.0931028,MN,ST. PAUL,Prairie Island-1,44.622,-92.631,United States,Operational,PWR,530.0,12-16-73,51.557,2
MN_ST._PAUL,44.9497487,-93.0931028,MN,ST. PAUL,Monticello,45.334,-93.85,United States,Operational,BWR,545.0,06-30-71,73.141,3
MN_ST._PAUL,44.9497487,-93.0931028,MN,ST. PAUL,Quad Cities-1,41.727,-90.308,United States,Operational,BWR,789.0,02-18-73,423.198,4
MN_ST._PAUL,44.9497487,-93.0931028,MN,ST. PAUL,Quad Cities-2,41.727,-90.308,United States,Operational,BWR,789.0,03-10-73,423.198,5
MO_JEFFERSON_CITY,38.577359,-92.1724265,MO,JEFFERSON CITY,Callaway-1,38.763,-91.781,United States,Operational,PWR,1171.0,12-19-84,39.76,1
MO_JEFFERSON_CITY,38.577359,-92.1724265,MO,JEFFERSON CITY,Wolf Creek,38.239,-95.691,United States,Operational,PWR,1170.0,09-03-85,308.864,2
MO_JEFFERSON_CITY,38.577359,-92.1724265,MO,JEFFERSON CITY,Clinton-1,40.172,-88.834,United States,Operational,BWR,950.0,11-24-87,337.282,3
MO_JEFFERSON_CITY,38.577359,-92.1724265,MO,JEFFERSON CITY,Cooper,40.361,-95.643,United States,Operational,BWR,778.0,07-01-74,357.845,4
MO_JEFFERSON_CITY,38.577359,-92.1724265,MO,JEFFERSON CITY,Arkansas Nuclear One-2 (ANO-2),35.31,-93.229,United States,Operational,PWR,912.0,03-26-80,375.243,5
MO_SPRINGFIELD,37.2081729,-93.2922715,MO,SPRINGFIELD,Arkansas Nuclear One-1 (ANO-1),35.31,-93.23,United States,Operational,PWR,850.0,12-19-74,211.141,1
MO_SPRINGFIELD,37.2081729,-93.2922715,MO,SPRINGFIELD,Arkansas Nuclear One-2 (ANO-2),35.31,-93.229,United States,Operational,PWR,912.0,03-26-80,211.143,2
MO_SPRINGFIELD,37.2081729,-93.2922715,MO,SPRINGFIELD,Callaway-1,38.763,-91.781,United States,Operational,PWR,1171.0,12-19-84,217.783,3
MO_SPRINGFIELD,37.2081729,-93.2922715,MO,SPRINGFIELD,Wolf Creek,38.239,-95.691,United States,Operational,PWR,1170.0,09-03-85,240.088,4
MO_SPRINGFIELD,37.2081729,-93.2922715,MO,SPRINGFIELD,Cooper,40.361,-95.643,United States,Operational,BWR,778.0,07-01-74,405.448,5
MO_ST._LOUIS,38.6254063,-90.190009,MO,ST. LOUIS,Callaway-1,38.763,-91.781,United States,Operational,PWR,1171.0,12-19-84,138.92,1
MO_ST._LOUIS,38.6254063,-90.190009,MO,ST. LOUIS,Clinton-1,40.172,-88.834,United States,Operational,BWR,950.0,11-24-87,207.721,2
MO_ST._LOUIS,38.6254063,-90.190009,MO,ST. LOUIS,LaSalle-1,41.246,-88.672,United States,Operational,BWR,1078.0,01-01-84,318.832,3
MO_ST._LOUIS,38.6254063,-90.190009,MO,ST. LOUIS,LaSalle-2,41.246,-88.672,United States,Operational,BWR,1078.0,10-19-84,318.832,4
MO_ST._LOUIS,38.6254063,-90.190009,MO,ST. LOUIS,Braidwood-2,41.247,-88.23,United States,Operational,PWR,1120.0,10-17-88,335.986,5
MS_JACKSON,32.2998686,-90.1830408,MS,JACKSON,Grand Gulf-1,32.007,-91.045,United States,Operational,BWR,1250.0,07-01-85,87.436,1
MS_JACKSON,32.2998686,-90.1830408,MS,JACKSON,River Bend-1,30.727,-91.372,United States,Operational,BWR,966.0,06-16-86,208.061,2
MS_JACKSON,32.2998686,-90.1830408,MS,JACKSON,Waterford-3,29.994,-90.471,United States,Operational,PWR,1104.0,09-24-85,257.861,3
MS_JACKSON,32.2998686,-90.1830408,MS,JACKSON,Browns Ferry-2,34.704,-87.119,United States,Operational,BWR,1065.0,03-01-75,390.058,4
MS_JACKSON,32.2998686,-90.1830408,MS,JACKSON,Browns Ferry-1,34.704,-87.119,United States,Operational,BWR,1065.0,12-20-74,390.058,5
MT_BILLINGS,45.7874957,-108.49607,MT,BILLINGS,Columbia (WNP-2),46.471,-119.333,United States,Operational,BWR,1100.0,12-13-84,837.899,1
MT_BILLINGS,45.7874957,-108.49607,MT,BILLINGS,Monticello,45.334,-93.85,United States,Operational,BWR,545.0,06-30-71,1139.763,2
MT_BILLINGS,45.7874957,-108.49607,MT,BILLINGS,Cooper,40.361,-95.643,United States,Operational,BWR,778.0,07-01-74,1203.704,3
MT_BILLINGS,45.7874957,-108.49607,MT,BILLINGS,Prairie Island-1,44.622,-92.631,United States,Operational,PWR,530.0,12-16-73,1247.609,4
MT_BILLINGS,45.7874957,-108.49607,MT,BILLINGS,Prairie Island-2,44.622,-92.631,United States,Operational,PWR,530.0,12-21-74,1247.609,5
MT_KALISPELL,48.202158,-114.315321,MT,KALISPELL,Columbia (WNP-2),46.471,-119.333,United States,Operational,BWR,1100.0,12-13-84,424.174,1
MT_KALISPELL,48.202158,-114.315321,MT,KALISPELL,Diablo Canyon-2,35.212,-120.854,United States,Operational,PWR,1106.0,03-13-86,1541.626,2
MT_KALISPELL,48.202158,-114.315321,MT,KALISPELL,Diablo Canyon-1,35.212,-120.854,United States,Operational,PWR,1084.0,05-07-85,1541.626,3
MT_KALISPELL,48.202158,-114.315321,MT,KALISPELL,Monticello,45.334,-93.85,United States,Operational,BWR,545.0,06-30-71,1585.967,4
MT_KALISPELL,48.202158,-114.315321,MT,KALISPELL,Palo Verde-1,33.387,-112.863,United States,Operational,PWR,1221.0,01-28-86,1651.819,5
NC_CHARLOTTE,35.2272086,-80.8430827,NC,CHARLOTTE,McGuire-2,35.433,-80.946,United States,Operational,PWR,1180.0,03-01-84,24.714,1
NC_CHARLOTTE,35.2272086,-80.8430827,NC,CHARLOTTE,McGuire-1,35.433,-80.946,United States,Operational,PWR,1180.0,12-01-81,24.714,2
NC_CHARLOTTE,35.2272086,-80.8430827,NC,CHARLOTTE,Catawba-2,35.053,-81.071,United States,Operational,PWR,1145.0,08-19-86,28.368,3
NC_CHARLOTTE,35.2272086,-80.8430827,NC,CHARLOTTE,Catawba-1,35.053,-81.071,United States,Operational,PWR,1145.0,06-29-85,28.368,4
NC_CHARLOTTE,35.2272086,-80.8430827,NC,CHARLOTTE,H. B. Robinson-2,34.402,-80.158,United States,Operational,PWR,700.0,03-07-71,111.045,5
NC_GREENSBORO,36.0726355,-79.7919754,NC,GREENSBORO,Shearon Harris-1,35.635,-78.955,United States,Operational,PWR,900.0,05-02-87,89.766,1
NC_GREENSBORO,36.0726355,-79.7919754,NC,GREENSBORO,McGuire-2,35.433,-80.946,United States,Operational,PWR,1180.0,03-01-84,126.108,2
NC_GREENSBORO,36.0726355,-79.7919754,NC,GREENSBORO,McGuire-1,35.433,-80.946,United States,Operational,PWR,1180.0,12-01-81,126.108,3
NC_GREENSBORO,36.0726355,-79.7919754,NC,GREENSBORO,Catawba-2,35.053,-81.071,United States,Operational,PWR,1145.0,08-19-86,161.983,4
NC_GREENSBORO,36.0726355,-79.7919754,NC,GREENSBORO,Catawba-1,35.053,-81.071,United States,Operational,PWR,1145.0,06-29-85,161.983,5
NC_RALEIGH,35.7803977,-78.6390989,NC,RALEIGH,Shearon Harris-1,35.635,-78.955,United States,Operational,PWR,900.0,05-02-87,32.786,1
NC_RALEIGH,35.7803977,-78.6390989,NC,RALEIGH,H. B. Robinson-2,34.402,-80.158,United States,Operational,PWR,700.0,03-07-71,206.367,2
NC_RALEIGH,35.7803977,-78.6390989,NC,RALEIGH,Brunswick-2,33.958,-78.007,United States,Operational,BWR,821.0,11-03-75,210.685,3
NC_RALEIGH,35.7803977,-78.6390989,NC,RALEIGH,Brunswick-1,33.958,-78.007,United States,Operational,BWR,821.0,03-18-77,210.685,4
NC_RALEIGH,35.7803977,-78.6390989,NC,RALEIGH,McGuire-1,35.433,-80.946,United States,Operational,PWR,1180.0,12-01-81,212.097,5
NC_WILMINGTON,34.2352853,-77.9487284,NC,WILMINGTON,Brunswick-1,33.958,-78.007,United States,Operational,BWR,821.0,03-18-77,31.296,1
NC_WILMINGTON,34.2352853,-77.9487284,NC,WILMINGTON,Brunswick-2,33.958,-78.007,United States,Operational,BWR,821.0,11-03-75,31.296,2
NC_WILMINGTON,34.2352853,-77.9487284,NC,WILMINGTON,Shearon Harris-1,35.635,-78.955,United States,Operational,PWR,900.0,05-02-87,180.658,3
NC_WILMINGTON,34.2352853,-77.9487284,NC,WILMINGTON,H. B. Robinson-2,34.402,-80.158,United States,Operational,PWR,700.0,03-07-71,203.735,4
NC_WILMINGTON,34.2352853,-77.9487284,NC,WILMINGTON,Catawba-1,35.053,-81.071,United States,Operational,PWR,1145.0,06-29-85,299.732,5
ND_BISMARCK,46.808327,-100.783739,ND,BISMARCK,Monticello,45.334,-93.85,United States,Operational,BWR,545.0,06-30-71,559.227,1
ND_BISMARCK,46.808327,-100.783739,ND,BISMARCK,Prairie Island-1,44.622,-92.631,United States,Operational,PWR,530.0,12-16-73,677.648,2
ND_BISMARCK,46.808327,-100.783739,ND,BISMARCK,Prairie Island-2,44.622,-92.631,United States,Operational,PWR,530.0,12-21-74,677.648,3
ND_BISMARCK,46.808327,-100.783739,ND,BISMARCK,Cooper,40.361,-95.643,United States,Operational,BWR,778.0,07-01-74,827.452,4
ND_BISMARCK,46.808327,-100.783739,ND,BISMARCK,Quad Cities-1,41.727,-90.308,United States,Operational,BWR,789.0,02-18-73,1006.142,5
NE_KEARNEY,40.4906216,-98.9472344,NE,KEARNEY,Cooper,40.361,-95.643,United States,Operational,BWR,778.0,07-01-74,280.047,1
NE_KEARNEY,40.4906216,-98.9472344,NE,KEARNEY,Wolf Creek,38.239,-95.691,United States,Operational,PWR,1170.0,09-03-85,375.508,2
NE_KEARNEY,40.4906216,-98.9472344,NE,KEARNEY,Callaway-1,38.763,-91.781,United States,Operational,PWR,1171.0,12-19-84,642.883,3
NE_KEARNEY,40.4906216,-98.9472344,NE,KEARNEY,Monticello,45.334,-93.85,United States,Operational,BWR,545.0,06-30-71,679.664,4
NE_KEARNEY,40.4906216,-98.9472344,NE,KEARNEY,Prairie Island-2,44.622,-92.631,United States,Operational,PWR,530.0,12-21-74,691.486,5
NE_LINCOLN,40.8088861,-96.7077751,NE,LINCOLN,Cooper,40.361,-95.643,United States,Operational,BWR,778.0,07-01-74,102.786,1
NE_LINCOLN,40.8088861,-96.7077751,NE,LINCOLN,Wolf Creek,38.239,-95.691,United States,Operational,PWR,1170.0,09-03-85,298.763,2
NE_LINCOLN,40.8088861,-96.7077751,NE,LINCOLN,Callaway-1,38.763,-91.781,United States,Operational,PWR,1171.0,12-19-84,478.405,3
NE_LINCOLN,40.8088861,-96.7077751,NE,LINCOLN,Prairie Island-1,44.622,-92.631,United States,Operational,PWR,530.0,12-16-73,539.018,4
NE_LINCOLN,40.8088861,-96.7077751,NE,LINCOLN,Prairie Island-2,44.622,-92.631,United States,Operational,PWR,530.0,12-21-74,539.018,5
NE_OMAHA,41.2587459,-95.9383758,NE,OMAHA,Cooper,40.361,-95.643,United States,Operational,BWR,778.0,07-01-74,102.873,1
NE_OMAHA,41.2587459,-95.9383758,NE,OMAHA,Wolf Creek,38.239,-95.691,United States,Operational,PWR,1170.0,09-03-85,336.445,2
NE_OMAHA,41.2587459,-95.9383758,NE,OMAHA,Callaway-1,38.763,-91.781,United States,Operational,PWR,1171.0,12-19-84,449.772,3
NE_OMAHA,41.2587459,-95.9383758,NE,OMAHA,Prairie Island-1,44.622,-92.631,United States,Operational,PWR,530.0,12-16-73,460.714,4
NE_OMAHA,41.2587459,-95.9383758,NE,OMAHA,Prairie Island-2,44.622,-92.631,United States,Operational,PWR,530.0,12-21-74,460.714,5
NH_CONCORD,43.207178,-71.537476,NH,CONCORD,Seabrook-1,42.897,-70.849,United States,Operational,PWR,1149.0,08-19-90,65.719,1
NH_CONCORD,43.207178,-71.537476,NH,CONCORD,Millstone-3,41.312,-72.166,United States,Operational,PWR,1159.0,04-23-86,216.987,2
NH_CONCORD,43.207178,-71.537476,NH,CONCORD,Millstone-2,41.312,-72.166,United States,Operational,PWR,870.0,12-26-75,216.987,3
NH_CONCORD,43.207178,-71.537476,NH,CONCORD,FitzPatrick,43.521,-76.403,United States,Operational,BWR,821.0,07-28-75,394.813,4
NH_CONCORD,43.207178,-71.537476,NH,CONCORD,Nine Mile Point-1,43.522,-76.412,United States,Operational,BWR,620.0,12-01-69,395.544,5
NH_PORTSMOUTH,43.0751306,-70.7601826,NH,PORTSMOUTH,Seabrook-1,42.897,-70.849,United States,Operational,PWR,1149.0,08-19-90,21.084,1
NH_PORTSMOUTH,43.0751306,-70.7601826,NH,PORTSMOUTH,Millstone-2,41.312,-72.166,United States,Operational,PWR,870.0,12-26-75,227.695,2
NH_PORTSMOUTH,43.0751306,-70.7601826,NH,PORTSMOUTH,Millstone-3,41.312,-72.166,United States,Operational,PWR,1159.0,04-23-86,227.695,3
NH_PORTSMOUTH,43.0751306,-70.7601826,NH,PORTSMOUTH,Point Lepreau,45.068,-66.455,Canada,Operational,PHWR,660.0,02-01-83,409.059,4
NH_PORTSMOUTH,43.0751306,-70.7601826,NH,PORTSMOUTH,FitzPatrick,43.521,-76.403,United States,Operational,BWR,821.0,07-28-75,459.25,5
NJ_EDISON,40.5005351,-74.3983939,NJ,EDISON,Limerick-1,40.225,-75.584,United States,Operational,BWR,1055.0,02-01-86,105.019,1
NJ_EDISON,40.5005351,-74.3983939,NJ,EDISON,Limerick-2,40.225,-75.584,United States,Operational,BWR,1055.0,01-08-90,105.019,2
NJ_EDISON,40.5005351,-74.3983939,NJ,EDISON,Hope Creek-1,39.467,-75.535,United States,Operational,BWR,1067.0,12-20-86,150.281,3
NJ_EDISON,40.5005351,-74.3983939,NJ,EDISON,Salem-2,39.463,-75.534,United States,Operational,PWR,1115.0,10-13-81,150.569,4
NJ_EDISON,40.5005351,-74.3983939,NJ,EDISON,Salem-1,39.463,-75.534,United States,Operational,PWR,1090.0,06-30-77,150.569,5
NM_ALBUQUERQUE,35.0841034,-106.650985,NM,ALBUQUERQUE,Palo Verde-3,33.387,-112.863,United States,Operational,PWR,1304.0,01-08-88,601.301,1
NM_ALBUQUERQUE,35.0841034,-106.650985,NM,ALBUQUERQUE,Palo Verde-1,33.387,-112.863,United States,Operational,PWR,1221.0,01-28-86,601.301,2
NM_ALBUQUERQUE,35.0841034,-106.650985,NM,ALBUQUERQUE,Palo Verde-2,33.387,-112.863,United States,Operational,PWR,1304.0,09-19-86,601.301,3
NM_ALBUQUERQUE,35.0841034,-106.650985,NM,ALBUQUERQUE,Comanche Peak-2,32.301,-97.787,United States,Operational,PWR,1150.0,08-03-93,876.107,4
NM_ALBUQUERQUE,35.0841034,-106.650985,NM,ALBUQUERQUE,Comanche Peak-1,32.301,-97.787,United States,Operational,PWR,1150.0,08-13-90,876.107,5
NM_CARLSBAD,32.4257456,-104.237612,NM,CARLSBAD,Comanche Peak-2,32.301,-97.787,United States,Operational,PWR,1150.0,08-03-93,605.928,1
NM_CARLSBAD,32.4257456,-104.237612,NM,CARLSBAD,Comanche Peak-1,32.301,-97.787,United States,Operational,PWR,1150.0,08-13-90,605.928,2
NM_CARLSBAD,32.4257456,-104.237612,NM,CARLSBAD,Palo Verde-3,33.387,-112.863,United States,Operational,PWR,1304.0,01-08-88,812.04,3
NM_CARLSBAD,32.4257456,-104.237612,NM,CARLSBAD,Palo Verde-2,33.387,-112.863,United States,Operational,PWR,1304.0,09-19-86,812.04,4
NM_CARLSBAD,32.4257456,-104.237612,NM,CARLSBAD,Palo Verde-1,33.387,-112.863,United States,Operational,PWR,1221.0,01-28-86,812.04,5
NM_NAVAJO_LAKE,36.921414,-107.4508226,NM,NAVAJO LAKE,Palo Verde-2,33.387,-112.863,United States,Operational,PWR,1304.0,09-19-86,629.531,1
NM_NAVAJO_LAKE,36.921414,-107.4508226,NM,NAVAJO LAKE,Palo Verde-3,33.387,-112.863,United States,Operational,PWR,1304.0,01-08-88,629.531,2
NM_NAVAJO_LAKE,36.921414,-107.4508226,NM,NAVAJO LAKE,Palo Verde-1,33.387,-112.863,United States,Operational,PWR,1221.0,01-28-86,629.531,3
NM_NAVAJO_LAKE,36.921414,-107.4508226,NM,NAVAJO LAKE,Comanche Peak-2,32.301,-97.787,United States,Operational,PWR,1150.0,08-03-93,1022.0,4
NM_NAVAJO_LAKE,36.921414,-107.4508226,NM,NAVAJO LAKE,Comanche Peak-1,32.301,-97.787,United States,Operational,PWR,1150.0,08-13-90,1022.0,5
NV_LAS_VEGAS,36.1674263,-115.1484131,NV,LAS VEGAS,Palo Verde-2,33.387,-112.863,United States,Operational,PWR,1304.0,09-19-86,373.005,1
NV_LAS_VEGAS,36.1674263,-115.1484131,NV,LAS VEGAS,Palo Verde-3,33.387,-112.863,United States,Operational,PWR,1304.0,01-08-88,373.005,2
NV_LAS_VEGAS,36.1674263,-115.1484131,NV,LAS VEGAS,Palo Verde-1,33.387,-112.863,United States,Operational,PWR,1221.0,01-28-86,373.005,3
NV_LAS_VEGAS,36.1674263,-115.1484131,NV,LAS VEGAS,Diablo Canyon-2,35.212,-120.854,United States,Operational,PWR,1106.0,03-13-86,526.031,4
NV_LAS_VEGAS,36.1674263,-115.1484131,NV,LAS VEGAS,Diablo Canyon-1,35.212,-120.854,United States,Operational,PWR,1084.0,05-07-85,526.031,5
NV_RENO,39.5261788,-119.812658,NV,RENO,Diablo Canyon-2,35.212,-120.854,United States,Operational,PWR,1106.0,03-13-86,488.45,1
NV_RENO,39.5261788,-119.812658,NV,RENO,Diablo Canyon-1,35.212,-120.854,United States,Operational,PWR,1084.0,05-07-85,488.45,2
NV_RENO,39.5261788,-119.812658,NV,RENO,Columbia (WNP-2),46.471,-119.333,United States,Operational,BWR,1100.0,12-13-84,773.209,3
NV_RENO,39.5261788,-119.812658,NV,RENO,Palo Verde-3,33.387,-112.863,United States,Operational,PWR,1304.0,01-08-88,922.592,4
NV_RENO,39.5261788,-119.812658,NV,RENO,Palo Verde-2,33.387,-112.863,United States,Operational,PWR,1304.0,09-19-86,922.592,5
NY_ALBANY,42.6511674,-73.754968,NY,ALBANY,Millstone-2,41.312,-72.166,United States,Operational,PWR,870.0,12-26-75,198.547,1
NY_ALBANY,42.6511674,-73.754968,NY,ALBANY,Millstone-3,41.312,-72.166,United States,Operational,PWR,1159.0,04-23-86,198.547,2
NY_ALBANY,42.6511674,-73.754968,NY,ALBANY,FitzPatrick,43.521,-76.403,United States,Operational,BWR,821.0,07-28-75,235.779,3
NY_ALBANY,42.6511674,-73.754968,NY,ALBANY,Nine Mile Point-2,43.522,-76.412,United States,Operational,BWR,1100.0,03-11-88,236.489,4
NY_ALBANY,42.6511674,-73.754968,NY,ALBANY,Nine Mile Point-1,43.522,-76.412,United States,Operational,BWR,620.0,12-01-69,236.489,5
NY_LOCKPORT,43.1687104,-78.696567,NY,LOCKPORT,Pickering-4,43.812,-79.07,Canada,Operational,PHWR,508.0,06-17-73,77.615,1
NY_LOCKPORT,43.1687104,-78.696567,NY,LOCKPORT,Pickering-1,43.812,-79.07,Canada,Operational,PHWR,508.0,07-29-71,77.615,2
NY_LOCKPORT,43.1687104,-78.696567,NY,LOCKPORT,Pickering-6,43.812,-79.07,Canada,Operational,PHWR,516.0,02-01-84,77.615,3
NY_LOCKPORT,43.1687104,-78.696567,NY,LOCKPORT,Pickering-5,43.812,-79.07,Canada,Operational,PHWR,516.0,05-10-83,77.615,4
NY_LOCKPORT,43.1687104,-78.696567,NY,LOCKPORT,Pickering-8,43.812,-79.07,Canada,Operational,PHWR,516.0,02-28-86,77.615,5
NY_NEW_YORK_CITY,40.7127281,-74.0060152,NY,NEW YORK CITY,Limerick-1,40.225,-75.584,United States,Operational,BWR,1055.0,02-01-86,144.079,1
NY_NEW_YORK_CITY,40.7127281,-74.0060152,NY,NEW YORK CITY,Limerick-2,40.225,-75.584,United States,Operational,BWR,1055.0,01-08-90,144.079,2
NY_NEW_YORK_CITY,40.7127281,-74.0060152,NY,NEW YORK CITY,Millstone-2,41.312,-72.166,United States,Operational,PWR,870.0,12-26-75,168.147,3
NY_NEW_YORK_CITY,40.7127281,-74.0060152,NY,NEW YORK CITY,Millstone-3,41.312,-72.166,United States,Operational,PWR,1159.0,04-23-86,168.147,4
NY_NEW_YORK_CITY,40.7127281,-74.0060152,NY,NEW YORK CITY,Susquehanna-2,41.093,-76.143,United States,Operational,BWR,1065.0,02-12-85,184.505,5
NY_ROCHESTER,43.157285,-77.615214,NY,ROCHESTER,R. E. Ginna,43.279,-77.311,United States,Operational,PWR,470.0,07-01-70,28.122,1
NY_ROCHESTER,43.157285,-77.615214,NY,ROCHESTER,Nine Mile Point-2,43.522,-76.412,United States,Operational,BWR,1100.0,03-11-88,105.418,2
NY_ROCHESTER,43.157285,-77.615214,NY,ROCHESTER,Nine Mile Point-1,43.522,-76.412,United States,Operational,BWR,620.0,12-01-69,105.418,3
NY_ROCHESTER,43.157285,-77.615214,NY,ROCHESTER,FitzPatrick,43.521,-76.403,United States,Operational,BWR,821.0,07-28-75,106.048,4
NY_ROCHESTER,43.157285,-77.615214,NY,ROCHESTER,Darlington-1,43.867,-78.724,Canada,Operational,PHWR,881.0,11-14-92,119.257,5
NY_SYRACUSE,43.0481221,-76.1474244,NY,SYRACUSE,FitzPatrick,43.521,-76.403,United States,Operational,BWR,821.0,07-28-75,56.505,1
NY_SYRACUSE,43.0481221,-76.1474244,NY,SYRACUSE,Nine Mile Point-1,43.522,-76.412,United States,Operational,BWR,620.0,12-01-69,56.879,2
NY_SYRACUSE,43.0481221,-76.1474244,NY,SYRACUSE,Nine Mile Point-2,43.522,-76.412,United States,Operational,BWR,1100.0,03-11-88,56.879,3
NY_SYRACUSE,43.0481221,-76.1474244,NY,SYRACUSE,R. E. Ginna,43.279,-77.311,United States,Operational,PWR,470.0,07-01-70,97.802,4
NY_SYRACUSE,43.0481221,-76.1474244,NY,SYRACUSE,Susquehanna-1,41.093,-76.143,United States,Operational,BWR,1065.0,06-08-83,217.4,5
NY_YAPHANK,40.832188,-72.9299685,NY,YAPHANK,Millstone-2,41.312,-72.166,United States,Operational,PWR,870.0,12-26-75,83.353,1
NY_YAPHANK,40.832188,-72.9299685,NY,YAPHANK,Millstone-3,41.312,-72.166,United States,Operational,PWR,1159.0,04-23-86,83.353,2
NY_YAPHANK,40.832188,-72.9299685,NY,YAPHANK,Limerick-1,40.225,-75.584,United States,Operational,BWR,1055.0,02-01-86,234.241,3
NY_YAPHANK,40.832188,-72.9299685,NY,YAPHANK,Limerick-2,40.225,-75.584,United States,Operational,BWR,1055.0,01-08-90,234.241,4
NY_YAPHANK,40.832188,-72.9299685,NY,YAPHANK,Hope Creek-1,39.467,-75.535,United States,Operational,BWR,1067.0,12-20-86,268.432,5
OH_CINCINNATI,39.1012809,-84.5127405,OH,CINCINNATI,Davis Besse-1,41.597,-83.092,United States,Operational,PWR,906.0,07-31-78,302.491,1
OH_CINCINNATI,39.1012809,-84.5127405,OH,CINCINNATI,Enrico Fermi-2,41.96,-83.257,United States,Operational,BWR,1093.0,01-23-88,335.112,2
OH_CINCINNATI,39.1012809,-84.5127405,OH,CINCINNATI,Donald Cook-2,41.975,-86.564,United States,Operational,PWR,1100.0,07-01-78,363.502,3
OH_CINCINNATI,39.1012809,-84.5127405,OH,CINCINNATI,Donald Cook-1,41.975,-86.564,United States,Operational,PWR,1030.0,08-28-75,363.502,4
OH_CINCINNATI,39.1012809,-84.5127405,OH,CINCINNATI,Beaver Valley-1,40.624,-80.432,United States,Operational,PWR,835.0,10-01-76,387.216,5
OH_CLEVELAND,41.4996574,-81.6936772,OH,CLEVELAND,Perry-1,41.801,-81.147,United States,Operational,BWR,1205.0,11-18-87,56.443,1
OH_CLEVELAND,41.4996574,-81.6936772,OH,CLEVELAND,Davis Besse-1,41.597,-83.092,United States,Operational,PWR,906.0,07-31-78,116.866,2
OH_CLEVELAND,41.4996574,-81.6936772,OH,CLEVELAND,Enrico Fermi-2,41.96,-83.257,United States,Operational,BWR,1093.0,01-23-88,139.461,3
OH_CLEVELAND,41.4996574,-81.6936772,OH,CLEVELAND,Beaver Valley-1,40.624,-80.432,United States,Operational,PWR,835.0,10-01-76,143.768,4
OH_CLEVELAND,41.4996574,-81.6936772,OH,CLEVELAND,Beaver Valley-2,40.624,-80.432,United States,Operational,PWR,836.0,11-17-87,143.768,5
OH_COLUMBUS,39.9622601,-83.0007065,OH,COLUMBUS,Davis Besse-1,41.597,-83.092,United States,Operational,PWR,906.0,07-31-78,181.937,1
OH_COLUMBUS,39.9622601,-83.0007065,OH,COLUMBUS,Enrico Fermi-2,41.96,-83.257,United States,Operational,BWR,1093.0,01-23-88,223.178,2
OH_COLUMBUS,39.9622601,-83.0007065,OH,COLUMBUS,Beaver Valley-1,40.624,-80.432,United States,Operational,PWR,835.0,10-01-76,229.941,3
OH_COLUMBUS,39.9622601,-83.0007065,OH,COLUMBUS,Beaver Valley-2,40.624,-80.432,United States,Operational,PWR,836.0,11-17-87,229.941,4
OH_COLUMBUS,39.9622601,-83.0007065,OH,COLUMBUS,Perry-1,41.801,-81.147,United States,Operational,BWR,1205.0,11-18-87,257.065,5
OH_TOLEDO,41.6529143,-83.5378173,OH,TOLEDO,Davis Besse-1,41.597,-83.092,United States,Operational,PWR,906.0,07-31-78,37.574,1
OH_TOLEDO,41.6529143,-83.5378173,OH,TOLEDO,Enrico Fermi-2,41.96,-83.257,United States,Operational,BWR,1093.0,01-23-88,41.325,2
OH_TOLEDO,41.6529143,-83.5378173,OH,TOLEDO,Perry-1,41.801,-81.147,United States,Operational,BWR,1205.0,11-18-87,199.084,3
OH_TOLEDO,41.6529143,-83.5378173,OH,TOLEDO,Donald Cook-1,41.975,-86.564,United States,Operational,PWR,1030.0,08-28-75,253.326,4
OH_TOLEDO,41.6529143,-83.5378173,OH,TOLEDO,Donald Cook-2,41.975,-86.564,United States,Operational,PWR,1100.0,07-01-78,253.326,5
OK_OKLAHOMA_CITY,35.4729886,-97.5170536,OK,OKLAHOMA CITY,Wolf Creek,38.239,-95.691,United States,Operational,PWR,1170.0,09-03-85,347.819,1
OK_OKLAHOMA_CITY,35.4729886,-97.5170536,OK,OKLAHOMA CITY,Comanche Peak-1,32.301,-97.787,United States,Operational,PWR,1150.0,08-13-90,353.588,2
OK_OKLAHOMA_CITY,35.4729886,-97.5170536,OK,OKLAHOMA CITY,Comanche Peak-2,32.301,-97.787,United States,Operational,PWR,1150.0,08-03-93,353.588,3
OK_OKLAHOMA_CITY,35.4729886,-97.5170536,OK,OKLAHOMA CITY,Arkansas Nuclear One-1 (ANO-1),35.31,-93.23,United States,Operational,PWR,850.0,12-19-74,389.003,4
OK_OKLAHOMA_CITY,35.4729886,-97.5170536,OK,OKLAHOMA CITY,Arkansas Nuclear One-2 (ANO-2),35.31,-93.229,United States,Operational,PWR,912.0,03-26-80,389.093,5
OK_TULSA,36.1563122,-95.9927516,OK,TULSA,Wolf Creek,38.239,-95.691,United States,Operational,PWR,1170.0,09-03-85,233.121,1
OK_TULSA,36.1563122,-95.9927516,OK,TULSA,Arkansas Nuclear One-1 (ANO-1),35.31,-93.23,United States,Operational,PWR,850.0,12-19-74,266.524,2
OK_TULSA,36.1563122,-95.9927516,OK,TULSA,Arkansas Nuclear One-2 (ANO-2),35.31,-93.229,United States,Operational,PWR,912.0,03-26-80,266.608,3
OK_TULSA,36.1563122,-95.9927516,OK,TULSA,Comanche Peak-1,32.301,-97.787,United States,Operational,PWR,1150.0,08-13-90,459.305,4
OK_TULSA,36.1563122,-95.9927516,OK,TULSA,Comanche Peak-2,32.301,-97.787,United States,Operational,PWR,1150.0,08-03-93,459.305,5
OR_CORVALLIS,44.5645659,-123.2620435,OR,CORVALLIS,Columbia (WNP-2),46.471,-119.333,United States,Operational,BWR,1100.0,12-13-84,372.284,1
OR_CORVALLIS,44.5645659,-123.2620435,OR,CORVALLIS,Diablo Canyon-2,35.212,-120.854,United States,Operational,PWR,1106.0,03-13-86,1059.92,2
OR_CORVALLIS,44.5645659,-123.2620435,OR,CORVALLIS,Diablo Canyon-1,35.212,-120.854,United States,Operational,PWR,1084.0,05-07-85,1059.92,3
OR_CORVALLIS,44.5645659,-123.2620435,OR,CORVALLIS,Palo Verde-3,33.387,-112.863,United States,Operational,PWR,1304.0,01-08-88,1531.133,4
OR_CORVALLIS,44.5645659,-123.2620435,OR,CORVALLIS,Palo Verde-1,33.387,-112.863,United States,Operational,PWR,1221.0,01-28-86,1531.133,5
OR_PORTLAND,45.5202471,-122.674194,OR,PORTLAND,Columbia (WNP-2),46.471,-119.333,United States,Operational,BWR,1100.0,12-13-84,278.886,1
OR_PORTLAND,45.5202471,-122.674194,OR,PORTLAND,Diablo Canyon-1,35.212,-120.854,United States,Operational,PWR,1084.0,05-07-85,1156.463,2
OR_PORTLAND,45.5202471,-122.674194,OR,PORTLAND,Diablo Canyon-2,35.212,-120.854,United States,Operational,PWR,1106.0,03-13-86,1156.463,3
OR_PORTLAND,45.5202471,-122.674194,OR,PORTLAND,Palo Verde-2,33.387,-112.863,United States,Operational,PWR,1304.0,09-19-86,1587.779,4
OR_PORTLAND,45.5202471,-122.674194,OR,PORTLAND,Palo Verde-3,33.387,-112.863,United States,Operational,PWR,1304.0,01-08-88,1587.779,5
PA_BLOOMSBURG,41.0044958,-76.4537302,PA,BLOOMSBURG,Susquehanna-1,41.093,-76.143,United States,Operational,BWR,1065.0,06-08-83,27.854,1
PA_BLOOMSBURG,41.0044958,-76.4537302,PA,BLOOMSBURG,Susquehanna-2,41.093,-76.143,United States,Operational,BWR,1065.0,02-12-85,27.854,2
PA_BLOOMSBURG,41.0044958,-76.4537302,PA,BLOOMSBURG,Limerick-2,40.225,-75.584,United States,Operational,BWR,1055.0,01-08-90,113.586,3
PA_BLOOMSBURG,41.0044958,-76.4537302,PA,BLOOMSBURG,Limerick-1,40.225,-75.584,United States,Operational,BWR,1055.0,02-01-86,113.586,4
PA_BLOOMSBURG,41.0044958,-76.4537302,PA,BLOOMSBURG,Peach Bottom-2,39.759,-76.27,United States,Operational,BWR,1065.0,07-05-74,139.364,5
PA_PHILADELPHIA,39.9527237,-75.1635262,PA,PHILADELPHIA,Limerick-1,40.225,-75.584,United States,Operational,BWR,1055.0,02-01-86,46.862,1
PA_PHILADELPHIA,39.9527237,-75.1635262,PA,PHILADELPHIA,Limerick-2,40.225,-75.584,United States,Operational,BWR,1055.0,01-08-90,46.862,2
PA_PHILADELPHIA,39.9527237,-75.1635262,PA,PHILADELPHIA,Hope Creek-1,39.467,-75.535,United States,Operational,BWR,1067.0,12-20-86,62.664,3
PA_PHILADELPHIA,39.9527237,-75.1635262,PA,PHILADELPHIA,Salem-2,39.463,-75.534,United States,Operational,PWR,1115.0,10-13-81,63.005,4
PA_PHILADELPHIA,39.9527237,-75.1635262,PA,PHILADELPHIA,Salem-1,39.463,-75.534,United States,Operational,PWR,1090.0,06-30-77,63.005,5
PA_PITTSBURGH,40.4406968,-80.0025666,PA,PITTSBURGH,Beaver Valley-1,40.624,-80.432,United States,Operational,PWR,835.0,10-01-76,41.624,1
PA_PITTSBURGH,40.4406968,-80.0025666,PA,PITTSBURGH,Beaver Valley-2,40.624,-80.432,United States,Operational,PWR,836.0,11-17-87,41.624,2
PA_PITTSBURGH,40.4406968,-80.0025666,PA,PITTSBURGH,Perry-1,41.801,-81.147,United States,Operational,BWR,1205.0,11-18-87,179.074,3
PA_PITTSBURGH,40.4406968,-80.0025666,PA,PITTSBURGH,Davis Besse-1,41.597,-83.092,United States,Operational,PWR,906.0,07-31-78,289.304,4
PA_PITTSBURGH,40.4406968,-80.0025666,PA,PITTSBURGH,Enrico Fermi-2,41.96,-83.257,United States,Operational,BWR,1093.0,01-23-88,320.396,5
PR_SAN_JUAN,18.384239,-66.05344,PR,SAN JUAN,Turkey Point-4,25.435,-80.33,United States,Operational,PWR,693.0,09-07-73,1666.803,1
PR_SAN_JUAN,18.384239,-66.05344,PR,SAN JUAN,Turkey Point-3,25.435,-80.33,United States,Operational,PWR,693.0,12-14-72,1666.803,2
PR_SAN_JUAN,18.384239,-66.05344,PR,SAN JUAN,St. Lucie-1,27.348,-80.244,United States,Operational,PWR,830.0,12-21-76,1760.418,3
PR_SAN_JUAN,18.384239,-66.05344,PR,SAN JUAN,St. Lucie-2,27.348,-80.244,United States,Operational,PWR,830.0,08-08-83,1760.418,4
PR_SAN_JUAN,18.384239,-66.05344,PR,SAN JUAN,Brunswick-2,33.958,-78.007,United States,Operational,BWR,821.0,11-03-75,2098.98,5
RI_PROVIDENCE,41.8239891,-71.4128343,RI,PROVIDENCE,Millstone-3,41.312,-72.166,United States,Operational,PWR,1159.0,04-23-86,84.658,1
RI_PROVIDENCE,41.8239891,-71.4128343,RI,PROVIDENCE,Millstone-2,41.312,-72.166,United States,Operational,PWR,870.0,12-26-75,84.658,2
RI_PROVIDENCE,41.8239891,-71.4128343,RI,PROVIDENCE,Seabrook-1,42.897,-70.849,United States,Operational,PWR,1149.0,08-19-90,127.991,3
RI_PROVIDENCE,41.8239891,-71.4128343,RI,PROVIDENCE,Limerick-2,40.225,-75.584,United States,Operational,BWR,1055.0,01-08-90,392.432,4
RI_PROVIDENCE,41.8239891,-71.4128343,RI,PROVIDENCE,Limerick-1,40.225,-75.584,United States,Operational,BWR,1055.0,02-01-86,392.432,5
SC_COLUMBIA,34.000754,-81.0352313,SC,COLUMBIA,Summer-1,34.299,-81.314,United States,Operational,PWR,900.0,01-01-84,41.927,1
SC_COLUMBIA,34.000754,-81.0352313,SC,COLUMBIA,H. B. Robinson-2,34.402,-80.158,United States,Operational,PWR,700.0,03-07-71,92.19,2
SC_COLUMBIA,34.000754,-81.0352313,SC,COLUMBIA,Vogtle-1,33.143,-81.76,United States,Operational,PWR,1122.0,06-01-87,116.643,3
SC_COLUMBIA,34.000754,-81.0352313,SC,COLUMBIA,Vogtle-2,33.143,-81.76,United States,Operational,PWR,1101.0,05-20-89,116.643,4
SC_COLUMBIA,34.000754,-81.0352313,SC,COLUMBIA,Catawba-2,35.053,-81.071,United States,Operational,PWR,1145.0,08-19-86,117.05,5
SD_PIERRE,44.3683644,-100.351136,SD,PIERRE,Monticello,45.334,-93.85,United States,Operational,BWR,545.0,06-30-71,523.459,1
SD_PIERRE,44.3683644,-100.351136,SD,PIERRE,Cooper,40.361,-95.643,United States,Operational,BWR,778.0,07-01-74,589.858,2
SD_PIERRE,44.3683644,-100.351136,SD,PIERRE,Prairie Island-1,44.622,-92.631,United States,Operational,PWR,530.0,12-16-73,612.753,3
SD_PIERRE,44.3683644,-100.351136,SD,PIERRE,Prairie Island-2,44.622,-92.631,United States,Operational,PWR,530.0,12-21-74,612.753,4
SD_PIERRE,44.3683644,-100.351136,SD,PIERRE,Wolf Creek,38.239,-95.691,United States,Operational,PWR,1170.0,09-03-85,784.558,5
SD_RAPID_CITY,44.0806041,-103.228023,SD,RAPID CITY,Cooper,40.361,-95.643,United States,Operational,BWR,778.0,07-01-74,748.638,1
SD_RAPID_CITY,44.0806041,-103.228023,SD,RAPID CITY,Monticello,45.334,-93.85,United States,Operational,BWR,545.0,06-30-71,753.651,2
SD_RAPID_CITY,44.0806041,-103.228023,SD,RAPID CITY,Prairie Island-1,44.622,-92.631,United States,Operational,PWR,530.0,12-16-73,844.138,3
SD_RAPID_CITY,44.0806041,-103.228023,SD,RAPID CITY,Prairie Island-2,44.622,-92.631,United States,Operational,PWR,530.0,12-21-74,844.138,4
SD_RAPID_CITY,44.0806041,-103.228023,SD,RAPID CITY,Wolf Creek,38.239,-95.691,United States,Operational,PWR,1170.0,09-03-85,904.799,5
TN_KNOXVILLE,35.9603948,-83.9210261,TN,KNOXVILLE,Watts Bar-1,35.601,-84.789,United States,Operational,PWR,1218.0,05-27-96,87.907,1
TN_KNOXVILLE,35.9603948,-83.9210261,TN,KNOXVILLE,Watts Bar-2,35.601,-84.789,United States,Operational,PWR,1165.0,10-19-16,87.907,2
TN_KNOXVILLE,35.9603948,-83.9210261,TN,KNOXVILLE,Sequoyah-2,35.228,-85.094,United States,Operational,PWR,1148.0,06-01-82,133.717,3
TN_KNOXVILLE,35.9603948,-83.9210261,TN,KNOXVILLE,Sequoyah-1,35.228,-85.094,United States,Operational,PWR,1148.0,07-01-81,133.717,4
TN_KNOXVILLE,35.9603948,-83.9210261,TN,KNOXVILLE,Oconee-1,34.796,-82.894,United States,Operational,PWR,887.0,07-15-73,159.477,5
TN_MEMPHIS,35.1460249,-90.0517638,TN,MEMPHIS,Browns Ferry-1,34.704,-87.119,United States,Operational,BWR,1065.0,12-20-74,271.846,1
TN_MEMPHIS,35.1460249,-90.0517638,TN,MEMPHIS,Browns Ferry-2,34.704,-87.119,United States,Operational,BWR,1065.0,03-01-75,271.846,2
TN_MEMPHIS,35.1460249,-90.0517638,TN,MEMPHIS,Browns Ferry-3,34.704,-87.119,United States,Operational,BWR,1065.0,03-01-77,271.846,3
TN_MEMPHIS,35.1460249,-90.0517638,TN,MEMPHIS,Arkansas Nuclear One-2 (ANO-2),35.31,-93.229,United States,Operational,PWR,912.0,03-26-80,289.154,4
TN_MEMPHIS,35.1460249,-90.0517638,TN,MEMPHIS,Arkansas Nuclear One-1 (ANO-1),35.31,-93.23,United States,Operational,PWR,850.0,12-19-74,289.245,5
TN_NASHVILLE,36.1622767,-86.7742984,TN,NASHVILLE,Browns Ferry-2,34.704,-87.119,United States,Operational,BWR,1065.0,03-01-75,165.133,1
TN_NASHVILLE,36.1622767,-86.7742984,TN,NASHVILLE,Browns Ferry-3,34.704,-87.119,United States,Operational,BWR,1065.0,03-01-77,165.133,2
TN_NASHVILLE,36.1622767,-86.7742984,TN,NASHVILLE,Browns Ferry-1,34.704,-87.119,United States,Operational,BWR,1065.0,12-20-74,165.133,3
TN_NASHVILLE,36.1622767,-86.7742984,TN,NASHVILLE,Sequoyah-1,35.228,-85.094,United States,Operational,PWR,1148.0,07-01-81,183.89,4
TN_NASHVILLE,36.1622767,-86.7742984,TN,NASHVILLE,Sequoyah-2,35.228,-85.094,United States,Operational,PWR,1148.0,06-01-82,183.89,5
TX_AMARILLO,35.20729,-101.8371192,TX,AMARILLO,Comanche Peak-1,32.301,-97.787,United States,Operational,PWR,1150.0,08-13-90,494.52,1
TX_AMARILLO,35.20729,-101.8371192,TX,AMARILLO,Comanche Peak-2,32.301,-97.787,United States,Operational,PWR,1150.0,08-03-93,494.52,2
TX_AMARILLO,35.20729,-101.8371192,TX,AMARILLO,Wolf Creek,38.239,-95.691,United States,Operational,PWR,1170.0,09-03-85,642.977,3
TX_AMARILLO,35.20729,-101.8371192,TX,AMARILLO,Arkansas Nuclear One-1 (ANO-1),35.31,-93.23,United States,Operational,PWR,850.0,12-19-74,781.336,4
TX_AMARILLO,35.20729,-101.8371192,TX,AMARILLO,Arkansas Nuclear One-2 (ANO-2),35.31,-93.229,United States,Operational,PWR,912.0,03-26-80,781.427,5
TX_AUSTIN,30.2711286,-97.7436995,TX,AUSTIN,Comanche Peak-1,32.301,-97.787,United States,Operational,PWR,1150.0,08-13-90,225.749,1
TX_AUSTIN,30.2711286,-97.7436995,TX,AUSTIN,Comanche Peak-2,32.301,-97.787,United States,Operational,PWR,1150.0,08-03-93,225.749,2
TX_AUSTIN,30.2711286,-97.7436995,TX,AUSTIN,South Texas-1,28.797,-96.044,United States,Operational,PWR,1250.0,08-25-88,232.176,3
TX_AUSTIN,30.2711286,-97.7436995,TX,AUSTIN,South Texas-2,28.796,-96.044,United States,Operational,PWR,1250.0,06-19-89,232.255,4
TX_AUSTIN,30.2711286,-97.7436995,TX,AUSTIN,River Bend-1,30.727,-91.372,United States,Operational,BWR,966.0,06-16-86,612.488,5
TX_CORPUS_CHRISTI,27.7635302,-97.4033191,TX,CORPUS CHRISTI,South Texas-2,28.796,-96.044,United States,Operational,PWR,1250.0,06-19-89,175.776,1
TX_CORPUS_CHRISTI,27.7635302,-97.4033191,TX,CORPUS CHRISTI,South Texas-1,28.797,-96.044,United States,Operational,PWR,1250.0,08-25-88,175.848,2
TX_CORPUS_CHRISTI,27.7635302,-97.4033191,TX,CORPUS CHRISTI,Comanche Peak-2,32.301,-97.787,United States,Operational,PWR,1150.0,08-03-93,505.892,3
TX_CORPUS_CHRISTI,27.7635302,-97.4033191,TX,CORPUS CHRISTI,Comanche Peak-1,32.301,-97.787,United States,Operational,PWR,1150.0,08-13-90,505.892,4
TX_CORPUS_CHRISTI,27.7635302,-97.4033191,TX,CORPUS CHRISTI,River Bend-1,30.727,-91.372,United States,Operational,BWR,966.0,06-16-86,671.404,5
TX_DALLAS,32.7762719,-96.7968559,TX,DALLAS,Comanche Peak-1,32.301,-97.787,United States,Operational,PWR,1150.0,08-13-90,106.807,1
TX_DALLAS,32.7762719,-96.7968559,TX,DALLAS,Comanche Peak-2,32.301,-97.787,United States,Operational,PWR,1150.0,08-03-93,106.807,2
TX_DALLAS,32.7762719,-96.7968559,TX,DALLAS,Arkansas Nuclear One-1 (ANO-1),35.31,-93.23,United States,Operational,PWR,850.0,12-19-74,432.816,3
TX_DALLAS,32.7762719,-96.7968559,TX,DALLAS,Arkansas Nuclear One-2 (ANO-2),35.31,-93.229,United States,Operational,PWR,912.0,03-26-80,432.886,4
TX_DALLAS,32.7762719,-96.7968559,TX,DALLAS,South Texas-1,28.797,-96.044,United States,Operational,PWR,1250.0,08-25-88,448.276,5
TX_EL_PASO,31.7601001,-106.4870476,TX,EL PASO,Palo Verde-3,33.387,-112.863,United States,Operational,PWR,1304.0,01-08-88,624.112,1
TX_EL_PASO,31.7601001,-106.4870476,TX,EL PASO,Palo Verde-1,33.387,-112.863,United States,Operational,PWR,1221.0,01-28-86,624.112,2
TX_EL_PASO,31.7601001,-106.4870476,TX,EL PASO,Palo Verde-2,33.387,-112.863,United States,Operational,PWR,1304.0,09-19-86,624.112,3
TX_EL_PASO,31.7601001,-106.4870476,TX,EL PASO,Comanche Peak-2,32.301,-97.787,United States,Operational,PWR,1150.0,08-03-93,822.104,4
TX_EL_PASO,31.7601001,-106.4870476,TX,EL PASO,Comanche Peak-1,32.301,-97.787,United States,Operational,PWR,1150.0,08-13-90,822.104,5
TX_FORT_WORTH,32.753177,-97.3327459,TX,FORT WORTH,Comanche Peak-2,32.301,-97.787,United States,Operational,PWR,1150.0,08-03-93,65.892,1
TX_FORT_WORTH,32.753177,-97.3327459,TX,FORT WORTH,Comanche Peak-1,32.301,-97.787,United States,Operational,PWR,1150.0,08-13-90,65.892,2
TX_FORT_WORTH,32.753177,-97.3327459,TX,FORT WORTH,South Texas-1,28.797,-96.044,United States,Operational,PWR,1250.0,08-25-88,456.798,3
TX_FORT_WORTH,32.753177,-97.3327459,TX,FORT WORTH,South Texas-2,28.796,-96.044,United States,Operational,PWR,1250.0,06-19-89,456.905,4
TX_FORT_WORTH,32.753177,-97.3327459,TX,FORT WORTH,Arkansas Nuclear One-1 (ANO-1),35.31,-93.23,United States,Operational,PWR,850.0,12-19-74,472.96,5
TX_HARLINGEN,26.1907543,-97.6960599,TX,HARLINGEN,South Texas-2,28.796,-96.044,United States,Operational,PWR,1250.0,06-19-89,332.364,1
TX_HARLINGEN,26.1907543,-97.6960599,TX,HARLINGEN,South Texas-1,28.797,-96.044,United States,Operational,PWR,1250.0,08-25-88,332.46,2
TX_HARLINGEN,26.1907543,-97.6960599,TX,HARLINGEN,Comanche Peak-2,32.301,-97.787,United States,Operational,PWR,1150.0,08-03-93,679.486,3
TX_HARLINGEN,26.1907543,-97.6960599,TX,HARLINGEN,Comanche Peak-1,32.301,-97.787,United States,Operational,PWR,1150.0,08-13-90,679.486,4
TX_HARLINGEN,26.1907543,-97.6960599,TX,HARLINGEN,Laguna Verde-1,19.719,-96.405,Mexico,Operational,BWR,780.0,07-28-90,731.647,5
TX_HOUSTON,29.7589382,-95.3676974,TX,HOUSTON,South Texas-1,28.797,-96.044,United States,Operational,PWR,1250.0,08-25-88,125.473,1
TX_HOUSTON,29.7589382,-95.3676974,TX,HOUSTON,South Texas-2,28.796,-96.044,United States,Operational,PWR,1250.0,06-19-89,125.568,2
TX_HOUSTON,29.7589382,-95.3676974,TX,HOUSTON,Comanche Peak-1,32.301,-97.787,United States,Operational,PWR,1150.0,08-13-90,364.715,3
TX_HOUSTON,29.7589382,-95.3676974,TX,HOUSTON,Comanche Peak-2,32.301,-97.787,United States,Operational,PWR,1150.0,08-03-93,364.715,4
TX_HOUSTON,29.7589382,-95.3676974,TX,HOUSTON,River Bend-1,30.727,-91.372,United States,Operational,BWR,966.0,06-16-86,398.611,5
TX_LAREDO,27.5079211,-99.5069834,TX,LAREDO,South Texas-2,28.796,-96.044,United States,Operational,PWR,1250.0,06-19-89,368.465,1
TX_LAREDO,27.5079211,-99.5069834,TX,LAREDO,South Texas-1,28.797,-96.044,United States,Operational,PWR,1250.0,08-25-88,368.506,2
TX_LAREDO,27.5079211,-99.5069834,TX,LAREDO,Comanche Peak-2,32.301,-97.787,United States,Operational,PWR,1150.0,08-03-93,558.128,3
TX_LAREDO,27.5079211,-99.5069834,TX,LAREDO,Comanche Peak-1,32.301,-97.787,United States,Operational,PWR,1150.0,08-13-90,558.128,4
TX_LAREDO,27.5079211,-99.5069834,TX,LAREDO,River Bend-1,30.727,-91.372,United States,Operational,BWR,966.0,06-16-86,867.213,5
TX_LUBBOCK,33.5855677,-101.8470215,TX,LUBBOCK,Comanche Peak-1,32.301,-97.787,United States,Operational,PWR,1150.0,08-13-90,404.857,1
TX_LUBBOCK,33.5855677,-101.8470215,TX,LUBBOCK,Comanche Peak-2,32.301,-97.787,United States,Operational,PWR,1150.0,08-03-93,404.857,2
TX_LUBBOCK,33.5855677,-101.8470215,TX,LUBBOCK,Wolf Creek,38.239,-95.691,United States,Operational,PWR,1170.0,09-03-85,758.002,3
TX_LUBBOCK,33.5855677,-101.8470215,TX,LUBBOCK,South Texas-1,28.797,-96.044,United States,Operational,PWR,1250.0,08-25-88,766.66,4
TX_LUBBOCK,33.5855677,-101.8470215,TX,LUBBOCK,South Texas-2,28.796,-96.044,United States,Operational,PWR,1250.0,06-19-89,766.739,5
TX_SAN_ANGELO,31.4649685,-100.4405094,TX,SAN ANGELO,Comanche Peak-2,32.301,-97.787,United States,Operational,PWR,1150.0,08-03-93,267.222,1
TX_SAN_ANGELO,31.4649685,-100.4405094,TX,SAN ANGELO,Comanche Peak-1,32.301,-97.787,United States,Operational,PWR,1150.0,08-13-90,267.222,2
TX_SAN_ANGELO,31.4649685,-100.4405094,TX,SAN ANGELO,South Texas-1,28.797,-96.044,United States,Operational,PWR,1250.0,08-25-88,516.424,3
TX_SAN_ANGELO,31.4649685,-100.4405094,TX,SAN ANGELO,South Texas-2,28.796,-96.044,United States,Operational,PWR,1250.0,06-19-89,516.49,4
TX_SAN_ANGELO,31.4649685,-100.4405094,TX,SAN ANGELO,Arkansas Nuclear One-1 (ANO-1),35.31,-93.23,United States,Operational,PWR,850.0,12-19-74,793.977,5
TX_SAN_ANTONIO,29.4246002,-98.4951405,TX,SAN ANTONIO,South Texas-1,28.797,-96.044,United States,Operational,PWR,1250.0,08-25-88,248.134,1
TX_SAN_ANTONIO,29.4246002,-98.4951405,TX,SAN ANTONIO,South Texas-2,28.796,-96.044,United States,Operational,PWR,1250.0,06-19-89,248.167,2
TX_SAN_ANTONIO,29.4246002,-98.4951405,TX,SAN ANTONIO,Comanche Peak-2,32.301,-97.787,United States,Operational,PWR,1150.0,08-03-93,326.902,3
TX_SAN_ANTONIO,29.4246002,-98.4951405,TX,SAN ANTONIO,Comanche Peak-1,32.301,-97.787,United States,Operational,PWR,1150.0,08-13-90,326.902,4
TX_SAN_ANTONIO,29.4246002,-98.4951405,TX,SAN ANTONIO,River Bend-1,30.727,-91.372,United States,Operational,BWR,966.0,06-16-86,700.412,5
UT_SALT_LAKE_CITY,40.7596198,-111.886797,UT,SALT LAKE CITY,Palo Verde-1,33.387,-112.863,United States,Operational,PWR,1221.0,01-28-86,824.343,1
UT_SALT_LAKE_CITY,40.7596198,-111.886797,UT,SALT LAKE CITY,Palo Verde-3,33.387,-112.863,United States,Operational,PWR,1304.0,01-08-88,824.343,2
UT_SALT_LAKE_CITY,40.7596198,-111.886797,UT,SALT LAKE CITY,Palo Verde-2,33.387,-112.863,United States,Operational,PWR,1304.0,09-19-86,824.343,3
UT_SALT_LAKE_CITY,40.7596198,-111.886797,UT,SALT LAKE CITY,Columbia (WNP-2),46.471,-119.333,United States,Operational,BWR,1100.0,12-13-84,872.531,4
UT_SALT_LAKE_CITY,40.7596198,-111.886797,UT,SALT LAKE CITY,Diablo Canyon-1,35.212,-120.854,United States,Operational,PWR,1084.0,05-07-85,998.145,5
UT_ST._GEORGE,37.1098772,-113.5832063,UT,ST. GEORGE,Palo Verde-2,33.387,-112.863,United States,Operational,PWR,1304.0,09-19-86,419.095,1
UT_ST._GEORGE,37.1098772,-113.5832063,UT,ST. GEORGE,Palo Verde-3,33.387,-112.863,United States,Operational,PWR,1304.0,01-08-88,419.095,2
UT_ST._GEORGE,37.1098772,-113.5832063,UT,ST. GEORGE,Palo Verde-1,33.387,-112.863,United States,Operational,PWR,1221.0,01-28-86,419.095,3
UT_ST._GEORGE,37.1098772,-113.5832063,UT,ST. GEORGE,Diablo Canyon-2,35.212,-120.854,United States,Operational,PWR,1106.0,03-13-86,685.781,4
UT_ST._GEORGE,37.1098772,-113.5832063,UT,ST. GEORGE,Diablo Canyon-1,35.212,-120.854,United States,Operational,PWR,1084.0,05-07-85,685.781,5
VA_HARRISONBURG,38.4493315,-78.8688833,VA,HARRISONBURG,North Anna-2,38.061,-77.792,United States,Operational,PWR,907.0,12-14-80,103.47,1
VA_HARRISONBURG,38.4493315,-78.8688833,VA,HARRISONBURG,North Anna-1,38.061,-77.792,United States,Operational,PWR,907.0,06-06-78,103.47,2
VA_HARRISONBURG,38.4493315,-78.8688833,VA,HARRISONBURG,Calvert Cliffs-2,38.435,-76.439,United States,Operational,PWR,845.0,04-01-77,211.623,3
VA_HARRISONBURG,38.4493315,-78.8688833,VA,HARRISONBURG,Calvert Cliffs-1,38.435,-76.439,United States,Operational,PWR,845.0,05-08-75,211.623,4
VA_HARRISONBURG,38.4493315,-78.8688833,VA,HARRISONBURG,Surry-1,37.166,-76.7,United States,Operational,PWR,788.0,12-22-72,238.04,5
VA_RICHMOND,37.5385087,-77.43428,VA,RICHMOND,North Anna-2,38.061,-77.792,United States,Operational,PWR,907.0,12-14-80,66.055,1
VA_RICHMOND,37.5385087,-77.43428,VA,RICHMOND,North Anna-1,38.061,-77.792,United States,Operational,PWR,907.0,06-06-78,66.055,2
VA_RICHMOND,37.5385087,-77.43428,VA,RICHMOND,Surry-2,37.166,-76.7,United States,Operational,PWR,788.0,05-01-73,76.994,3
VA_RICHMOND,37.5385087,-77.43428,VA,RICHMOND,Surry-1,37.166,-76.7,United States,Operational,PWR,788.0,12-22-72,76.994,4
VA_RICHMOND,37.5385087,-77.43428,VA,RICHMOND,Calvert Cliffs-1,38.435,-76.439,United States,Operational,PWR,845.0,05-08-75,132.457,5
VA_VIRGINIA_BEACH,36.8496579,-75.9760751,VA,VIRGINIA BEACH,Surry-2,37.166,-76.7,United States,Operational,PWR,788.0,05-01-73,73.276,1
VA_VIRGINIA_BEACH,36.8496579,-75.9760751,VA,VIRGINIA BEACH,Surry-1,37.166,-76.7,United States,Operational,PWR,788.0,12-22-72,73.276,2
VA_VIRGINIA_BEACH,36.8496579,-75.9760751,VA,VIRGINIA BEACH,Calvert Cliffs-2,38.435,-76.439,United States,Operational,PWR,845.0,04-01-77,180.932,3
VA_VIRGINIA_BEACH,36.8496579,-75.9760751,VA,VIRGINIA BEACH,Calvert Cliffs-1,38.435,-76.439,United States,Operational,PWR,845.0,05-08-75,180.932,4
VA_VIRGINIA_BEACH,36.8496579,-75.9760751,VA,VIRGINIA BEACH,North Anna-2,38.061,-77.792,United States,Operational,PWR,907.0,12-14-80,209.362,5
VT_BURLINGTON,44.4761601,-73.212906,VT,BURLINGTON,Seabrook-1,42.897,-70.849,United States,Operational,PWR,1149.0,08-19-90,258.751,1
VT_BURLINGTON,44.4761601,-73.212906,VT,BURLINGTON,FitzPatrick,43.521,-76.403,United States,Operational,BWR,821.0,07-28-75,276.368,2
VT_BURLINGTON,44.4761601,-73.212906,VT,BURLINGTON,Nine Mile Point-1,43.522,-76.412,United States,Operational,BWR,620.0,12-01-69,276.988,3
VT_BURLINGTON,44.4761601,-73.212906,VT,BURLINGTON,Nine Mile Point-2,43.522,-76.412,United States,Operational,BWR,1100.0,03-11-88,276.988,4
VT_BURLINGTON,44.4761601,-73.212906,VT,BURLINGTON,R. E. Ginna,43.279,-77.311,United States,Operational,PWR,470.0,07-01-70,354.367,5
WA_ELLENSBURG,46.9970635,-120.545122,WA,ELLENSBURG,Columbia (WNP-2),46.471,-119.333,United States,Operational,BWR,1100.0,12-13-84,109.339,1
WA_ELLENSBURG,46.9970635,-120.545122,WA,ELLENSBURG,Diablo Canyon-1,35.212,-120.854,United States,Operational,PWR,1084.0,05-07-85,1310.692,2
WA_ELLENSBURG,46.9970635,-120.545122,WA,ELLENSBURG,Diablo Canyon-2,35.212,-120.854,United States,Operational,PWR,1106.0,03-13-86,1310.692,3
WA_ELLENSBURG,46.9970635,-120.545122,WA,ELLENSBURG,Palo Verde-1,33.387,-112.863,United States,Operational,PWR,1221.0,01-28-86,1646.055,4
WA_ELLENSBURG,46.9970635,-120.545122,WA,ELLENSBURG,Palo Verde-3,33.387,-112.863,United States,Operational,PWR,1304.0,01-08-88,1646.055,5
WA_OLYMPIA,47.0451022,-122.8950075,WA,OLYMPIA,Columbia (WNP-2),46.471,-119.333,United States,Operational,BWR,1100.0,12-13-84,278.725,1
WA_OLYMPIA,47.0451022,-122.8950075,WA,OLYMPIA,Diablo Canyon-1,35.212,-120.854,United States,Operational,PWR,1084.0,05-07-85,1326.71,2
WA_OLYMPIA,47.0451022,-122.8950075,WA,OLYMPIA,Diablo Canyon-2,35.212,-120.854,United States,Operational,PWR,1106.0,03-13-86,1326.71,3
WA_OLYMPIA,47.0451022,-122.8950075,WA,OLYMPIA,Palo Verde-2,33.387,-112.863,United States,Operational,PWR,1304.0,09-19-86,1737.948,4
WA_OLYMPIA,47.0451022,-122.8950075,WA,OLYMPIA,Palo Verde-1,33.387,-112.863,United States,Operational,PWR,1221.0,01-28-86,1737.948,5
WA_RICHLAND,46.2804298,-119.275205,WA,RICHLAND,Columbia (WNP-2),46.471,-119.333,United States,Operational,BWR,1100.0,12-13-84,21.649,1
WA_RICHLAND,46.2804298,-119.275205,WA,RICHLAND,Diablo Canyon-2,35.212,-120.854,United States,Operational,PWR,1106.0,03-13-86,1237.847,2
WA_RICHLAND,46.2804298,-119.275205,WA,RICHLAND,Diablo Canyon-1,35.212,-120.854,United States,Operational,PWR,1084.0,05-07-85,1237.847,3
WA_RICHLAND,46.2804298,-119.275205,WA,RICHLAND,Palo Verde-2,33.387,-112.863,United States,Operational,PWR,1304.0,09-19-86,1533.357,4
WA_RICHLAND,46.2804298,-119.275205,WA,RICHLAND,Palo Verde-3,33.387,-112.863,United States,Operational,PWR,1304.0,01-08-88,1533.357,5
WA_SEATTLE,47.6038321,-122.330062,WA,SEATTLE,Columbia (WNP-2),46.471,-119.333,United States,Operational,BWR,1100.0,12-13-84,259.688,1
WA_SEATTLE,47.6038321,-122.330062,WA,SEATTLE,Diablo Canyon-1,35.212,-120.854,United States,Operational,PWR,1084.0,05-07-85,1383.325,2
WA_SEATTLE,47.6038321,-122.330062,WA,SEATTLE,Diablo Canyon-2,35.212,-120.854,United States,Operational,PWR,1106.0,03-13-86,1383.325,3
WA_SEATTLE,47.6038321,-122.330062,WA,SEATTLE,Palo Verde-3,33.387,-112.863,United States,Operational,PWR,1304.0,01-08-88,1768.83,4
WA_SEATTLE,47.6038321,-122.330062,WA,SEATTLE,Palo Verde-2,33.387,-112.863,United States,Operational,PWR,1304.0,09-19-86,1768.83,5
WA_SPOKANE,47.6571934,-117.42351,WA,SPOKANE,Columbia (WNP-2),46.471,-119.333,United States,Operational,BWR,1100.0,12-13-84,195.733,1
WA_SPOKANE,47.6571934,-117.42351,WA,SPOKANE,Diablo Canyon-2,35.212,-120.854,United States,Operational,PWR,1106.0,03-13-86,1412.699,2
WA_SPOKANE,47.6571934,-117.42351,WA,SPOKANE,Diablo Canyon-1,35.212,-120.854,United States,Operational,PWR,1084.0,05-07-85,1412.699,3
WA_SPOKANE,47.6571934,-117.42351,WA,SPOKANE,Palo Verde-3,33.387,-112.863,United States,Operational,PWR,1304.0,01-08-88,1632.161,4
WA_SPOKANE,47.6571934,-117.42351,WA,SPOKANE,Palo Verde-1,33.387,-112.863,United States,Operational,PWR,1221.0,01-28-86,1632.161,5
WI_LA_CROSSE,43.8122836,-91.2514355,WI,LA CROSSE,Prairie Island-1,44.622,-92.631,United States,Operational,PWR,530.0,12-16-73,142.102,1
WI_LA_CROSSE,43.8122836,-91.2514355,WI,LA CROSSE,Prairie Island-2,44.622,-92.631,United States,Operational,PWR,530.0,12-21-74,142.102,2
WI_LA_CROSSE,43.8122836,-91.2514355,WI,LA CROSSE,Quad Cities-2,41.727,-90.308,United States,Operational,BWR,789.0,03-10-73,244.322,3
WI_LA_CROSSE,43.8122836,-91.2514355,WI,LA CROSSE,Quad Cities-1,41.727,-90.308,United States,Operational,BWR,789.0,02-18-73,244.322,4
WI_LA_CROSSE,43.8122836,-91.2514355,WI,LA CROSSE,Byron-1,42.074,-89.277,United States,Operational,PWR,1120.0,09-16-85,251.359,5
WI_MADISON,43.07469,-89.3841663,WI,MADISON,Byron-2,42.074,-89.277,United States,Operational,PWR,1120.0,08-02-87,111.617,1
WI_MADISON,43.07469,-89.3841663,WI,MADISON,Byron-1,42.074,-89.277,United States,Operational,PWR,1120.0,09-16-85,111.617,2
WI_MADISON,43.07469,-89.3841663,WI,MADISON,Quad Cities-1,41.727,-90.308,United States,Operational,BWR,789.0,02-18-73,167.959,3
WI_MADISON,43.07469,-89.3841663,WI,MADISON,Quad Cities-2,41.727,-90.308,United States,Operational,BWR,789.0,03-10-73,167.959,4
WI_MADISON,43.07469,-89.3841663,WI,MADISON,Point Beach-1,44.282,-87.534,United States,Operational,PWR,497.0,12-21-70,200.391,5
WI_MILWAUKEE,43.0386475,-87.9090751,WI,MILWAUKEE,Point Beach-1,44.282,-87.534,United States,Operational,PWR,497.0,12-21-70,141.508,1
WI_MILWAUKEE,43.0386475,-87.9090751,WI,MILWAUKEE,Point Beach-2,44.282,-87.534,United States,Operational,PWR,497.0,10-01-72,141.508,2
WI_MILWAUKEE,43.0386475,-87.9090751,WI,MILWAUKEE,Byron-2,42.074,-89.277,United States,Operational,PWR,1120.0,08-02-87,155.106,3
WI_MILWAUKEE,43.0386475,-87.9090751,WI,MILWAUKEE,Byron-1,42.074,-89.277,United States,Operational,PWR,1120.0,09-16-85,155.106,4
WI_MILWAUKEE,43.0386475,-87.9090751,WI,MILWAUKEE,Donald Cook-2,41.975,-86.564,United States,Operational,PWR,1100.0,07-01-78,161.691,5
WI_SHAWANO,44.7817214,-88.7118868,WI,SHAWANO,Point Beach-1,44.282,-87.534,United States,Operational,PWR,497.0,12-21-70,108.649,1
WI_SHAWANO,44.7817214,-88.7118868,WI,SHAWANO,Point Beach-2,44.282,-87.534,United States,Operational,PWR,497.0,10-01-72,108.649,2
WI_SHAWANO,44.7817214,-88.7118868,WI,SHAWANO,Byron-2,42.074,-89.277,United States,Operational,PWR,1120.0,08-02-87,304.521,3
WI_SHAWANO,44.7817214,-88.7118868,WI,SHAWANO,Byron-1,42.074,-89.277,United States,Operational,PWR,1120.0,09-16-85,304.521,4
WI_SHAWANO,44.7817214,-88.7118868,WI,SHAWANO,Prairie Island-2,44.622,-92.631,United States,Operational,PWR,530.0,12-21-74,310.225,5
WV_CHARLESTON,38.3505995,-81.6332812,WV,CHARLESTON,Beaver Valley-2,40.624,-80.432,United States,Operational,PWR,836.0,11-17-87,272.995,1
WV_CHARLESTON,38.3505995,-81.6332812,WV,CHARLESTON,Beaver Valley-1,40.624,-80.432,United States,Operational,PWR,835.0,10-01-76,272.995,2
WV_CHARLESTON,38.3505995,-81.6332812,WV,CHARLESTON,McGuire-1,35.433,-80.946,United States,Operational,PWR,1180.0,12-01-81,330.126,3
WV_CHARLESTON,38.3505995,-81.6332812,WV,CHARLESTON,McGuire-2,35.433,-80.946,United States,Operational,PWR,1180.0,03-01-84,330.126,4
WV_CHARLESTON,38.3505995,-81.6332812,WV,CHARLESTON,North Anna-1,38.061,-77.792,United States,Operational,PWR,907.0,06-06-78,337.153,5
WY_CASPER,42.8501191,-106.325138,WY,CASPER,Cooper,40.361,-95.643,United States,Operational,BWR,778.0,07-01-74,929.518,1
WY_CASPER,42.8501191,-106.325138,WY,CASPER,Monticello,45.334,-93.85,United States,Operational,BWR,545.0,06-30-71,1032.666,2
WY_CASPER,42.8501191,-106.325138,WY,CASPER,Wolf Creek,38.239,-95.691,United States,Operational,PWR,1170.0,09-03-85,1033.402,3
WY_CASPER,42.8501191,-106.325138,WY,CASPER,Columbia (WNP-2),46.471,-119.333,United States,Operational,BWR,1100.0,12-13-84,1103.138,4
WY_CASPER,42.8501191,-106.325138,WY,CASPER,Prairie Island-1,44.622,-92.631,United States,Operational,PWR,530.0,12-16-73,1116.318,5
