Id,Name,Latitude,Longitude,Country,CountryCode,Status,ReactorType,ReactorModel,ConstructionStartAt,OperationalFrom,OperationalTo,Capacity,LastUpdatedAt,Source,IAEAId
1,Ågesta,59.206000,18.082900,Sweden,SE,Shutdown,PHWR,,12-01-57,05-01-64,06-02-74,9,5/24/15 7:51,WNA/IAEA,528
2,Akademik Lomonosov-1,69.709579,170.306250,Russia,RU,Operational,PWR,KLT-40S 'Floating',04-15-07,05-22-20,,30,05-31-21,WNA/IAEA/Google Maps,895
3,Akademik Lomonosov-2,69.709579,170.306250,Russia,RU,Operational,PWR,KLT-40S 'Floating',04-15-07,05-22-20,,30,05-31-21,WNA/IAEA/Google Maps,896
4,Akhvaz-1,,,Iran,IR,Planned,,,,,,,,WNA,
5,Akhvaz-2,,,Iran,IR,Planned,,,,,,,,WNA,
6,Akkuyu-1,36.144444,33.541111,Türkiye,TR,Under Construction,PWR,VVER V-509,04-03-18,,,1114,7/1/18 4:21,WNA/Wikipedia/IAEA,553
7,Akkuyu-2,36.144444,33.541111,Türkiye,TR,Under Construction,PWR,VVER V-509,04-08-20,,,1114,8/31/20 4:39,Wikipedia/IAEA,1080
8,Akkuyu-3,36.144444,33.541111,Türkiye,TR,Under Construction,PWR,VVER V-509,03-10-21,,,1114,4/20/21 5:47,Wikipedia/IAEA,1081
9,Akkuyu-4,36.144444,33.541111,Türkiye,TR,Under Construction,PWR,VVER V-509,07-21-22,,,1114,9/25/22 1:33,Wikipedia/IAEA,1082
10,Aktau (Shevchenko),43.607000,51.283000,Kazakhstan,KZ,Shutdown,FBR,BN-350,10-01-64,07-16-73,04-22-99,52,10/1/21 3:14,WNA/IAEA,414
11,Almaraz-1,39.807000,-5.698000,Spain,ES,Operational,PWR,WH 3LP,07-03-73,09-01-83,,900,2/11/17 1:56,WNA/IAEA,153
12,Almaraz-2,39.807000,-5.698000,Spain,ES,Operational,PWR,WH 3LP,07-03-73,07-01-84,,900,6/2/19 23:17,WNA/IAEA,154
13,Angra-1,-23.008000,-44.457000,Brazil,BR,Operational,PWR,WH 2LP,05-01-71,01-01-85,,609,2/14/21 5:47,WNA/IAEA,24
14,Angra-2,-23.008000,-44.457000,Brazil,BR,Operational,PWR,PRE KONVOI,01-01-76,02-01-01,,1245,5/24/15 7:50,WNA/IAEA,25
15,Angra-3,-23.010000,-44.470000,Brazil,BR,Under Construction,PWR,PRE KONVOI,05-30-10,,,1340,8/28/23 11:01,WNA/IAEA,26
16,APS-1 Obninsk,55.084000,36.570000,Russia,RU,Shutdown,LWGR,AM-1,01-01-51,12-01-54,04-29-02,5,5/24/15 7:51,WNA/IAEA,447
17,Arkansas Nuclear One-1 (ANO-1),35.310000,-93.230000,United States,US,Operational,PWR,B&W LLP (DRYAMB),10-01-68,12-19-74,,850,2/11/17 1:58,WNA/IAEA,652
18,Arkansas Nuclear One-2 (ANO-2),35.310000,-93.229000,United States,US,Operational,PWR,CE 2LP (DRYAMB),12-06-68,03-26-80,,912,2/11/17 1:58,WNA/IAEA,689
19,Armenian-1,40.182000,44.147000,Armenia,AM,Shutdown,PWR,VVER V-270,07-01-69,10-06-77,02-25-89,376,06-07-21,WNA/IAEA,1
20,Armenian-2,40.182000,44.147000,Armenia,AM,Operational,PWR,VVER V-270,07-01-75,05-03-80,,375,6/29/21 3:12,WNA/IAEA,2
21,Armenian-3,40.180800,44.147200,Armenia,AM,Planned,PWR,,,,,,06-07-21,WNA,
22,Asco-1,41.202000,0.571000,Spain,ES,Operational,PWR,WH 3LP,05-16-74,12-10-84,,888,8/28/23 11:01,WNA/IAEA,155
23,Asco-2,41.202000,0.571000,Spain,ES,Operational,PWR,WH 3LP,03-07-75,03-31-86,,888,8/28/23 11:01,WNA/IAEA,156
24,Atucha-1,-33.967000,-59.209000,Argentina,AR,Operational,PHWR,PHWR KWU,06-01-68,06-24-74,,319,4/21/22 23:26,WNA/IAEA,3
25,Atucha-2,-33.967000,-59.209000,Argentina,AR,Operational,PHWR,PHWR KWU,07-13-81,05-25-16,,692,8/28/23 11:01,WNA/IAEA,5
26,Balakovo-1,52.092000,47.952000,Russia,RU,Operational,PWR,VVER V-320,12-01-80,05-23-86,,950,5/24/15 7:51,WNA/IAEA,524
27,Balakovo-2,52.092000,47.952000,Russia,RU,Operational,PWR,VVER V-320,08-01-81,01-18-88,,950,5/24/15 7:51,WNA/IAEA,525
28,Balakovo-3,52.092000,47.952000,Russia,RU,Operational,PWR,VVER V-320,11-01-82,04-08-89,,950,5/24/15 7:51,WNA/IAEA,526
29,Balakovo-4,52.092000,47.952000,Russia,RU,Operational,PWR,VVER V-320,04-01-84,12-22-93,,950,5/24/15 7:51,WNA/IAEA,527
30,Baltic-1,54.939000,22.162000,Russia,RU,Under Construction,PWR,VVER V-491,02-22-12,,,1109,5/24/15 7:51,WNA/IAEA,968
31,Barakah-1 (Braka),23.952748,52.193298,United Arab Emirates,AE,Operational,PWR,APR-1400,07-19-12,04-01-21,,1310,8/28/23 11:01,WNA/IAEA,1050
32,Barakah-2 (Braka),23.952748,52.193298,United Arab Emirates,AE,Operational,PWR,APR-1400,04-15-13,03-24-22,,1310,8/28/23 11:01,WNA/IAEA,1051
33,Barakah-3 (Braka),23.952748,52.203298,United Arab Emirates,AE,Operational,PWR,APR-1400,09-24-14,02-24-23,,1310,8/28/23 11:01,WNA/IAEA,1052
34,Chutka-1,,,India,IN,Planned,PHWR,,,,,,06-07-21,WNA,
35,Chutka-2,,,India,IN,Planned,PHWR,,,,,,06-07-21,WNA,
36,Barseback-1,55.745000,12.926000,Sweden,SE,Shutdown,BWR,AA-II,02-01-71,07-01-75,11-30-99,570,3/10/18 16:51,WNA/IAEA,538
37,Barseback-2,55.745000,12.926000,Sweden,SE,Shutdown,BWR,AA-II,01-01-73,07-01-77,05-31-05,570,3/10/18 16:52,WNA/IAEA,540
38,Beaver Valley-1,40.624000,-80.432000,United States,US,Operational,PWR,WH 3LP (DRYSUB),06-26-70,10-01-76,,835,2/11/17 1:58,WNA/IAEA,669
39,Beaver Valley-2,40.624000,-80.432000,United States,US,Operational,PWR,WH 3LP (DRYSUB),05-03-74,11-17-87,,836,2/11/17 1:58,WNA/IAEA,712
40,Belarusian-1,54.766667,26.116667,Belarus,BY,Operational,PWR,VVER V-491,11-08-13,06-10-21,,1110,10/1/21 3:14,IAEA,1056
41,Belarusian-2,54.766667,26.116667,Belarus,BY,Operational,PWR,VVER V-491,04-27-14,,,1110,8/28/23 11:01,IAEA,1061
42,Belene-1,43.624530,25.186750,Bulgaria,BG,Cancelled Construction,PWR,,01-01-87,,,953,2/14/21 2:57,WNA/IAEA,
43,Belene-2,43.624530,25.186500,Bulgaria,BG,Cancelled Construction,PWR,,03-31-87,,,953,2/14/21 2:57,WNA/IAEA,
44,Belleville-1,47.511000,2.871000,France,FR,Operational,PWR,P4 REP 1300,05-01-80,06-01-88,,1310,5/24/15 7:51,WNA/IAEA,211
45,Belleville-2,47.511000,2.871000,France,FR,Operational,PWR,P4 REP 1300,08-01-80,01-01-89,,1310,5/24/15 7:51,WNA/IAEA,212
46,Beloyarsk-1,56.842000,61.321000,Russia,RU,Shutdown,LWGR,AMB-100,06-01-58,04-26-64,01-01-83,102,5/24/15 7:51,WNA/IAEA,488
47,Beloyarsk-2,56.842000,61.321000,Russia,RU,Shutdown,LWGR,AMB-200,01-01-62,12-01-69,01-01-90,146,5/24/15 7:51,WNA/IAEA,503
48,Beloyarsk-3,56.842000,61.321000,Russia,RU,Operational,FBR,BN-600,01-01-69,11-01-81,,560,5/24/15 7:51,WNA/IAEA,484
49,Beloyarsk-4,56.842000,61.321000,Russia,RU,Operational,FBR,BN-800,07-18-06,10-31-16,,820,9/25/17 6:19,WNA/IAEA,451
50,Beloyarsk-5,56.842000,61.321000,Russia,RU,Planned,FBR,BN-1200,,,,,,WNA/Wikipedia,
51,Berkeley-1,51.692000,-2.494000,United Kingdom,GB,Shutdown,GCR,MAGNOX,01-01-57,06-12-62,03-31-89,138,5/24/15 7:51,WNA/IAEA,264
52,Berkeley-2,51.692000,-2.494000,United Kingdom,GB,Shutdown,GCR,MAGNOX,01-01-57,10-20-62,10-26-88,138,5/24/15 7:51,WNA/IAEA,265
53,Beznau-1,47.552000,8.229000,Switzerland,CH,Operational,PWR,WH 2LP,09-01-65,12-09-69,,350,4/21/22 23:26,WNA/IAEA,55
54,Beznau-2,47.552000,8.229000,Switzerland,CH,Operational,PWR,WH 2LP,01-01-68,03-04-72,,350,8/28/23 11:01,WNA/IAEA,57
55,Biblis-A,49.709000,8.415000,Germany,DE,Shutdown,PWR,PWR,01-01-70,02-26-75,08-06-11,1146,5/24/15 7:50,WNA/IAEA,85
56,Biblis-B,49.709000,8.415000,Germany,DE,Shutdown,PWR,PWR,02-01-72,01-31-77,08-06-11,1178,5/24/15 7:50,WNA/IAEA,91
57,Big Rock Point,45.359000,-85.195000,United States,US,Shutdown,BWR,,05-01-60,03-29-63,08-29-97,72,5/24/15 7:51,WNA/IAEA,601
58,Bilibino-1,68.059000,166.492000,Russia,RU,Shutdown,LWGR,EGP-6,01-01-70,04-01-74,01-14-19,11,6/2/19 23:18,WNA/IAEA,467
59,Bilibino-2,68.059000,166.492000,Russia,RU,Operational,LWGR,EGP-6,01-01-70,02-01-75,,11,5/24/15 7:51,WNA/IAEA,468
60,Bilibino-3,68.059000,166.492000,Russia,RU,Operational,LWGR,EGP-6,01-01-70,02-01-76,,11,5/24/15 7:51,WNA/IAEA,469
61,Bilibino-4,68.059000,166.492000,Russia,RU,Operational,LWGR,EGP-6,01-01-70,01-01-77,,11,5/24/15 7:51,WNA/IAEA,470
62,Blayais-1,45.256000,-0.691000,France,FR,Operational,PWR,CP1,01-01-77,12-01-81,,910,5/24/15 7:50,WNA/IAEA,187
63,Blayais-2,45.256000,-0.691000,France,FR,Operational,PWR,CP1,01-01-77,02-01-83,,910,5/24/15 7:50,WNA/IAEA,188
64,Blayais-3,45.256000,-0.691000,France,FR,Operational,PWR,CP1,04-01-78,11-14-83,,910,5/24/15 7:50,WNA/IAEA,189
65,Blayais-4,45.256000,-0.691000,France,FR,Operational,PWR,CP1,04-01-78,10-01-83,,910,5/24/15 7:50,WNA/IAEA,190
66,Bohunice-1,48.494000,17.687000,Slovakia,SK,Shutdown,PWR,VVER V-230,04-24-72,04-01-80,12-31-06,408,5/24/15 7:51,WNA/IAEA,548
67,Bohunice-2,48.494000,17.687000,Slovakia,SK,Shutdown,PWR,VVER V-230,04-24-72,01-01-81,12-31-08,408,5/24/15 7:51,WNA/IAEA,549
68,Bohunice-3,48.494000,17.687000,Slovakia,SK,Operational,PWR,VVER V-213,12-01-76,02-14-85,,466,2/14/21 5:47,WNA/IAEA,546
69,Bohunice-4,48.494000,17.687000,Slovakia,SK,Operational,PWR,VVER V-213,12-01-76,12-18-85,,466,2/14/21 5:47,WNA/IAEA,547
70,Bohunice-A1,48.494000,17.687000,Slovakia,SK,Shutdown,HWGCR,KS 150,08-01-58,12-25-72,02-22-77,110,5/24/15 7:51,WNA/IAEA,543
71,BONUS,18.365000,-67.268000,United States,US,Shutdown,BWR,Superheater,01-01-60,09-01-65,06-01-68,17,06-06-21,WNA/IAEA,703
72,Borssele,51.431000,3.719000,Netherlands,NL,Operational,PWR,KWU 2LP,07-01-69,10-26-73,,495,2/11/17 1:57,WNA/IAEA,423
73,BR-3,51.217000,5.099000,Belgium,BE,Shutdown,PWR,Prototype,11-01-57,10-10-62,06-30-87,11,5/24/15 7:50,WNA/IAEA,8
74,Bradwell-1,51.742000,0.899000,United Kingdom,GB,Shutdown,GCR,MAGNOX,01-01-57,07-01-62,03-31-02,150,5/24/15 7:51,WNA/IAEA,266
75,Bradwell-2,51.742000,0.899000,United Kingdom,GB,Shutdown,GCR,MAGNOX,01-01-57,11-12-62,03-30-02,150,5/24/15 7:51,WNA/IAEA,267
76,Braidwood-1,41.247000,-88.230000,United States,US,Operational,PWR,WH 4LP (DRYAMB),08-01-75,07-29-88,,1120,2/11/17 1:59,WNA/IAEA,737
77,Braidwood-2,41.247000,-88.230000,United States,US,Operational,PWR,WH 4LP (DRYAMB),08-01-75,10-17-88,,1120,2/11/17 1:59,WNA/IAEA,738
79,Brokdorf,53.850000,9.345000,Germany,DE,Shutdown,PWR,PWR,01-01-76,12-22-86,12-31-21,1307,4/21/22 23:26,WNA/IAEA,107
80,Browns Ferry-1,34.704000,-87.119000,United States,US,Operational,BWR,BWR-4 (Mark 1),05-01-67,12-20-74,,1065,4/21/22 23:26,WNA/IAEA,617
81,Browns Ferry-2,34.704000,-87.119000,United States,US,Operational,BWR,BWR-4 (Mark 1),05-01-67,03-01-75,,1065,5/24/15 7:51,WNA/IAEA,618
82,Browns Ferry-3,34.704000,-87.119000,United States,US,Operational,BWR,BWR-4 (Mark 1),07-01-68,03-01-77,,1065,5/24/15 7:51,WNA/IAEA,641
83,Bruce-1,44.341000,-81.572000,Canada,CA,Operational,PHWR,CANDU 791,06-01-71,09-01-77,,732,4/21/22 23:26,WNA/IAEA,53
84,Bruce-2,44.341000,-81.572000,Canada,CA,Operational,PHWR,CANDU 791,12-01-70,09-01-77,,732,4/21/22 23:26,WNA/IAEA,54
85,Bruce-3,44.341000,-81.572000,Canada,CA,Operational,PHWR,CANDU 750A,07-01-72,02-01-78,,750,4/21/22 23:26,WNA/IAEA,30
86,Bruce-4,44.341000,-81.572000,Canada,CA,Operational,PHWR,CANDU 750A,09-01-72,01-18-79,,750,4/21/22 23:26,WNA/IAEA,31
87,Bruce-5,44.341000,-81.572000,Canada,CA,Operational,PHWR,CANDU 750B,05-31-78,02-28-85,,822,4/21/22 23:26,WNA/IAEA,38
88,Bruce-6,44.341000,-81.572000,Canada,CA,Operational,PHWR,CANDU 750B,01-01-78,09-14-84,,822,5/24/15 7:50,WNA/IAEA,39
89,Bruce-7,44.341000,-81.572000,Canada,CA,Operational,PHWR,CANDU 750B,05-01-79,04-10-86,,822,5/24/15 7:50,WNA/IAEA,41
90,Bruce-8,44.341000,-81.572000,Canada,CA,Operational,PHWR,CANDU 750B,07-30-79,05-20-87,,795,4/21/22 23:26,WNA/IAEA,42
91,Brunsbuettel,53.891000,9.202000,Germany,DE,Shutdown,BWR,BWR-69,04-15-70,02-09-77,08-06-11,770,5/24/15 7:50,WNA/IAEA,86
92,Brunswick-1,33.958000,-78.007000,United States,US,Operational,BWR,BWR-4 (Mark 1),02-07-70,03-18-77,,821,5/24/15 7:51,WNA/IAEA,662
93,Brunswick-2,33.958000,-78.007000,United States,US,Operational,BWR,BWR-4 (Mark 1),02-07-70,11-03-75,,821,5/24/15 7:51,WNA/IAEA,661
94,Bugey-1,45.796000,5.268000,France,FR,Shutdown,GCR,UNGG,12-01-65,07-01-72,05-27-94,540,5/24/15 7:51,WNA/IAEA,230
95,Bugey-2,45.796000,5.268000,France,FR,Operational,PWR,CP0,11-01-72,03-01-79,,920,5/24/15 7:50,WNA/IAEA,165
96,Bugey-3,45.798000,5.268000,France,FR,Operational,PWR,CP0,09-01-73,03-01-79,,920,5/24/15 7:50,WNA/IAEA,166
97,Bugey-4,45.800000,5.267000,France,FR,Operational,PWR,CP0,06-01-74,07-01-79,,900,5/24/15 7:50,WNA/IAEA,167
98,Bugey-5,45.800000,5.267000,France,FR,Operational,PWR,CP0,07-01-74,01-03-80,,900,5/24/15 7:50,WNA/IAEA,168
99,Bushehr-1,28.831000,50.887000,Iran,IR,Operational,PWR,VVER V-446,05-01-75,09-23-13,,915,5/24/15 7:51,WNA/IAEA,310
100,Bushehr-2,28.828700,50.889500,Iran,IR,Under Construction,PWR,V-528 VVER-1000 AES-92 GIII+,09-27-19,,,974,4/18/20 7:46,WNA/IAEA,311
101,Bushehr-3,28.830500,50.887200,Iran,IR,Planned,,,,,,,,WNA,
102,Bushehr-4,28.830500,50.887200,Iran,IR,Planned,,,,,,,,WNA,
103,Byron-1,42.074000,-89.277000,United States,US,Operational,PWR,WH 4LP (DRYAMB),04-01-75,09-16-85,,1120,2/11/17 1:59,WNA/IAEA,735
104,Byron-2,42.074000,-89.277000,United States,US,Operational,PWR,WH 4LP (DRYAMB),04-01-75,08-02-87,,1120,2/11/17 1:59,WNA/IAEA,736
105,Calder Hall-1,54.420000,-3.491000,United Kingdom,GB,Shutdown,GCR,MAGNOX,08-01-53,10-01-56,03-31-03,35,5/24/15 7:51,WNA/IAEA,231
106,Calder Hall-2,54.420000,-3.491000,United Kingdom,GB,Shutdown,GCR,MAGNOX,08-01-53,02-01-57,03-31-03,35,5/24/15 7:51,WNA/IAEA,232
107,Calder Hall-3,54.420000,-3.491000,United Kingdom,GB,Shutdown,GCR,MAGNOX,08-01-55,05-01-58,03-31-03,35,5/24/15 7:51,WNA/IAEA,233
108,Calder Hall-4,54.420000,-3.491000,United Kingdom,GB,Shutdown,GCR,MAGNOX,08-01-55,04-01-59,03-31-03,35,5/24/15 7:51,WNA/IAEA,234
109,Callaway-1,38.763000,-91.781000,United States,US,Operational,PWR,WH 4LP (DRYAMB),09-01-75,12-19-84,,1171,2/11/17 1:59,WNA/IAEA,752
110,Calvert Cliffs-1,38.435000,-76.439000,United States,US,Operational,PWR,CE 2LP (DRYAMB),06-01-68,05-08-75,,845,2/11/17 1:58,WNA/IAEA,655
111,Calvert Cliffs-2,38.435000,-76.439000,United States,US,Operational,PWR,CE 2LP (DRYAMB),06-01-68,04-01-77,,845,2/11/17 1:58,WNA/IAEA,656
112,Caorso,45.072000,9.872000,Italy,IT,Shutdown,BWR,BWR-4 (Mark 2),01-01-70,12-01-81,07-01-90,840,5/24/15 7:51,WNA/IAEA,327
113,CAREM25,-33.966667,-59.211111,Argentina,AR,Under Construction,PWR,CAREM Prototype (Integrated-PWR),08-25-15,,,25,4/21/22 23:26,IAEA,1055
114,Carolinas CVTR,34.263000,-81.330000,United States,US,Shutdown,PHWR,Prototype,01-01-60,12-18-63,01-10-67,17,2/11/17 1:57,WNA/IAEA,600
115,Catawba-1,35.053000,-81.071000,United States,US,Operational,PWR,WH 4LP (ICECND),05-01-74,06-29-85,,1145,2/11/17 1:59,WNA/IAEA,713
116,Catawba-2,35.053000,-81.071000,United States,US,Operational,PWR,WH 4LP (ICECND),05-01-74,08-19-86,,1145,2/11/17 1:59,WNA/IAEA,714
117,Cattenom-1,49.416000,6.217000,France,FR,Operational,PWR,P4 REP 1300,10-29-79,04-01-87,,1300,5/24/15 7:51,WNA/IAEA,207
118,Cattenom-2,49.416000,6.217000,France,FR,Operational,PWR,P4 REP 1300,07-28-80,02-01-88,,1300,5/24/15 7:51,WNA/IAEA,210
119,Cattenom-3,49.416000,6.217000,France,FR,Operational,PWR,P4 REP 1300,06-15-82,02-01-91,,1300,5/24/15 7:51,WNA/IAEA,218
120,Cattenom-4,49.416000,6.217000,France,FR,Operational,PWR,P4 REP 1300,09-28-83,01-01-92,,1300,5/24/15 7:51,WNA/IAEA,223
121,CEFR (China Experimental Fast Reactor),39.739000,116.030000,China,CN,Operational,FBR,BN-20,05-10-00,,,20,06-12-21,WNA/IAEA,1047
122,Cernavoda-1,44.322000,28.061000,Romania,RO,Operational,PHWR,CANDU 6,03-31-83,12-02-96,,650,1/6/21 3:19,WNA/IAEA,442
123,Cernavoda-2,44.322000,28.061000,Romania,RO,Operational,PHWR,CANDU 6,07-01-83,11-01-07,,650,6/2/19 23:18,WNA/IAEA,443
124,Cernavoda-3,44.322000,28.061000,Romania,RO,Suspended Construction,PHWR,,02-09-84,,,655,2/14/21 2:58,WNA/IAEA/Wikipedia,
125,Changjiang-1,19.460750,108.899917,China,CN,Operational,PWR,CNP-600,04-25-10,12-25-15,,601,4/20/21 6:20,WNA/IAEA/Wikipedia,939
126,Changjiang-2,19.460750,108.899917,China,CN,Operational,PWR,CNP-600,11-21-10,08-12-16,,601,4/20/21 6:20,WNA/IAEA/Wikipedia,940
127,Chapelcross-1,55.014000,-3.223000,United Kingdom,GB,Shutdown,GCR,MAGNOX,10-01-55,03-01-59,06-29-04,35,5/24/15 7:51,WNA/IAEA,252
128,Chapelcross-2,55.014000,-3.223000,United Kingdom,GB,Shutdown,GCR,MAGNOX,10-01-55,08-01-59,06-29-04,35,5/24/15 7:51,WNA/IAEA,253
129,Chapelcross-3,55.014000,-3.223000,United Kingdom,GB,Shutdown,GCR,MAGNOX,10-01-55,12-01-59,06-29-04,35,5/24/15 7:51,WNA/IAEA,254
130,Chapelcross-4,55.014000,-3.223000,United Kingdom,GB,Shutdown,GCR,MAGNOX,10-01-55,03-01-60,06-29-04,35,5/24/15 7:51,WNA/IAEA,255
131,CHASNUPP-1,32.392000,71.463000,Pakistan,PK,Operational,PWR,CNP-300,08-01-93,09-15-00,,300,06-07-21,WNA/IAEA,428
132,CHASNUPP-2,32.392000,71.463000,Pakistan,PK,Operational,PWR,CNP-300,12-28-05,05-18-11,,300,06-07-21,WNA/IAEA,429
133,CHASNUPP-3,32.392000,71.465000,Pakistan,PK,Operational,PWR,CNP-300,05-28-11,12-06-16,,315,06-07-21,WNA/IAEA,1044
134,CHASNUPP-4,32.391944,71.461667,Pakistan,PK,Operational,PWR,CNP-300,12-18-11,09-19-17,,313,06-07-21,IAEA,1045
135,Chernobyl-1,51.389000,30.103000,Ukraine,UA,Shutdown,LWGR,RBMK,03-01-70,05-27-78,11-30-96,925,5/24/15 7:51,WNA/IAEA,568
136,Chernobyl-2,51.389000,30.103000,Ukraine,UA,Shutdown,LWGR,RBMK,02-01-73,05-28-79,10-11-91,925,5/24/15 7:51,WNA/IAEA,569
137,Chernobyl-3,51.389000,30.103000,Ukraine,UA,Shutdown,LWGR,RBMK,03-01-76,06-08-82,12-15-00,925,5/24/15 7:51,WNA/IAEA,575
138,Chernobyl-4,51.389000,30.103000,Ukraine,UA,Shutdown,LWGR,RBMK,04-01-79,03-26-84,04-26-86,925,5/24/15 7:51,WNA/IAEA,576
139,Chin Shan-1,25.292000,121.567000,Taiwan,TW,Shutdown,BWR,BWR-4 (Mark 1),06-02-72,12-10-78,12-06-18,604,6/2/19 23:18,WNA/IAEA,554
140,Chin Shan-2,25.292000,121.567000,Taiwan,TW,Shutdown,BWR,BWR-4 (Mark 1),12-07-73,07-15-79,07-16-19,604,11-22-19,WNA/IAEA,555
141,Chinon-A1,47.232000,0.167000,France,FR,Shutdown,GCR,UNGG,02-01-57,02-01-64,04-16-73,68,5/24/15 7:50,WNA/IAEA,173
142,Chinon-A2,47.232000,0.167000,France,FR,Shutdown,GCR,UNGG,08-01-59,02-24-65,06-14-85,170,5/24/15 7:50,WNA/IAEA,184
143,Chinon-A3,47.232000,0.167000,France,FR,Shutdown,GCR,UNGG,03-01-61,08-04-66,06-15-90,480,5/24/15 7:50,WNA/IAEA,195
144,Chinon-B1,47.232000,0.167000,France,FR,Operational,PWR,CP2,03-01-77,02-01-84,,870,5/24/15 7:50,WNA/IAEA,196
145,Chinon-B2,47.232000,0.167000,France,FR,Operational,PWR,CP2,03-01-77,08-01-84,,870,5/24/15 7:50,WNA/IAEA,197
146,Chinon-B3,47.232000,0.167000,France,FR,Operational,PWR,CP2,10-01-80,03-04-87,,905,5/24/15 7:51,WNA/IAEA,213
147,Chinon-B4,47.232000,0.167000,France,FR,Operational,PWR,CP2,02-01-81,04-01-88,,905,5/24/15 7:51,WNA/IAEA,214
148,Chooz-A,50.086000,4.792000,France,FR,Shutdown,PWR,CHOOZ-A,01-01-62,04-15-67,10-30-91,280,5/24/15 7:51,WNA/IAEA,206
149,Chooz-B1,50.086000,4.792000,France,FR,Operational,PWR,N4 REP 1450,01-01-84,05-15-00,,1455,5/24/15 7:51,WNA/IAEA,220
150,Chooz-B2,50.086000,4.792000,France,FR,Operational,PWR,N4 REP 1450,12-31-85,09-29-00,,1455,5/24/15 7:51,WNA/IAEA,226
151,Civaux-1,46.457000,0.654000,France,FR,Operational,PWR,N4 REP 1450,10-15-88,01-29-02,,1450,5/24/15 7:51,WNA/IAEA,227
152,Civaux-2,46.457000,0.654000,France,FR,Operational,PWR,N4 REP 1450,04-01-91,04-23-02,,1450,5/24/15 7:51,WNA/IAEA,228
153,Clinton-1,40.172000,-88.834000,United States,US,Operational,BWR,BWR-6 (Mark 3),10-01-75,11-24-87,,950,5/24/15 7:51,WNA/IAEA,742
154,Cofrentes,39.216000,-1.051000,Spain,ES,Operational,BWR,BWR-6 (Mark 3),09-09-75,03-11-85,,939,2/11/17 1:56,WNA/IAEA,140
155,Columbia (WNP-2),46.471000,-119.333000,United States,US,Operational,BWR,BWR-5 (Mark 2),08-01-72,12-13-84,,1100,5/24/15 7:51,WNA/IAEA,702
156,Comanche Peak-1,32.301000,-97.787000,United States,US,Operational,PWR,WH 4LP (DRYAMB),12-19-74,08-13-90,,1150,2/11/17 1:59,WNA/IAEA,729
157,Comanche Peak-2,32.301000,-97.787000,United States,US,Operational,PWR,WH 4LP (DRYAMB),12-19-74,08-03-93,,1150,2/11/17 1:59,WNA/IAEA,730
158,Cooper,40.361000,-95.643000,United States,US,Operational,BWR,BWR-4 (Mark 1),06-01-68,07-01-74,,778,5/24/15 7:51,WNA/IAEA,642
159,Cruas-1,44.634000,4.757000,France,FR,Operational,PWR,CP2,08-01-78,04-02-84,,880,5/24/15 7:50,WNA/IAEA,198
160,Cruas-2,44.634000,4.757000,France,FR,Operational,PWR,CP2,11-15-78,04-01-85,,915,5/24/15 7:50,WNA/IAEA,199
161,Cruas-3,44.634000,4.757000,France,FR,Operational,PWR,CP2,04-15-79,09-10-84,,880,5/24/15 7:50,WNA/IAEA,200
162,Cruas-4,44.634000,4.757000,France,FR,Operational,PWR,CP2,10-01-79,02-11-85,,880,5/24/15 7:50,WNA/IAEA,201
163,Crystal River-3,28.966000,-82.697000,United States,US,Shutdown,PWR,B&W LLP (DRYAMB),09-25-68,03-13-77,02-05-13,825,2/11/17 1:58,WNA/IAEA,645
164,Dampierre-1,47.732000,2.513000,France,FR,Operational,PWR,CP1,02-01-75,09-10-80,,890,5/24/15 7:50,WNA/IAEA,176
165,Dampierre-2,47.732000,2.513000,France,FR,Operational,PWR,CP1,04-01-75,02-16-81,,890,5/24/15 7:50,WNA/IAEA,183
166,Dampierre-3,47.732000,2.513000,France,FR,Operational,PWR,CP1,09-01-75,05-27-81,,890,5/24/15 7:50,WNA/IAEA,185
167,Dampierre-4,47.732000,2.513000,France,FR,Operational,PWR,CP1,12-01-75,11-20-81,,890,5/24/15 7:50,WNA/IAEA,186
168,Darkhovin,30.707778,48.380000,Iran,IR,Unknown,PWR,,,,,,,Wikipedia,
169,Darlington-1,43.867000,-78.724000,Canada,CA,Operational,PHWR,CANDU 850,04-01-82,11-14-92,,881,5/24/15 7:50,WNA/IAEA,43
170,Darlington-2,43.867000,-78.724000,Canada,CA,Operational,PHWR,CANDU 850,09-01-81,10-09-90,,881,5/24/15 7:50,WNA/IAEA,44
171,Darlington-3,43.867000,-78.724000,Canada,CA,Operational,PHWR,CANDU 850,09-01-84,02-14-93,,881,5/24/15 7:50,WNA/IAEA,45
172,Darlington-4,43.867000,-78.724000,Canada,CA,Operational,PHWR,CANDU 850,07-01-85,06-14-93,,881,5/24/15 7:50,WNA/IAEA,46
173,Darlington-5,43.864400,-78.724400,Canada,CA,Planned,PHWR,,,,,,,WNA,
174,Darlington-6,43.863300,-78.724400,Canada,CA,Planned,PHWR,,,,,,,WNA,
175,Davis Besse-1,41.597000,-83.092000,United States,US,Operational,PWR,B&W RLP (DRYAMB),09-01-70,07-31-78,,906,2/11/17 1:58,WNA/IAEA,676
176,Daya Bay-1 (Guangdong-1),22.599000,114.544000,China,CN,Operational,PWR,M310,08-07-87,02-01-94,,930,5/24/15 7:50,WNA/IAEA,63
177,Daya Bay-2 (Guangdong-2),22.599000,114.544000,China,CN,Operational,PWR,M310,04-07-88,05-06-94,,930,5/24/15 7:50,WNA/IAEA,64
178,Diablo Canyon-1,35.212000,-120.854000,United States,US,Operational,PWR,WH 4LP (DRYAMB),04-23-68,05-07-85,,1084,2/11/17 1:58,WNA/IAEA,628
179,Diablo Canyon-2,35.212000,-120.854000,United States,US,Operational,PWR,WH 4LP (DRYAMB),12-09-70,03-13-86,,1106,2/11/17 1:58,WNA/IAEA,660
180,Doel-1,51.323000,4.259000,Belgium,BE,Operational,PWR,WH 2LP,07-01-69,02-15-75,,392,2/11/17 1:55,WNA/IAEA,9
181,Doel-2,51.323000,4.259000,Belgium,BE,Operational,PWR,WH 2LP,09-01-71,12-01-75,,445,1/6/21 3:19,WNA/IAEA,11
182,Doel-3,51.323000,4.259000,Belgium,BE,Shutdown,PWR,WH 3LP,01-01-75,10-01-82,09-23-22,890,12/30/22 2:57,WNA/IAEA,12
183,Doel-4,51.323000,4.259000,Belgium,BE,Operational,PWR,WH 3LP,12-01-78,07-01-85,,1000,2/11/17 1:55,WNA/IAEA,14
184,Donald Cook-1,41.975000,-86.564000,United States,US,Operational,PWR,WH 4LP (ICECDN),03-25-69,08-28-75,,1030,2/11/17 1:58,WNA/IAEA,653
185,Donald Cook-2,41.975000,-86.564000,United States,US,Operational,PWR,WH 4LP (ICECDN),03-25-69,07-01-78,,1100,2/11/17 1:58,WNA/IAEA,654
186,Douglas Point,44.326000,-81.601000,Canada,CA,Shutdown,PHWR,CANDU 200,02-01-60,09-26-68,05-04-84,203,5/24/15 7:50,WNA/IAEA,40
187,Dounreay DFR,58.577000,-3.745000,United Kingdom,GB,Shutdown,FBR,,03-01-55,10-01-62,03-01-77,14,5/24/15 7:51,WNA/IAEA,242
188,Dounreay PFR,58.577000,-3.745000,United Kingdom,GB,Shutdown,FBR,,01-01-66,07-01-76,03-31-94,234,5/24/15 7:51,WNA/IAEA,243
189,Dresden-1,41.353000,-88.349000,United States,US,Shutdown,BWR,,05-01-56,07-04-60,10-31-78,192,5/24/15 7:51,WNA/IAEA,597
190,Dresden-2,41.353000,-88.349000,United States,US,Operational,BWR,BWR-3 (Mark 1),01-10-66,06-09-70,,794,5/24/15 7:51,WNA/IAEA,608
191,Dresden-3,41.353000,-88.349000,United States,US,Operational,BWR,BWR-3 (Mark 1),10-14-66,11-16-71,,794,5/24/15 7:51,WNA/IAEA,612
192,Duane Arnold-1,42.101000,-91.776000,United States,US,Shutdown,BWR,BWR-4 (Mark 1),06-22-70,02-01-75,10-12-20,601,1/6/21 3:19,WNA/IAEA,667
193,Dukovany-1,49.089000,16.149000,Czechia,CZ,Operational,PWR,VVER V-213,01-01-79,05-03-85,,420,8/28/23 11:01,WNA/IAEA,78
194,Dukovany-2,49.089000,16.149000,Czechia,CZ,Operational,PWR,VVER V-213,01-01-79,03-21-86,,420,5/24/15 7:50,WNA/IAEA,79
195,Dukovany-3,49.089000,16.149000,Czechia,CZ,Operational,PWR,VVER V-213,03-01-79,12-20-86,,420,5/24/15 7:50,WNA/IAEA,80
196,Dukovany-4,49.089000,16.149000,Czechia,CZ,Operational,PWR,VVER V-213,03-01-79,07-19-87,,420,5/24/15 7:50,WNA/IAEA,81
197,Dungeness-A1,50.914000,0.962000,United Kingdom,GB,Shutdown,GCR,MAGNOX,07-01-60,10-28-65,12-31-06,275,5/24/15 7:51,WNA/IAEA,275
198,Dungeness-A2,50.914000,0.962000,United Kingdom,GB,Shutdown,GCR,MAGNOX,07-01-60,12-30-65,12-31-06,275,5/24/15 7:51,WNA/IAEA,276
199,Dungeness-B1,50.914000,0.962000,United Kingdom,GB,Shutdown,GCR,AGR,10-01-65,04-01-85,06-07-21,607,1/5/22 2:04,WNA/IAEA,248
200,Dungeness-B2,50.914000,0.962000,United Kingdom,GB,Shutdown,GCR,AGR,10-01-65,04-01-89,06-07-21,607,1/5/22 2:04,WNA/IAEA,249
201,El Dabaa-1,31.044167,28.497778,Egypt,EG,Under Construction,PWR,VVER-1200,07-20-22,,,1100,8/28/23 11:01,WNA/IAEA/Wikipedia,137
202,EL-4 (Monts D'Arree),48.350000,-3.866667,France,FR,Shutdown,HWGCR,Monts-D'Arree,07-01-62,06-01-68,07-31-85,70,5/24/15 8:20,IAEA,217
203,Elk River,45.297000,-93.557000,United States,US,Shutdown,BWR,,01-01-59,07-01-64,02-01-68,22,5/24/15 7:51,WNA/IAEA,596
204,Embalse,-32.232000,-64.442000,Argentina,AR,Operational,PHWR,CANDU 6,04-01-74,01-20-84,,608,4/18/20 7:46,WNA/IAEA,4
205,Emsland,52.471000,7.322000,Germany,DE,Shutdown,PWR,Konvoi,08-10-82,06-20-88,04-15-23,1242,8/28/23 11:01,WNA/IAEA,108
206,Enrico Fermi,45.183333,8.283333,Italy,IT,Shutdown,PWR,WH 4LP,07-01-61,01-01-65,07-01-90,247,2/11/17 1:56,IAEA,326
207,Enrico Fermi-1,41.960000,-83.257000,United States,US,Shutdown,FBR,Liquid Metal FBR,08-08-56,08-07-66,11-29-72,60,2/11/17 1:57,WNA/IAEA,602
208,Enrico Fermi-2,41.960000,-83.257000,United States,US,Operational,BWR,BWR-4 (Mark 1),09-26-72,01-23-88,,1093,5/24/15 7:51,WNA/IAEA,674
209,Fangchenggang-1,21.600000,108.300000,China,CN,Operational,PWR,CPR-1000,07-30-10,01-01-16,,1000,6/30/19 1:55,WNA/IAEA,943
210,Fangchenggang-2,21.600000,108.300000,China,CN,Operational,PWR,CPR-1000,12-23-10,10-01-16,,1000,2/11/17 1:59,WNA/IAEA,944
211,Fangjiashan-1,30.416000,120.951000,China,CN,Operational,PWR,CPR-1000,12-26-08,12-15-14,,1000,5/24/15 7:51,WNA/IAEA,912
212,Fangjiashan-2,30.416000,120.951000,China,CN,Operational,PWR,CPR-1000,07-17-09,02-12-15,,1000,5/24/15 7:51,WNA/IAEA,913
213,Farley-1,31.223000,-85.115000,United States,US,Operational,PWR,WH 3LP (DRYAMB),10-01-70,12-01-77,,829,2/11/17 1:58,WNA/IAEA,677
214,Farley-2,31.223000,-85.115000,United States,US,Operational,PWR,WH 3LP (DRYAMB),10-01-70,07-30-81,,829,2/11/17 1:58,WNA/IAEA,686
215,Fessenheim-1,47.903000,7.564000,France,FR,Shutdown,PWR,CP0,09-01-71,01-01-78,02-22-20,880,4/18/20 7:46,WNA/IAEA,163
216,Fessenheim-2,47.903000,7.564000,France,FR,Shutdown,PWR,CP0,02-01-72,04-01-78,06-30-20,880,8/31/20 4:39,WNA/IAEA,164
217,FitzPatrick,43.521000,-76.403000,United States,US,Operational,BWR,BWR-4 (Mark 1),09-01-68,07-28-75,,821,5/24/15 7:51,WNA/IAEA,668
218,Flamanville-1,49.537000,-1.881000,France,FR,Operational,PWR,P4 REP 1300,12-01-79,12-01-86,,1330,5/24/15 7:50,WNA/IAEA,202
219,Flamanville-2,49.537000,-1.881000,France,FR,Operational,PWR,P4 REP 1300,05-01-80,03-09-87,,1330,5/24/15 7:50,WNA/IAEA,203
220,Flamanville-3,49.537000,-1.881000,France,FR,Under Construction,PWR,EPR,12-03-07,,,1630,5/24/15 7:51,WNA/IAEA,873
221,Forsmark-1,60.405000,18.168000,Sweden,SE,Operational,BWR,"AA-III, BWR-2500",06-01-73,12-10-80,,900,3/10/18 16:52,WNA/IAEA,541
222,Forsmark-2,60.405000,18.168000,Sweden,SE,Operational,BWR,"AA-III, BWR-2500",01-01-75,07-07-81,,900,3/10/18 16:51,WNA/IAEA,530
223,Forsmark-3,60.405000,18.168000,Sweden,SE,Operational,BWR,"AA-IV, BWR-3000",01-01-79,08-18-85,,1050,3/10/18 16:51,WNA/IAEA,532
224,Fort Calhoun-1,41.520000,-96.076000,United States,US,Shutdown,PWR,CE 2LP,06-07-68,09-26-73,10-24-16,478,2/11/17 1:58,WNA/IAEA,634
225,Fort St. Vrain,40.244000,-104.874000,United States,US,Shutdown,HTGR,,09-01-68,07-01-79,08-29-89,330,5/24/15 7:51,WNA/IAEA,623
226,Fugen ATR,35.751000,136.020000,Japan,JP,Shutdown,HWLWR,ATR,05-10-72,03-20-79,03-29-03,148,5/24/15 7:51,WNA/IAEA,345
227,Fukushima Daiichi-1,37.423000,141.032000,Japan,JP,Shutdown,BWR,BWR-3,07-25-67,03-26-71,05-19-11,439,6/30/19 15:49,WNA/IAEA,377
228,Fukushima Daiichi-2,37.423000,141.032000,Japan,JP,Shutdown,BWR,BWR-4,06-09-69,07-18-74,05-19-11,760,6/30/19 15:49,WNA/IAEA,389
229,Fukushima Daiichi-3,37.423000,141.032000,Japan,JP,Shutdown,BWR,BWR-4,12-28-70,03-27-76,05-19-11,760,6/30/19 15:49,WNA/IAEA,334
230,Fukushima Daiichi-4,37.423000,141.032000,Japan,JP,Shutdown,BWR,BWR-4,02-12-73,10-12-78,05-19-11,760,6/30/19 15:49,WNA/IAEA,340
231,Fukushima Daiichi-5,37.423000,141.032000,Japan,JP,Shutdown,BWR,BWR-4,05-22-72,04-18-78,12-17-13,760,6/30/19 15:49,WNA/IAEA,341
232,Fukushima Daiichi-6,37.423000,141.032000,Japan,JP,Shutdown,BWR,BWR-5,10-26-73,10-24-79,12-17-13,1067,6/30/19 15:52,WNA/IAEA,342
233,Fukushima Daini-1,37.315000,141.024000,Japan,JP,Shutdown,BWR,BWR-5,03-16-76,04-20-82,09-30-19,1067,4/18/20 7:46,WNA/IAEA,350
234,Fukushima Daini-2,37.315000,141.024000,Japan,JP,Shutdown,BWR,BWR-5,05-25-79,02-03-84,09-30-19,1067,4/18/20 7:46,WNA/IAEA,351
235,Fukushima Daini-3,37.315000,141.024000,Japan,JP,Shutdown,BWR,BWR-5,03-23-81,06-21-85,09-30-19,1067,4/18/20 7:46,WNA/IAEA,361
236,Fukushima Daini-4,37.315000,141.024000,Japan,JP,Shutdown,BWR,BWR-5,05-28-81,08-25-87,09-30-19,1067,4/18/20 7:46,WNA/IAEA,364
237,Fuqing-1,25.443000,119.453000,China,CN,Operational,PWR,CNP-1000,11-21-08,11-22-14,,1000,3/9/16 20:43,WNA/IAEA,914
238,Fuqing-2,25.443000,119.453000,China,CN,Operational,PWR,CNP-1000,06-17-09,10-16-15,,1000,3/9/16 20:43,WNA/IAEA,915
239,Fuqing-3,25.720278,119.383889,China,CN,Operational,PWR,CNP-1000,12-31-10,10-24-16,,1000,2/11/17 1:59,WNA/IAEA,935
240,Fuqing-4,25.720278,119.383889,China,CN,Operational,PWR,CNP-1000,11-17-12,09-17-17,,1000,3/10/18 16:52,WNA/IAEA,936
241,Fuqing-5,25.720278,119.383889,China,CN,Operational,PWR,HPR1000,05-07-15,01-30-21,,1075,12/30/22 2:57,WNA/IAEA,937
242,Fuqing-6,25.720278,119.383889,China,CN,Operational,PWR,HPR1000,12-22-15,03-25-22,,1075,9/25/22 1:33,WNA/Wikipedia/IAEA,938
243,G-2 (Marcoule),44.142000,4.713000,France,FR,Shutdown,GCR,,03-01-55,04-22-59,02-02-80,36,5/24/15 7:50,WNA/IAEA,172
244,G-3 (Marcoule),44.142000,4.713000,France,FR,Shutdown,GCR,,03-01-56,04-04-60,06-20-84,36,5/24/15 7:50,WNA/IAEA,161
245,Garigliano,41.258000,13.835000,Italy,IT,Shutdown,BWR,BWR-1,11-01-59,06-01-64,03-01-82,150,5/24/15 7:51,WNA/IAEA,325
246,GE Vallecitos,37.613056,-121.840000,United States,US,Shutdown,BWR,25,01-01-56,10-19-57,12-09-63,24,06-06-21,IAEA,893
247,Genkai-1,33.518000,129.837000,Japan,JP,Shutdown,PWR,M (2-loop),09-15-71,10-15-75,04-27-15,529,5/24/15 7:51,WNA/IAEA,336
248,Genkai-2,33.518000,129.837000,Japan,JP,Shutdown,PWR,M (2-loop),02-01-77,03-30-81,04-09-19,529,11-22-19,WNA/IAEA,352
249,Genkai-3,33.518000,129.837000,Japan,JP,Operational,PWR,M (4-loop),06-01-88,03-18-94,,1127,5/24/15 7:51,WNA/IAEA,372
250,Genkai-4,33.518000,129.837000,Japan,JP,Operational,PWR,M (4-loop),07-15-92,07-25-97,,1127,5/24/15 7:51,WNA/IAEA,373
251,Gentilly-1 (Demo),46.395000,-72.357000,Canada,CA,Shutdown,HWLWR,HW BLWR 250,09-01-66,05-01-72,06-01-77,250,5/24/15 7:50,WNA/IAEA,47
252,Gentilly-2,46.395000,-72.357000,Canada,CA,Shutdown,PHWR,CANDU 6,04-01-74,10-01-83,12-28-12,645,5/24/15 7:50,WNA/IAEA,32
253,Dodewaard,51.899000,5.687000,Netherlands,NL,Shutdown,BWR,GE design,05-01-65,03-26-69,03-26-97,54,06-07-21,WNA/IAEA,422
254,Goesgen,47.366000,7.969000,Switzerland,CH,Operational,PWR,PWR 3 Loop,12-01-73,11-01-79,,920,4/21/22 23:26,WNA/IAEA,58
255,Golfech-1,44.105000,0.845000,France,FR,Operational,PWR,P4 REP 1300,11-17-82,02-01-91,,1310,5/24/15 7:51,WNA/IAEA,219
256,Golfech-2,44.105000,0.845000,France,FR,Operational,PWR,P4 REP 1300,10-01-84,03-04-94,,1310,5/24/15 7:51,WNA/IAEA,224
257,Grafenrheinfeld,49.984000,10.186000,Germany,DE,Shutdown,PWR,PWR,01-01-75,06-17-82,06-27-15,1225,8/23/15 6:28,WNA/IAEA,97
258,Grand Gulf-1,32.007000,-91.045000,United States,US,Operational,BWR,BWR-6 (Mark 3),05-04-74,07-01-85,,1250,5/24/15 7:51,WNA/IAEA,715
259,Gravelines-1,51.014000,2.138000,France,FR,Operational,PWR,CP1,02-01-75,11-25-80,,910,5/24/15 7:50,WNA/IAEA,174
260,Gravelines-2,51.014000,2.138000,France,FR,Operational,PWR,CP1,03-01-75,12-01-80,,910,5/24/15 7:50,WNA/IAEA,175
261,Gravelines-3,51.014000,2.138000,France,FR,Operational,PWR,CP1,12-01-75,06-01-81,,910,5/24/15 7:50,WNA/IAEA,181
262,Gravelines-4,51.014000,2.138000,France,FR,Operational,PWR,CP1,04-01-76,10-01-81,,910,5/24/15 7:50,WNA/IAEA,182
263,Gravelines-5,51.014000,2.138000,France,FR,Operational,PWR,CP1,10-01-79,01-15-85,,910,5/24/15 7:51,WNA/IAEA,208
264,Gravelines-6,51.014000,2.138000,France,FR,Operational,PWR,CP1,10-01-79,10-25-85,,910,5/24/15 7:51,WNA/IAEA,209
265,Greifswald-1,54.143000,13.668000,Germany,DE,Shutdown,PWR,VVER V-230,03-01-70,07-12-74,12-18-90,440,9/25/22 1:33,WNA/IAEA,123
266,Greifswald-2,54.143000,13.668000,Germany,DE,Shutdown,PWR,VVER V-230,03-01-70,04-16-75,02-14-90,408,5/24/15 7:50,WNA/IAEA,124
267,Greifswald-3,54.143000,13.668000,Germany,DE,Shutdown,PWR,VVER V-230,04-01-72,05-01-78,02-28-90,408,5/24/15 7:50,WNA/IAEA,125
268,Greifswald-4,54.143000,13.668000,Germany,DE,Shutdown,PWR,VVER V-230,04-01-72,11-01-79,06-02-90,408,9/25/22 1:33,WNA/IAEA,126
269,Greifswald-5,54.143000,13.668000,Germany,DE,Shutdown,PWR,VVER V-213,12-01-76,11-01-89,11-24-89,408,5/24/15 7:50,WNA/IAEA,127
270,Grohnde,52.033000,9.412000,Germany,DE,Shutdown,PWR,PWR,06-01-76,02-01-85,12-31-21,1289,4/21/22 23:26,WNA/IAEA,101
271,Grosswelzheim,50.055000,8.985000,Germany,DE,Decommissioning Completed,BWR,Superheated steam reactor,01-01-65,,07-20-71,23,12/30/22 4:21,WNA/IAEA,134
272,Gundremmingen-A,48.513000,10.401000,Germany,DE,Shutdown,BWR,,12-12-62,04-12-67,01-13-77,237,5/24/15 7:50,WNA/IAEA,104
273,Gundremmingen-B,48.513000,10.401000,Germany,DE,Shutdown,BWR,BWR-72,07-20-76,07-19-84,12-31-17,1244,3/10/18 16:51,WNA/IAEA,100
274,Gundremmingen-C,48.513000,10.401000,Germany,DE,Shutdown,BWR,BWR-72,07-20-76,01-18-85,12-31-21,1249,4/21/22 23:26,WNA/IAEA,102
275,H. B. Robinson-2,34.402000,-80.158000,United States,US,Operational,PWR,WH 3LP (DRYAMB),04-13-67,03-07-71,,700,2/11/17 1:58,WNA/IAEA,619
276,Haddam Neck,41.483000,-72.500000,United States,US,Shutdown,PWR,,05-01-64,01-01-68,12-05-96,582,5/24/15 7:51,WNA/IAEA,605
277,Haiyang-1,36.704000,121.382000,China,CN,Operational,PWR,AP-1000,09-24-09,10-22-18,,1126,6/2/19 23:18,WNA/IAEA,908
278,Haiyang-2,36.704000,121.382000,China,CN,Operational,PWR,AP-1000,06-20-10,01-09-19,,1126,6/2/19 23:18,WNA/IAEA,909
279,Haiyang-3,36.704000,121.382000,China,CN,Under Construction,PWR,CAP1000,07-07-22,,,1161,9/25/22 1:33,WNA/IAEA,993
280,Haiyang-4,36.704000,121.382000,China,CN,Under Construction,PWR,CAP1000,04-22-23,,,1161,8/28/23 11:01,WNA/IAEA,994
281,Hallam,40.559000,-96.785000,United States,US,Shutdown,OCR,LMGMR (SGR-Sodium cooled graphite moderated reactor),01-01-59,11-01-63,09-01-64,75,8/23/15 6:28,WNA/IAEA,891
282,Hamaoka-1,34.621000,138.141000,Japan,JP,Shutdown,BWR,BWR-4,06-10-71,03-17-76,01-30-09,516,5/24/15 7:51,WNA/IAEA,335
283,Hamaoka-2,34.621000,138.141000,Japan,JP,Shutdown,BWR,BWR-4,06-14-74,11-29-78,01-30-09,814,5/24/15 7:51,WNA/IAEA,349
284,Hamaoka-3,34.621000,138.141000,Japan,JP,Suspended Operation,BWR,BWR-5,04-18-83,08-28-87,,1056,12/30/22 4:07,WNA/IAEA,362
285,Hamaoka-4,34.621000,138.141000,Japan,JP,Suspended Operation,BWR,BWR-5,10-13-89,09-03-93,,1092,12/30/22 4:07,WNA/IAEA,376
286,Hamaoka-5,34.621000,138.141000,Japan,JP,Suspended Operation,BWR,ABWR,07-12-00,01-18-05,,1325,12/30/22 4:07,WNA/IAEA,843
287,Hamaoka-6,34.621000,138.141000,Japan,JP,Planned,ABWR,,,,,,,WNA,
288,Hanbit-1,35.405000,126.410000,South Korea,KR,Operational,PWR,WH F,06-04-81,08-25-86,,903,4/21/22 23:26,IAEA,411
289,Hanbit-2,35.405000,126.410000,South Korea,KR,Operational,PWR,WH F,12-01-81,06-10-87,,903,4/21/22 23:26,IAEA,412
290,Hanbit-3,35.405000,126.410000,South Korea,KR,Operational,PWR,OPR-1000,12-23-89,03-31-95,,950,4/21/22 23:26,IAEA,396
291,Hanbit-4,35.405000,126.410000,South Korea,KR,Operational,PWR,OPR-1000,05-26-90,01-01-96,,950,9/25/22 1:33,IAEA,397
292,Hanbit-5,35.405000,126.410000,South Korea,KR,Operational,PWR,OPR-1000,06-29-97,05-21-02,,950,8/28/23 11:01,IAEA,402
293,Hanbit-6,35.405000,126.410000,South Korea,KR,Operational,PWR,OPR-1000,11-20-97,12-24-02,,993,4/20/21 5:47,IAEA,403
294,Hanul-1,37.090000,129.384444,South Korea,KR,Operational,PWR,France CPI,01-26-83,09-10-88,,903,4/21/22 23:26,IAEA,413
295,Hanul-2,37.090000,129.384444,South Korea,KR,Operational,PWR,France CPI,07-05-83,09-30-89,,903,8/28/23 11:01,IAEA,395
296,Hanul-3,37.090000,129.384444,South Korea,KR,Operational,PWR,OPR-1000,07-21-93,08-11-98,,997,4/20/21 5:47,IAEA,398
297,Hanul-4,37.090000,129.384444,South Korea,KR,Operational,PWR,OPR-1000,11-01-93,12-31-99,,950,4/21/22 23:26,IAEA,399
298,Hanul-5,37.090000,129.384444,South Korea,KR,Operational,PWR,OPR-1000,10-01-99,07-29-04,,950,4/21/22 23:26,IAEA,404
299,Hanul-6,37.090000,129.384444,South Korea,KR,Operational,PWR,OPR-1000,09-29-00,04-22-05,,950,4/21/22 23:26,IAEA,406
300,Hartlepool-A1,54.634000,-1.180000,United Kingdom,GB,Operational,GCR,AGR,10-01-68,04-01-89,,590,4/20/21 5:47,WNA/IAEA,250
301,Hartlepool-A2,54.634000,-1.180000,United Kingdom,GB,Operational,GCR,AGR,10-01-68,04-01-89,,595,4/20/21 5:47,WNA/IAEA,251
302,Hatch-1,31.935000,-82.346000,United States,US,Operational,BWR,BWR-4 (Mark 1),09-30-68,12-31-75,,777,5/24/15 7:51,WNA/IAEA,658
303,Hatch-2,31.935000,-82.346000,United States,US,Operational,BWR,BWR-4 (Mark 1),02-01-72,09-05-79,,784,5/24/15 7:51,WNA/IAEA,687
304,Heysham-A1,54.029000,-2.912000,United Kingdom,GB,Operational,GCR,AGR,12-01-70,04-01-89,,611,5/24/15 7:51,WNA/IAEA,256
305,Heysham-A2,54.029000,-2.912000,United Kingdom,GB,Operational,GCR,AGR,12-01-70,04-01-89,,611,5/24/15 7:51,WNA/IAEA,257
306,Heysham-B1,54.029000,-2.912000,United Kingdom,GB,Operational,GCR,AGR,08-01-80,04-01-89,,615,5/24/15 7:51,WNA/IAEA,259
307,Heysham-B2,54.029000,-2.912000,United Kingdom,GB,Operational,GCR,AGR,08-01-80,04-01-89,,615,5/24/15 7:51,WNA/IAEA,260
308,Higashi Dori-1 (Tohoku),41.188000,141.393000,Japan,JP,Suspended Operation,BWR,BWR-5,11-07-00,12-08-05,,1067,12/30/22 4:21,WNA/IAEA,841
309,Higashi Dori-1 (Tokyo),41.185600,141.388000,Japan,JP,Planned,ABWR,,,,,,,WNA,
310,Higashi Dori-2 (Tohoku),41.185600,141.390000,Japan,JP,Planned,ABWR,,,,,,,WNA,
311,Higashi Dori-2 (Tokyo),41.185600,141.389000,Japan,JP,Planned,ABWR,,,,,,,WNA,
312,Hinkley Point-A1,51.209000,-3.131000,United Kingdom,GB,Shutdown,GCR,MAGNOX,11-01-57,03-30-65,05-23-00,250,5/24/15 7:51,WNA/IAEA,271
313,Hinkley Point-A2,51.209000,-3.131000,United Kingdom,GB,Shutdown,GCR,MAGNOX,11-01-57,05-05-65,05-23-00,250,5/24/15 7:51,WNA/IAEA,272
314,Hinkley Point-B1,51.209000,-3.131000,United Kingdom,GB,Shutdown,GCR,AGR,09-01-67,10-02-78,08-01-22,625,9/25/22 1:33,WNA/IAEA,244
315,Hinkley Point-B2,51.209000,-3.131000,United Kingdom,GB,Shutdown,GCR,AGR,09-01-67,09-27-76,07-06-22,625,9/25/22 1:33,WNA/IAEA,245
316,Hinkley Point-C1,51.208700,-3.130500,United Kingdom,GB,Under Construction,PWR,EPR-1750,12-11-18,,,1630,6/2/19 23:18,WNA/IAEA,1072
317,Hinkley Point-C2,51.208700,-3.130500,United Kingdom,GB,Under Construction,PWR,EPR-1750,12-12-19,,,1630,4/18/20 7:46,WNA/IAEA,1073
318,Hongshiding-1 (Rushan-1),,,China,CN,Planned,PWR,,,,,,,WNA,
319,Hongshiding-2 (Rushan-2),,,China,CN,Planned,PWR,,,,,,,WNA,
320,Hongyanhe-1,39.797000,121.476500,China,CN,Operational,PWR,CPR-1000,08-18-07,06-06-13,,1061,8/23/15 6:28,WNA/IAEA/GEO,904
321,Hongyanhe-2,39.797000,121.476500,China,CN,Operational,PWR,CPR-1000,03-28-08,05-13-14,,1061,8/23/15 6:28,WNA/IAEA/GEO,905
322,Hongyanhe-3,39.797000,121.476500,China,CN,Operational,PWR,CPR-1000,03-07-09,08-16-15,,1061,9/25/17 6:20,WNA/IAEA/GEO,906
323,Hongyanhe-4,39.797000,121.476500,China,CN,Operational,PWR,CPR-1000,08-15-09,06-08-16,,1061,6/2/19 23:18,WNA/IAEA/GEO,907
324,Hongyanhe-5,39.797000,121.483100,China,CN,Operational,PWR,ACPR-1000,03-29-15,07-31-21,,1061,1/5/22 2:04,WNA/IAEA/GEO,997
325,Hongyanhe-6,39.797000,121.483100,China,CN,Operational,PWR,ACPR-1000,07-24-15,06-23-22,,1061,9/25/22 1:33,WNA/IAEA/GEO,998
326,Hope Creek-1,39.467000,-75.535000,United States,US,Operational,BWR,BWR-4 (Mark 1),03-01-76,12-20-86,,1067,5/24/15 7:51,WNA/IAEA,680
327,Humboldt Bay,40.741000,-124.210000,United States,US,Shutdown,BWR,Natural cir.,11-01-60,08-01-63,07-02-76,65,5/24/15 7:51,WNA/IAEA,599
328,Hunterston-A1,55.722000,-4.893000,United Kingdom,GB,Shutdown,GCR,MAGNOX,10-01-57,02-05-64,03-30-90,150,5/24/15 7:51,WNA/IAEA,269
329,Hunterston-A2,55.722000,-4.893000,United Kingdom,GB,Shutdown,GCR,MAGNOX,10-01-57,07-01-64,12-31-89,150,5/24/15 7:51,WNA/IAEA,270
330,Hunterston-B1,55.722000,-4.893000,United Kingdom,GB,Shutdown,GCR,AGR,11-01-67,02-07-76,11-26-21,624,1/5/22 2:04,WNA/IAEA,246
331,Hunterston-B2,55.722000,-4.893000,United Kingdom,GB,Shutdown,GCR,AGR,11-01-67,04-01-77,01-07-22,624,4/21/22 23:26,WNA/IAEA,247
332,Ignalina-1,55.604000,26.562000,Lithuania,LT,Shutdown,LWGR,RBMK-1500,05-01-77,05-01-85,12-31-04,1500,4/21/22 23:26,WNA/IAEA,415
333,Ignalina-2,55.604000,26.562000,Lithuania,LT,Shutdown,LWGR,RBMK-1500,01-01-78,12-01-87,12-31-09,1500,4/21/22 23:26,WNA/IAEA,416
334,Ignalina-3,55.604000,26.562000,Lithuania,LT,Cancelled Construction,LWGR,RBMK-1500,06-01-85,,,1380,2/14/21 3:17,WNA/IAEA,
335,Ikata-1,33.491000,132.309000,Japan,JP,Shutdown,PWR,M (2-loop),09-01-73,09-30-77,05-10-16,538,2/11/17 1:56,WNA/IAEA,348
336,Ikata-2,33.491000,132.309000,Japan,JP,Shutdown,PWR,M (2-loop),08-01-78,03-19-82,05-23-18,538,6/2/19 23:18,WNA/IAEA,358
337,Ikata-3,33.491000,132.309000,Japan,JP,Operational,PWR,M (3-loop),10-01-90,12-15-94,,846,5/24/15 7:51,WNA/IAEA,374
338,Indian Point-1,41.270000,-73.950000,United States,US,Shutdown,PWR,PWR,05-01-56,10-01-62,10-31-74,265,5/24/15 7:51,WNA/IAEA,643
339,Indian Point-2,41.270000,-73.950000,United States,US,Shutdown,PWR,WH 4LP (DRYAMB),10-14-66,08-01-74,04-30-20,873,6/6/20 5:15,WNA/IAEA,611
340,Indian Point-3,41.270000,-73.950000,United States,US,Shutdown,PWR,WH 4LP (DRYAMB),10-30-68,08-28-76,04-28-21,965,4/21/22 23:26,WNA/IAEA,635
341,Isar-1,48.607000,12.296000,Germany,DE,Shutdown,BWR,BWR-69,05-01-72,03-21-79,08-06-11,870,5/24/15 7:50,WNA/IAEA,89
342,Isar-2,48.607000,12.296000,Germany,DE,Shutdown,PWR,Konvoi,09-15-82,04-09-88,04-15-23,1285,8/28/23 11:01,WNA/IAEA,106
343,Jaitapur-1,16.595278,73.341111,India,IN,Planned,PWR,,,,,,,WNA/Wikipedia,
344,Jaitapur-2,16.595278,73.341111,India,IN,Planned,PWR,,,,,,,WNA/Wikipedia,
345,Java-1 (Muria),,,Indonesia,ID,Planned,,,,,,,,WNA,
346,Jose Cabrera-1 (Zorita),40.362000,-2.818000,Spain,ES,Shutdown,PWR,WH 1LP,06-24-64,08-13-69,04-30-06,153,2/11/17 1:56,WNA/IAEA,139
347,JPDR,36.462500,140.610000,Japan,JP,Shutdown,BWR,BWR-1,12-01-60,03-15-65,03-18-76,10,5/24/15 7:51,IAEA,333
348,AVR Juelich,50.903000,6.421000,Germany,DE,Shutdown,HTGR,Pebble bed reactor prototype,08-01-61,05-19-69,12-31-88,13,06-07-21,WNA/IAEA,114
349,Kahl,50.059000,8.987000,Germany,DE,Decommissioning Completed,BWR,BWR,07-01-58,,11-25-85,15,12/30/22 4:24,WNA/IAEA,82
350,Kaiga-1,14.865000,74.438000,India,IN,Operational,PHWR,Horizontal Pressure Tube type,09-01-89,11-16-00,,202,5/24/15 7:54,WNA/IAEA,289
351,Kaiga-2,14.865000,74.438000,India,IN,Operational,PHWR,Horizontal Pressure Tube type,12-01-89,03-16-00,,202,5/24/15 7:54,WNA/IAEA,290
352,Kaiga-3,14.865000,74.438000,India,IN,Operational,PHWR,Horizontal Pressure Tube type,03-30-02,05-06-07,,202,5/24/15 7:54,WNA/IAEA,291
353,Kaiga-4,14.865000,74.438000,India,IN,Operational,PHWR,Horizontal Pressure Tube type,05-10-02,01-20-11,,202,5/24/15 7:54,WNA/IAEA,292
354,Kaiga-5,14.868000,74.441800,India,IN,Planned,PWR,,,,,,,WNA,
355,Kaiga-6,14.868000,74.442200,India,IN,Planned,PWR,,,,,,,WNA,
356,Kakrapar-1,21.236000,73.351000,India,IN,Operational,PHWR,Horizontal Pressure Tube type,12-01-84,05-06-93,,202,5/24/15 7:54,WNA/IAEA,308
357,Kakrapar-2,21.236000,73.351000,India,IN,Operational,PHWR,Horizontal Pressure Tube type,04-01-85,09-01-95,,202,5/24/15 7:54,WNA/IAEA,286
358,Kakrapar-3,21.236000,73.351000,India,IN,Operational,PHWR,PHWR-700,11-22-10,,,630,2/14/21 5:47,WNA/IAEA,986
359,Kakrapar-4,21.236000,73.351000,India,IN,Under Construction,PHWR,PHWR-700,11-22-10,,,630,5/24/15 7:51,WNA/IAEA,987
360,Kalinin-1,57.903000,35.057000,Russia,RU,Operational,PWR,VVER V-338,02-01-77,06-12-85,,950,5/24/15 7:51,WNA/IAEA,489
361,Kalinin-2,57.903000,35.057000,Russia,RU,Operational,PWR,VVER V-338,02-01-82,03-03-87,,950,5/24/15 7:51,WNA/IAEA,490
362,Kalinin-3,57.903000,35.057000,Russia,RU,Operational,PWR,VVER V-320,10-01-85,11-08-05,,950,5/24/15 7:51,WNA/IAEA,495
363,Kalinin-4,57.903000,35.057000,Russia,RU,Operational,PWR,VVER V-320,08-01-86,12-25-12,,950,5/24/15 7:51,WNA/IAEA,496
364,Kalpakkam (PFBR),12.553000,80.174000,India,IN,Under Construction,FBR,Prototype,10-23-04,,,470,5/24/15 7:51,WNA/IAEA,859
365,Kalpakkam-1 (Madras-1 / MAPS1),12.553000,80.174000,India,IN,Suspended Operation,PHWR,Horizontal Pressure Tube type,01-01-71,01-27-84,,202,8/28/23 11:01,WNA/IAEA,304
366,Kalpakkam-2 (Madras-2 / MAPS2),12.553000,80.174000,India,IN,Operational,PHWR,Horizontal Pressure Tube type,10-01-72,03-21-86,,202,5/24/15 7:54,WNA/IAEA,305
367,Kaminoseki-1,,,Japan,JP,Planned,ABWR,,,,,,,WNA,
368,Kaminoseki-2,,,Japan,JP,Planned,ABWR,,,,,,,WNA,
369,KANUPP-1,24.845000,66.790000,Pakistan,PK,Shutdown,PHWR,CANDU-137 MW,08-01-66,12-07-72,08-01-21,125,1/5/22 2:04,WNA/IAEA,427
370,MZFR,49.104000,8.432000,Germany,DE,Shutdown,PHWR,,12-01-61,12-19-66,05-03-84,50,06-07-21,WNA/IAEA,93
371,Kashiwazaki Kariwa-1,37.434000,138.598000,Japan,JP,Suspended Operation,BWR,BWR-5,06-05-80,09-18-85,,1067,9/25/22 1:33,WNA/IAEA,359
372,Kashiwazaki Kariwa-2,37.434000,138.598000,Japan,JP,Suspended Operation,BWR,BWR-5,11-18-85,09-28-90,,1067,9/25/22 1:33,WNA/IAEA,365
373,Kashiwazaki Kariwa-3,37.434000,138.598000,Japan,JP,Suspended Operation,BWR,BWR-5,03-07-89,08-11-93,,1067,9/25/22 1:33,WNA/IAEA,380
374,Kashiwazaki Kariwa-4,37.434000,138.598000,Japan,JP,Suspended Operation,BWR,BWR-5,03-05-90,08-11-94,,1067,9/25/22 1:33,WNA/IAEA,381
375,Kashiwazaki Kariwa-5,37.434000,138.598000,Japan,JP,Suspended Operation,BWR,BWR-5,06-20-85,04-10-90,,1067,9/25/22 1:33,WNA/IAEA,367
376,Kashiwazaki Kariwa-6,37.434000,138.598000,Japan,JP,Suspended Operation,BWR,ABWR,11-03-92,11-07-96,,1315,8/28/23 11:01,WNA/IAEA,383
377,Kashiwazaki Kariwa-7,37.434000,138.598000,Japan,JP,Suspended Operation,BWR,ABWR,07-01-93,07-02-97,,1315,8/28/23 11:01,WNA/IAEA,384
378,Kewaunee,44.470000,-87.498000,United States,US,Shutdown,PWR,WH 2LP (DRYAMB),08-06-68,06-16-74,05-07-13,535,2/11/17 1:58,WNA/IAEA,647
379,Khmelnitski-1,50.301000,26.649000,Ukraine,UA,Operational,PWR,VVER V-320,11-01-81,08-13-88,,950,5/24/15 7:51,WNA/IAEA,573
380,Khmelnitski-2,50.301000,26.649000,Ukraine,UA,Operational,PWR,VVER V-320,02-01-85,12-15-05,,950,5/24/15 7:51,WNA/IAEA,574
381,Khmelnitski-3,50.303056,26.642778,Ukraine,UA,Under Construction,PWR,VVER,03-01-86,,,1035,9/25/17 6:20,IAEA,581
382,Khmelnitski-4,50.303056,26.642778,Ukraine,UA,Under Construction,PWR,VVER,02-01-87,,,1035,9/25/17 6:20,IAEA,582
383,KNK-II,49.098000,8.441000,Germany,DE,Shutdown,FBR,Prototype,09-01-74,03-03-79,08-23-91,18,5/24/15 7:50,WNA/IAEA,135
384,Koeberg-1,-33.677000,18.433000,South Africa,ZA,Operational,PWR,CP1,07-01-76,07-21-84,,921,5/24/15 7:51,WNA/IAEA,836
385,Koeberg-2,-33.677000,18.433000,South Africa,ZA,Operational,PWR,CP1,07-01-76,11-09-85,,921,5/24/15 7:51,WNA/IAEA,837
386,Kola-1,67.467000,32.491000,Russia,RU,Operational,PWR,VVER V-230,05-01-70,12-28-73,,411,5/24/15 7:51,WNA/IAEA,453
387,Kola-2,67.467000,32.491000,Russia,RU,Operational,PWR,VVER V-230,05-01-70,02-21-75,,411,5/24/15 7:51,WNA/IAEA,460
388,Kola-3,67.467000,32.491000,Russia,RU,Operational,PWR,VVER V-213,04-01-77,12-03-82,,411,5/24/15 7:51,WNA/IAEA,491
389,Kola-4,67.467000,32.491000,Russia,RU,Operational,PWR,VVER V-213,08-01-76,12-06-84,,411,5/24/15 7:51,WNA/IAEA,492
390,Kori-1,35.321000,129.295000,South Korea,KR,Shutdown,PWR,WH 60,08-01-72,04-29-78,06-18-17,558,9/25/17 6:19,WNA/IAEA,394
391,Kori-2,35.321000,129.295000,South Korea,KR,Operational,PWR,WH F,12-23-77,07-25-83,,618,4/21/22 23:26,WNA/IAEA,405
392,Kori-3,35.321000,129.295000,South Korea,KR,Operational,PWR,WH F,10-01-79,09-30-85,,1001,4/21/22 23:26,WNA/IAEA,409
393,Kori-4,35.321000,129.295000,South Korea,KR,Operational,PWR,WH F,04-01-80,04-29-86,,1012,4/20/21 5:47,WNA/IAEA,410
394,Kozloduy-1,43.744000,23.776000,Bulgaria,BG,Shutdown,PWR,VVER V-230,04-01-70,10-28-74,12-31-02,408,5/24/15 7:50,WNA/IAEA,16
395,Kozloduy-2,43.744000,23.776000,Bulgaria,BG,Shutdown,PWR,VVER V-230,04-01-70,11-10-75,12-31-02,408,5/24/15 7:50,WNA/IAEA,17
396,Kozloduy-3,43.744000,23.776000,Bulgaria,BG,Shutdown,PWR,VVER V-230,10-01-73,01-20-81,12-31-06,408,5/24/15 7:50,WNA/IAEA,18
397,Kozloduy-4,43.744000,23.776000,Bulgaria,BG,Shutdown,PWR,VVER V-230,10-01-73,06-20-82,12-31-06,408,5/24/15 7:50,WNA/IAEA,19
398,Kozloduy-5,43.744000,23.776000,Bulgaria,BG,Operational,PWR,VVER V-320,07-09-80,12-23-88,,953,4/21/22 23:26,WNA/IAEA,20
399,Kozloduy-6,43.744000,23.776000,Bulgaria,BG,Operational,PWR,VVER V-320,04-01-82,12-30-93,,1003,4/18/20 7:46,WNA/IAEA,21
400,Krsko,45.939000,15.516000,Slovenia,SI,Operational,PWR,WH 2LP,03-30-75,01-01-83,,632,2/11/17 1:57,WNA/IAEA,542
401,Kruemmel,53.410000,10.410000,Germany,DE,Shutdown,BWR,BWR-69,04-05-74,03-28-84,08-06-11,1260,5/24/15 7:50,WNA/IAEA,94
402,Kudankulam-1,8.167000,77.713000,India,IN,Operational,PWR,VVER V-412,03-31-02,12-31-14,,917,5/24/15 7:51,WNA/IAEA,852
403,Kudankulam-2,8.167000,77.713000,India,IN,Operational,PWR,VVER V-412,07-04-02,03-31-17,,917,9/25/17 6:20,WNA/IAEA,853
404,Kudankulam-3,8.167050,77.708000,India,IN,Under Construction,PWR,VVER V-412,06-29-17,,,917,9/25/17 6:20,WNA/IAEA,1059
405,Kudankulam-4,8.166660,77.708000,India,IN,Under Construction,PWR,VVER V-412,10-23-17,,,917,7/1/18 4:21,WNA/IAEA,1060
406,Kudankulam-5,8.166270,77.708000,India,IN,Under Construction,PWR,VVERV412,06-29-21,,,917,9/25/22 1:33,WNA/IAEA,1108
407,Kudankulam-6,8.165880,77.708000,India,IN,Under Construction,PWR,VVERV412,12-20-21,,,917,9/25/22 1:33,WNA/IAEA,1109
408,Kumharia-1,,,India,IN,Planned,PHWR,,,,,,,WNA,
409,Kumharia-2,,,India,IN,Planned,PHWR,,,,,,,WNA,
410,Kumharia-3,,,India,IN,Planned,PHWR,,,,,,,WNA,
411,Kumharia-4,,,India,IN,Planned,PHWR,,,,,,,WNA,
412,Kuosheng-1,25.203000,121.662000,Taiwan,TW,Shutdown,BWR,BWR-6,11-19-75,12-28-81,12-28-21,948,4/21/22 23:26,WNA/IAEA,556
413,Kuosheng-2,25.203000,121.662000,Taiwan,TW,Shutdown,BWR,BWR-6,03-15-76,03-16-83,03-15-23,948,8/28/23 11:01,WNA/IAEA,557
414,Kursk-1,51.674000,35.607000,Russia,RU,Shutdown,LWGR,RBMK-1000,06-01-72,10-12-77,12-19-21,925,9/25/22 1:33,WNA/IAEA,476
415,Kursk-2,51.674000,35.607000,Russia,RU,Operational,LWGR,RBMK-1000,01-01-73,08-17-79,,925,5/24/15 7:51,WNA/IAEA,485
416,Kursk-3,51.674000,35.607000,Russia,RU,Operational,LWGR,RBMK-1000,04-01-78,03-30-84,,925,5/24/15 7:51,WNA/IAEA,497
417,Kursk-4,51.674000,35.607000,Russia,RU,Operational,LWGR,RBMK-1000,05-01-81,02-05-86,,925,5/24/15 7:51,WNA/IAEA,498
418,LaCrosse,43.559000,-91.230000,United States,US,Shutdown,BWR,,03-01-63,11-07-69,04-30-87,50,5/24/15 7:51,WNA/IAEA,710
419,Laguna Verde-1,19.719000,-96.405000,Mexico,MX,Operational,BWR,BWR-5,09-30-76,07-28-90,,780,4/21/22 23:26,WNA/IAEA,420
420,Laguna Verde-2,19.719000,-96.405000,Mexico,MX,Operational,BWR,BWR-5,06-01-77,04-10-95,,780,3/9/16 20:43,WNA/IAEA,421
421,LaSalle-1,41.246000,-88.672000,United States,US,Operational,BWR,BWR-5 (Mark 2),09-10-73,01-01-84,,1078,5/24/15 7:51,WNA/IAEA,692
422,LaSalle-2,41.246000,-88.672000,United States,US,Operational,BWR,BWR-5 (Mark 2),09-10-73,10-19-84,,1078,5/24/15 7:51,WNA/IAEA,693
423,Latina,41.427000,12.808000,Italy,IT,Shutdown,GCR,MAGNOX,11-01-58,01-01-64,12-01-87,200,5/24/15 7:51,WNA/IAEA,318
424,Leibstadt,47.601000,8.183000,Switzerland,CH,Operational,BWR,BWR-6,01-01-74,12-15-84,,960,5/24/15 7:50,WNA/IAEA,59
425,Leningrad 2-1,59.837000,29.039000,Russia,RU,Operational,PWR,VVER V-491,10-25-08,10-29-18,,1066,11-22-19,WNA/IAEA,900
426,Leningrad 2-2,59.837000,29.039000,Russia,RU,Operational,PWR,VVER V-491,04-15-10,03-18-21,,1066,4/30/21 0:49,WNA/IAEA,901
427,Leningrad 2-3,59.837000,29.039000,Russia,RU,Planned,PWR,VVER V-491,,,,1085,,Wikipedia,
428,Leningrad 2-4,59.837000,29.039000,Russia,RU,Planned,PWR,VVER V-491,,,,1085,,Wikipedia,
429,Leningrad-1,59.837000,29.039000,Russia,RU,Shutdown,LWGR,RBMK-1000,03-01-70,11-01-74,12-22-18,925,6/2/19 23:19,WNA/IAEA,474
430,Leningrad-2,59.837000,29.039000,Russia,RU,Shutdown,LWGR,RBMK-1000,06-01-70,02-11-76,11-10-20,925,1/6/21 3:19,WNA/IAEA,475
431,Leningrad-3,59.837000,29.039000,Russia,RU,Operational,LWGR,RBMK-1000,12-01-73,06-29-80,,925,5/24/15 7:51,WNA/IAEA,493
432,Leningrad-4,59.837000,29.039000,Russia,RU,Operational,LWGR,RBMK-1000,02-01-75,08-29-81,,925,5/24/15 7:51,WNA/IAEA,494
433,Lianyungang-1,,,China,CN,Planned,PWR,,,,,,,WNA,
434,Lianyungang-2,,,China,CN,Planned,PWR,,,,,,,WNA,
435,Limerick-1,40.225000,-75.584000,United States,US,Operational,BWR,BWR-4 (Mark 2),06-19-74,02-01-86,,1055,5/24/15 7:51,WNA/IAEA,678
436,Limerick-2,40.225000,-75.584000,United States,US,Operational,BWR,BWR-4 (Mark 2),06-19-74,01-08-90,,1055,5/24/15 7:51,WNA/IAEA,679
437,Lingao-1,22.606000,114.550000,China,CN,Operational,PWR,M310,05-15-97,05-28-02,,950,5/24/15 7:50,WNA/IAEA,67
438,Lingao-2,22.606000,114.550000,China,CN,Operational,PWR,M310,11-28-97,01-08-03,,950,5/24/15 7:50,WNA/IAEA,68
439,Lingao-3,22.609000,114.552000,China,CN,Operational,PWR,CPR-1000,12-15-05,09-15-10,,1007,5/24/15 7:51,WNA/IAEA,878
440,Lingao-4,22.609000,114.552000,China,CN,Operational,PWR,CPR-1000,06-15-06,08-07-11,,1007,5/24/15 7:51,WNA/IAEA,875
441,Lingen,52.483000,7.302000,Germany,DE,Shutdown,BWR,BWR with fossil fuel-fired superheater,10-01-64,10-01-68,01-05-77,183,2/14/21 5:47,WNA/IAEA,133
442,Longyou-1,,,China,CN,Planned,PWR,,,,,,,WNA,
443,Longyou-2,,,China,CN,Planned,PWR,,,,,,,WNA,
444,Loviisa-1,60.372000,26.342000,Finland,FI,Operational,PWR,VVER V-213,05-01-71,05-09-77,,420,5/24/15 7:50,WNA/IAEA,157
445,Loviisa-2,60.372000,26.342000,Finland,FI,Operational,PWR,VVER V-213,08-01-72,01-05-81,,420,5/24/15 7:50,WNA/IAEA,158
446,Lucens,46.693000,6.827000,Switzerland,CH,Shutdown,HWGCR,HWGCR: 2-loops,04-01-62,,01-21-69,6,5/24/15 7:51,WNA/IAEA,966
447,Lungmen-1,25.038000,121.924000,Taiwan,TW,Suspended Construction,BWR,ABWR,03-31-99,,,1300,2/4/21 6:51,WNA/IAEA,560
448,Lungmen-2,25.038000,121.924000,Taiwan,TW,Suspended Construction,BWR,ABWR,08-30-99,,,1300,2/4/21 6:51,WNA/IAEA,561
449,Maanshan-1,25.038000,121.924000,Taiwan,TW,Operational,PWR,WH 3LP (WE 312),08-21-78,07-27-84,,936,4/20/21 5:47,WNA/IAEA,558
450,Maanshan-2,25.038000,121.924000,Taiwan,TW,Operational,PWR,WH 3LP (WE 312),02-21-79,05-18-85,,938,4/20/21 5:47,WNA/IAEA,559
451,Maine Yankee,43.951000,-69.695000,United States,US,Shutdown,PWR,,10-01-68,12-28-72,08-01-97,825,5/24/15 7:51,WNA/IAEA,649
452,McGuire-1,35.433000,-80.946000,United States,US,Operational,PWR,WH 4LP (ICECND),04-01-71,12-01-81,,1180,2/11/17 1:58,WNA/IAEA,690
453,McGuire-2,35.433000,-80.946000,United States,US,Operational,PWR,WH 4LP (ICECND),04-01-71,03-01-84,,1180,2/11/17 1:58,WNA/IAEA,691
454,Mihama-1,35.701000,135.962000,Japan,JP,Shutdown,PWR,WH 2LP,02-01-67,11-28-70,04-27-15,320,2/11/17 1:56,WNA/IAEA,366
455,Mihama-2,35.701000,135.962000,Japan,JP,Shutdown,PWR,M (2-loop),05-29-68,07-25-72,04-27-15,470,5/24/15 7:51,WNA/IAEA,386
456,Mihama-3,35.701000,135.962000,Japan,JP,Operational,PWR,M (3-loop),08-07-72,12-01-76,,780,5/24/15 7:51,WNA/IAEA,338
457,Millstone-1,41.312000,-72.166000,United States,US,Shutdown,BWR,,05-01-66,03-01-71,07-01-98,660,5/24/15 7:51,WNA/IAEA,610
458,Millstone-2,41.312000,-72.166000,United States,US,Operational,PWR,CE 2LP (DRYAMB),11-01-69,12-26-75,,870,2/11/17 1:58,WNA/IAEA,671
459,Millstone-3,41.312000,-72.166000,United States,US,Operational,PWR,WH 4LP (DRYSUB),08-09-74,04-23-86,,1159,2/11/17 1:59,WNA/IAEA,717
460,Mochovce-1,48.261000,18.455000,Slovakia,SK,Operational,PWR,VVER V-213,10-13-83,10-29-98,,408,10/1/21 3:14,WNA/IAEA,550
461,Mochovce-2,48.261000,18.455000,Slovakia,SK,Operational,PWR,VVER V-213,10-13-83,04-11-00,,408,10/1/21 3:14,WNA/IAEA,551
462,Mochovce-3,48.261000,18.455000,Slovakia,SK,Operational,PWR,VVER V-213,01-27-87,,,440,8/28/23 11:01,WNA/IAEA,544
463,Mochovce-4,48.261000,18.455000,Slovakia,SK,Under Construction,PWR,VVER V-213,01-27-87,,,440,5/24/15 7:51,WNA/IAEA,545
464,Monju,35.739000,135.988000,Japan,JP,Shutdown,FBR,,05-10-86,,12-05-17,246,3/10/18 16:51,WNA/IAEA,357
465,Monticello,45.334000,-93.850000,United States,US,Operational,BWR,BWR-3 (Mark 1),06-19-67,06-30-71,,545,2/11/17 1:58,WNA/IAEA,620
466,Muehleberg,46.969000,7.266000,Switzerland,CH,Shutdown,BWR,BWR-4,03-01-67,11-06-72,12-20-19,306,4/18/20 7:46,WNA/IAEA,56
467,Muelheim-Kaerlich,50.409000,7.485000,Germany,DE,Shutdown,PWR,PWR,01-15-75,08-18-87,09-09-88,1219,5/24/15 7:50,WNA/IAEA,96
468,Narora-1,28.156000,78.409000,India,IN,Operational,PHWR,Horizontal Pressure Tube type,12-01-76,01-01-91,,202,5/24/15 7:54,WNA/IAEA,306
469,Narora-2,28.155000,78.409000,India,IN,Operational,PHWR,Horizontal Pressure Tube type,11-01-77,07-01-92,,202,5/24/15 7:54,WNA/IAEA,307
470,Neckarwestheim-1,49.039000,9.176000,Germany,DE,Shutdown,PWR,PWR,02-01-72,12-01-76,08-06-11,805,5/24/15 7:50,WNA/IAEA,88
471,Neckarwestheim-2,49.039000,9.176000,Germany,DE,Shutdown,PWR,Konvoi,11-09-82,04-15-89,04-15-23,1225,8/28/23 11:01,WNA/IAEA,119
472,Niederaichbach,48.604000,12.304000,Germany,DE,Decommissioning Completed,HWGCR,pressure tube reactor,06-01-66,,07-31-74,100,12/30/22 4:21,WNA/IAEA,84
473,Nine Mile Point-1,43.522000,-76.412000,United States,US,Operational,BWR,BWR-2 (Mark 1),04-12-65,12-01-69,,620,5/24/15 7:51,WNA/IAEA,607
474,Nine Mile Point-2,43.522000,-76.412000,United States,US,Operational,BWR,BWR-5 (Mark 2),08-01-75,03-11-88,,1100,5/24/15 7:51,WNA/IAEA,711
475,Ningde-1,27.046000,120.287000,China,CN,Operational,PWR,CPR-1000,02-18-08,04-15-13,,1018,5/24/15 7:51,WNA/IAEA,921
476,Ningde-2,27.046000,120.287000,China,CN,Operational,PWR,CPR-1000,11-12-08,05-04-14,,1018,5/24/15 7:51,WNA/IAEA,922
477,Ningde-3,27.046000,120.287000,China,CN,Operational,PWR,CPR-1000,01-08-10,06-10-15,,1018,8/23/15 6:28,WNA/IAEA,923
478,Ningde-4,27.046000,120.287000,China,CN,Operational,PWR,CPR-1000,09-29-10,07-21-16,,1018,10/4/16 1:05,WNA/IAEA,924
479,Ningde-5,27.046000,120.287000,China,CN,Planned,PWR,CPR-1000,,,,,,WNA/Wikipedia,
480,Ningde-6,27.046000,120.287000,China,CN,Planned,PWR,CPR-1000,,,,,,WNA/Wikipedia,
481,Nizhny Novgorod-1,55.786863,42.372150,Russia,RU,Planned,PWR,,,,,,06-07-21,WNA,
482,Nizhny Novgorod-2,55.787102,42.372150,Russia,RU,Planned,PWR,,,,,,06-07-21,WNA,
483,Nogent-1,48.517000,3.520000,France,FR,Operational,PWR,P4 REP 1300,05-26-81,02-24-88,,1310,5/24/15 7:51,WNA/IAEA,215
484,Nogent-2,48.517000,3.520000,France,FR,Operational,PWR,P4 REP 1300,01-01-82,05-01-89,,1310,5/24/15 7:51,WNA/IAEA,216
485,North Anna-1,38.061000,-77.792000,United States,US,Operational,PWR,WH 3LP (DRYSUB),02-19-71,06-06-78,,907,2/11/17 1:58,WNA/IAEA,672
486,North Anna-2,38.061000,-77.792000,United States,US,Operational,PWR,WH 3LP (DRYSUB),02-19-71,12-14-80,,907,2/11/17 1:58,WNA/IAEA,673
487,Novovoronezh 2-1,51.273000,39.197000,Russia,RU,Operational,PWR,VVER V-392M,06-24-08,02-27-17,,1114,11-22-19,WNA/IAEA,898
488,Novovoronezh 2-2,51.273000,39.197000,Russia,RU,Operational,PWR,VVER V-392M,07-12-09,10-31-19,,1114,4/18/20 7:46,WNA/IAEA,899
489,Novovoronezh-1,51.275000,39.206000,Russia,RU,Shutdown,PWR,VVER V-210,07-01-57,12-31-64,02-16-88,197,7/1/18 4:21,WNA/IAEA,499
490,Novovoronezh-2,51.275000,39.206000,Russia,RU,Shutdown,PWR,VVER V-365,06-01-64,04-14-70,08-29-90,336,7/1/18 4:21,WNA/IAEA,513
491,Novovoronezh-3,51.275000,39.206000,Russia,RU,Shutdown,PWR,VVER V-179,07-01-67,06-29-72,12-25-16,385,2/11/17 1:57,WNA/IAEA,519
492,Novovoronezh-4,51.275000,39.206000,Russia,RU,Operational,PWR,VVER V-179,07-01-67,03-24-73,,385,5/24/15 7:51,WNA/IAEA,448
493,Novovoronezh-5,52.381000,39.211000,Russia,RU,Operational,PWR,VVER V-187,03-01-74,02-20-81,,950,5/24/15 7:51,WNA/IAEA,483
494,Obrigheim,49.365000,9.077000,Germany,DE,Shutdown,PWR,,03-15-65,03-31-69,05-11-05,283,5/24/15 7:50,WNA/IAEA,121
495,Oconee-1,34.796000,-82.894000,United States,US,Operational,PWR,B&W LLP (DRYAMB),11-06-67,07-15-73,,887,2/11/17 1:58,WNA/IAEA,624
496,Oconee-2,34.796000,-82.894000,United States,US,Operational,PWR,B&W LLP (DRYAMB),11-06-67,09-09-74,,887,2/11/17 1:58,WNA/IAEA,625
497,Oconee-3,34.796000,-82.894000,United States,US,Operational,PWR,B&W LLP (DRYAMB),11-06-67,12-16-74,,887,2/11/17 1:58,WNA/IAEA,636
498,Ohi-1,35.544000,135.652000,Japan,JP,Shutdown,PWR,WH 4LP,10-26-72,03-27-79,03-01-18,1120,6/2/19 23:19,WNA/IAEA,339
499,Ohi-2,35.544000,135.652000,Japan,JP,Shutdown,PWR,WH 4LP,12-08-72,12-05-79,03-01-18,1120,6/2/19 23:19,WNA/IAEA,343
500,Ohi-3,35.544000,135.652000,Japan,JP,Operational,PWR,M (4-loop),10-03-87,12-18-91,,1127,5/24/15 7:51,WNA/IAEA,378
501,Ohi-4,35.544000,135.652000,Japan,JP,Operational,PWR,M (4-loop),06-13-88,02-02-93,,1127,5/24/15 7:51,WNA/IAEA,379
502,Ohma,41.507000,140.909000,Japan,JP,Under Construction,BWR,ABWR,05-07-10,,,1328,2/11/17 1:59,WNA/IAEA,867
503,Oldbury-A1,51.649000,-2.567000,United Kingdom,GB,Shutdown,GCR,MAGNOX,05-01-62,12-31-67,02-29-12,300,5/24/15 7:51,WNA/IAEA,237
504,Oldbury-A2,51.649000,-2.567000,United Kingdom,GB,Shutdown,GCR,MAGNOX,05-01-62,09-30-68,06-30-11,300,5/24/15 7:51,WNA/IAEA,238
505,Olkiluoto-1,61.235000,21.444000,Finland,FI,Operational,BWR,"AA-III, BWR-2500",02-01-74,10-10-79,,660,3/10/18 16:51,WNA/IAEA,159
506,Olkiluoto-2,61.235000,21.444000,Finland,FI,Operational,BWR,"AA-III, BWR-2500",11-01-75,07-10-82,,660,3/10/18 16:51,WNA/IAEA,160
507,Olkiluoto-3,61.234000,21.435000,Finland,FI,Operational,PWR,EPR,08-12-05,,,1600,4/21/22 23:26,WNA/IAEA,860
508,Olkiluoto-4,61.234352,21.436287,Finland,FI,Planned,,,,,,,,WNA,
509,Onagawa-1,38.400000,141.504000,Japan,JP,Shutdown,BWR,BWR-4,07-08-80,06-01-84,12-21-18,498,2/14/21 5:47,WNA/IAEA,347
510,Onagawa-2,38.400000,141.504000,Japan,JP,Suspended Operation,BWR,BWR-5,04-12-91,07-28-95,,796,8/28/23 11:01,WNA/IAEA,382
511,Onagawa-3,38.400000,141.504000,Japan,JP,Suspended Operation,BWR,BWR-5,01-23-98,01-30-02,,796,12/30/22 4:21,WNA/IAEA,385
512,Oskarshamn-1,57.415000,16.666000,Sweden,SE,Shutdown,BWR,AA-I,08-01-66,02-06-72,06-19-17,440,3/10/18 16:51,WNA/IAEA,534
513,Oskarshamn-2,57.415000,16.666000,Sweden,SE,Shutdown,BWR,AA-II,09-01-69,01-01-75,12-22-16,580,3/10/18 16:51,WNA/IAEA,535
514,Oskarshamn-3,57.415000,16.666000,Sweden,SE,Operational,BWR,"AA-IV, BWR-3000",05-01-80,08-15-85,,1050,3/10/18 16:51,WNA/IAEA,531
515,Oyster Creek,39.815000,-74.208000,United States,US,Shutdown,BWR,BWR-2 (Mark 1),12-15-64,12-01-69,09-17-18,650,10/14/18 1:30,WNA/IAEA,606
516,Paks-1,46.574000,18.855000,Hungary,HU,Operational,PWR,VVER V-213,08-01-74,08-10-83,,408,5/24/15 7:51,WNA/IAEA,278
517,Paks-2,46.574000,18.855000,Hungary,HU,Operational,PWR,VVER V-213,08-01-74,11-14-84,,410,5/24/15 7:51,WNA/IAEA,279
518,Paks-3,46.574000,18.855000,Hungary,HU,Operational,PWR,VVER V-213,10-01-79,12-01-86,,410,5/24/15 7:51,WNA/IAEA,280
519,Paks-4,46.574000,18.855000,Hungary,HU,Operational,PWR,VVER V-213,10-01-79,11-01-87,,410,5/24/15 7:51,WNA/IAEA,281
520,Palisades,42.323000,-86.316000,United States,US,Shutdown,PWR,CE 2LP (DRYAMB),03-12-67,,05-20-22,805,9/25/22 1:33,WNA/IAEA,616
521,Palo Verde-1,33.387000,-112.863000,United States,US,Operational,PWR,CE80 2LP (DRYAMB),05-25-76,01-28-86,,1221,2/11/17 1:59,WNA/IAEA,789
522,Palo Verde-2,33.387000,-112.863000,United States,US,Operational,PWR,CE80 2LP (DRYAMB),06-01-76,09-19-86,,1304,2/11/17 1:59,WNA/IAEA,790
523,Palo Verde-3,33.387000,-112.863000,United States,US,Operational,PWR,CE80 2LP (DRYAMB),06-01-76,01-08-88,,1304,2/11/17 1:59,WNA/IAEA,791
524,Paluel-1,49.857000,0.635000,France,FR,Operational,PWR,P4 REP 1300,08-15-77,12-01-85,,1330,5/24/15 7:50,WNA/IAEA,191
525,Paluel-2,49.857000,0.635000,France,FR,Operational,PWR,P4 REP 1300,01-01-78,12-01-85,,1330,5/24/15 7:50,WNA/IAEA,192
526,Paluel-3,49.857000,0.635000,France,FR,Operational,PWR,P4 REP 1300,02-01-79,02-01-86,,1330,5/24/15 7:50,WNA/IAEA,193
527,Paluel-4,49.857000,0.635000,France,FR,Operational,PWR,P4 REP 1300,02-01-80,06-01-86,,1330,5/24/15 7:50,WNA/IAEA,194
528,Pathfinder,43.603000,-96.636000,United States,US,Shutdown,BWR,Prototype,01-01-59,08-01-66,10-01-67,59,2/11/17 1:57,WNA/IAEA,598
529,Peach Bottom-1,39.759000,-76.270000,United States,US,Shutdown,HTGR,,02-01-62,06-01-67,11-01-74,40,5/24/15 7:51,WNA/IAEA,603
530,Peach Bottom-2,39.759000,-76.270000,United States,US,Operational,BWR,BWR-4 (Mark 1),01-31-68,07-05-74,,1065,5/24/15 7:51,WNA/IAEA,629
531,Peach Bottom-3,39.759000,-76.270000,United States,US,Operational,BWR,BWR-4 (Mark 1),01-31-68,12-23-74,,1065,5/24/15 7:51,WNA/IAEA,630
532,Pengze-1,,,China,CN,Planned,PWR,AP-1000,,,,,,WNA,
533,Pengze-2,,,China,CN,Planned,PWR,AP-1000,,,,,,WNA,
534,Penly-1,49.975000,1.215000,France,FR,Operational,PWR,P4 REP 1300,09-01-82,12-01-90,,1330,5/24/15 7:51,WNA/IAEA,221
535,Penly-2,49.975000,1.215000,France,FR,Operational,PWR,P4 REP 1300,08-01-84,11-01-92,,1330,5/24/15 7:51,WNA/IAEA,222
536,Penly-3,49.977611,1.214090,France,FR,Planned,PWR,,,,,,,WNA,
537,Perry-1,41.801000,-81.147000,United States,US,Operational,BWR,BWR-6 (Mark 3),10-01-74,11-18-87,,1205,5/24/15 7:51,WNA/IAEA,725
538,Phenix,44.142000,4.712000,France,FR,Shutdown,FBR,PH-250,11-01-68,07-14-74,02-01-10,233,5/24/15 7:50,WNA/IAEA,162
539,Philippsburg-1,49.253000,8.432000,Germany,DE,Shutdown,BWR,BWR-69,10-01-70,03-26-80,08-06-11,864,5/24/15 7:50,WNA/IAEA,87
540,Philippsburg-2,49.253000,8.432000,Germany,DE,Shutdown,PWR,PWR,07-07-77,04-18-85,12-31-19,1268,4/18/20 7:46,WNA/IAEA,98
541,Pickering-1,43.812000,-79.070000,Canada,CA,Operational,PHWR,CANDU 500A,06-01-66,07-29-71,,508,5/24/15 7:50,WNA/IAEA,49
542,Pickering-2,43.812000,-79.070000,Canada,CA,Shutdown,PHWR,CANDU 500A,09-01-66,12-30-71,05-28-07,508,5/24/15 7:50,WNA/IAEA,50
543,Pickering-3,43.812000,-79.070000,Canada,CA,Shutdown,PHWR,CANDU 500A,12-01-67,06-01-72,10-31-08,508,5/24/15 7:50,WNA/IAEA,51
544,Pickering-4,43.812000,-79.070000,Canada,CA,Operational,PHWR,CANDU 500A,05-01-68,06-17-73,,508,5/24/15 7:50,WNA/IAEA,52
545,Pickering-5,43.812000,-79.070000,Canada,CA,Operational,PHWR,CANDU 500B,11-01-74,05-10-83,,516,5/24/15 7:50,WNA/IAEA,33
546,Pickering-6,43.812000,-79.070000,Canada,CA,Operational,PHWR,CANDU 500B,10-01-75,02-01-84,,516,5/24/15 7:50,WNA/IAEA,34
547,Pickering-7,43.812000,-79.070000,Canada,CA,Operational,PHWR,CANDU 500B,03-01-76,01-01-85,,516,5/24/15 7:50,WNA/IAEA,35
548,Pickering-8,43.812000,-79.070000,Canada,CA,Operational,PHWR,CANDU 500B,09-01-76,02-28-86,,516,5/24/15 7:50,WNA/IAEA,36
549,Pilgrim-1,41.945000,-70.578000,United States,US,Shutdown,BWR,BWR-3 (Mark 1),08-26-68,12-01-72,05-31-19,655,11-22-19,WNA/IAEA,639
550,Piqua,40.132222,-84.234722,United States,US,Shutdown,OCR,OCM (Organically Cooled and Moderated Reactor),01-01-60,11-01-63,01-01-66,11,5/24/15 7:54,IAEA,894
551,Point Beach-1,44.282000,-87.534000,United States,US,Operational,PWR,WH 2LP (DRYAMB),07-19-67,12-21-70,,497,2/11/17 1:58,WNA/IAEA,622
552,Point Beach-2,44.282000,-87.534000,United States,US,Operational,PWR,WH 2LP (DRYAMB),07-25-68,10-01-72,,497,2/11/17 1:58,WNA/IAEA,644
553,Point Lepreau,45.068000,-66.455000,Canada,CA,Operational,PHWR,CANDU 6,05-01-75,02-01-83,,660,5/24/15 7:50,WNA/IAEA,37
554,Point Lepreau 2,45.068000,-66.454600,Canada,CA,Planned,,,,,,,,WNA,
555,Prairie Island-1,44.622000,-92.631000,United States,US,Operational,PWR,WH 2LP (DRYAMB),06-25-68,12-16-73,,530,2/11/17 1:58,WNA/IAEA,633
556,Prairie Island-2,44.622000,-92.631000,United States,US,Operational,PWR,WH 2LP (DRYAMB),06-25-69,12-21-74,,530,2/11/17 1:58,WNA/IAEA,648
557,Qinshan-1,30.440000,120.950000,China,CN,Operational,PWR,CNP-300,03-20-85,04-01-94,,289,8/28/23 11:01,WNA/IAEA,62
558,Qinshan-2-1 (Qinshan 2),30.440000,120.950000,China,CN,Operational,PWR,CNP-600,06-02-96,04-15-02,,610,5/24/15 7:50,WNA/IAEA,65
559,Qinshan-2-2 (Qinshan 3),30.440000,120.950000,China,CN,Operational,PWR,CNP-600,04-01-97,05-03-04,,610,5/24/15 7:50,WNA/IAEA,66
560,Qinshan-2-3 (Qinshan 4),30.440000,120.950000,China,CN,Operational,PWR,CNP-600,04-28-06,10-05-10,,619,5/24/15 7:51,WNA/IAEA,876
561,Qinshan-2-4 (Qinshan 5),30.440000,120.950000,China,CN,Operational,PWR,CNP-600,01-28-07,12-30-11,,619,5/24/15 7:51,WNA/IAEA,877
562,Qinshan-3-1 (Qinshan 6),30.440000,120.950000,China,CN,Operational,PHWR,CANDU 6,06-08-98,12-31-02,,677,5/24/15 7:50,WNA/IAEA,69
563,Qinshan-3-2 (Qinshan 7),30.440000,120.950000,China,CN,Operational,PHWR,CANDU 6,09-25-98,07-24-03,,677,5/24/15 7:51,WNA/IAEA,840
564,Quad Cities-1,41.727000,-90.308000,United States,US,Operational,BWR,BWR-3 (Mark 1),02-15-67,02-18-73,,789,5/24/15 7:51,WNA/IAEA,615
565,Quad Cities-2,41.727000,-90.308000,United States,US,Operational,BWR,BWR-3 (Mark 1),02-15-67,03-10-73,,789,5/24/15 7:51,WNA/IAEA,621
566,R. E. Ginna,43.279000,-77.311000,United States,US,Operational,PWR,WH 2LP (DRYAMB),04-25-66,07-01-70,,470,2/11/17 1:57,WNA/IAEA,609
567,Rajasthan-1,24.876000,75.608000,India,IN,Suspended Operation,PHWR,Horizontal Pressure Tube type,08-01-65,12-16-73,,207,9/25/22 1:33,WNA/IAEA,302
568,Rajasthan-2,24.876000,75.608000,India,IN,Operational,PHWR,Horizontal Pressure Tube type,04-01-68,04-01-81,,207,5/24/15 7:54,WNA/IAEA,303
569,Rajasthan-3,24.876000,75.608000,India,IN,Operational,PHWR,Horizontal Pressure Tube type,02-01-90,06-01-00,,202,5/24/15 7:54,WNA/IAEA,287
570,Rajasthan-4,24.876000,75.608000,India,IN,Operational,PHWR,Horizontal Pressure Tube type,10-01-90,12-23-00,,202,5/24/15 7:54,WNA/IAEA,288
571,Rajasthan-5,24.876000,75.608000,India,IN,Operational,PHWR,Horizontal Pressure Tube type,09-18-02,02-04-10,,202,5/24/15 7:54,WNA/IAEA,295
572,Rajasthan-6,24.876000,75.608000,India,IN,Operational,PHWR,Horizontal Pressure Tube type,01-20-03,03-31-10,,202,5/24/15 7:54,WNA/IAEA,297
573,Rajasthan-7,24.876000,75.608000,India,IN,Under Construction,PHWR,Horizontal Pressure Tube type,07-18-11,,,630,5/24/15 7:54,WNA/IAEA,298
574,Rajasthan-8,24.876000,75.608000,India,IN,Under Construction,PHWR,Horizontal Pressure Tube type,09-30-11,,,630,5/24/15 7:54,WNA/IAEA,299
575,Rancho Seco-1,38.345000,-121.120000,United States,US,Shutdown,PWR,PWR,04-01-69,04-17-75,06-07-89,918,4/21/22 23:26,WNA/IAEA,651
576,Rheinsberg,53.147000,12.991000,Germany,DE,Shutdown,PWR,VVER-70,01-01-60,10-11-66,06-01-90,62,5/24/15 7:50,WNA/IAEA,122
577,Ringhals-1,57.259000,12.111000,Sweden,SE,Shutdown,BWR,AA-I,02-01-69,01-01-76,12-31-20,881,2/14/21 5:47,WNA/IAEA,536
578,Ringhals-2,57.259000,12.111000,Sweden,SE,Shutdown,PWR,WH 3LP,10-01-70,05-01-75,12-31-19,820,4/18/20 7:46,WNA/IAEA,537
579,Ringhals-3,57.259000,12.111000,Sweden,SE,Operational,PWR,WH 3LP,09-01-72,09-09-81,,915,8/28/23 11:01,WNA/IAEA,539
580,Ringhals-4,57.259000,12.111000,Sweden,SE,Operational,PWR,WH 3LP,11-01-73,11-21-83,,1130,4/20/21 5:47,WNA/IAEA,529
581,River Bend-1,30.727000,-91.372000,United States,US,Operational,BWR,BWR-6 (Mark 3),03-25-77,06-16-86,,966,5/24/15 7:51,WNA/IAEA,739
582,Rolphton NPD,46.201000,-77.705000,Canada,CA,Shutdown,PHWR,CANDU,01-01-58,10-01-62,08-01-87,17,5/24/15 7:50,WNA/IAEA,29
583,Rostov-1 (Volgodonsk-1),47.599000,42.373000,Russia,RU,Operational,PWR,VVER V-320,09-01-81,12-25-01,,950,5/24/15 7:51,WNA/IAEA,502
584,Rostov-2 (Volgodonsk-2),47.599000,42.373000,Russia,RU,Operational,PWR,VVER V-320,05-01-83,12-10-10,,950,5/24/15 7:51,WNA/IAEA,505
585,Rostov-3 (Volgodonsk-3),47.599000,42.373000,Russia,RU,Operational,PWR,VVER V-320,09-15-09,09-17-15,,950,2/11/17 1:57,WNA/IAEA,506
586,Rostov-4 (Volgodonsk-4),47.599000,42.373000,Russia,RU,Operational,PWR,VVER V-320,06-16-10,09-28-18,,950,6/2/19 23:19,WNA/IAEA,507
587,Rivne-1,51.326000,25.900000,Ukraine,UA,Operational,PWR,VVER V-213,08-01-73,09-22-81,,361,8/28/23 11:51,WNA/IAEA,570
588,Rivne-2,51.326000,25.900000,Ukraine,UA,Operational,PWR,VVER V-213,10-01-73,07-29-82,,384,8/28/23 11:51,WNA/IAEA,571
589,Rivne-3,51.326000,25.900000,Ukraine,UA,Operational,PWR,VVER V-320,02-01-80,05-16-87,,950,8/28/23 11:51,WNA/IAEA,572
590,Rivne-4,51.326000,25.900000,Ukraine,UA,Operational,PWR,VVER V-320,08-01-86,04-06-06,,950,8/28/23 11:51,WNA/IAEA,589
591,Salem-1,39.463000,-75.534000,United States,US,Operational,PWR,WH 4LP (DRYAMB),09-25-68,06-30-77,,1090,2/11/17 1:58,WNA/IAEA,627
592,Salem-2,39.463000,-75.534000,United States,US,Operational,PWR,WH 4LP (DRYAMB),09-25-68,10-13-81,,1115,2/11/17 1:58,WNA/IAEA,650
593,San Onofre-1,33.368000,-117.556000,United States,US,Shutdown,PWR,PWR,05-01-64,01-01-68,11-30-92,436,4/21/22 23:26,WNA/IAEA,604
594,San Onofre-2,33.368000,-117.556000,United States,US,Shutdown,PWR,CE (2-loop) DRYAMB,03-01-74,08-08-83,06-07-13,1070,5/24/15 7:54,WNA/IAEA,683
595,San Onofre-3,33.368000,-117.556000,United States,US,Shutdown,PWR,CE (2-loop) DRYAMB,03-01-74,04-01-84,06-07-13,1070,5/24/15 7:54,WNA/IAEA,684
596,Sanmen-1,29.101000,121.642000,China,CN,Operational,PWR,AP-1000,04-19-09,09-21-18,,1157,10/14/18 1:30,WNA/IAEA,879
597,Sanmen-2,29.101000,121.642000,China,CN,Operational,PWR,AP-1000,12-15-09,11-05-18,,1157,6/2/19 23:19,WNA/IAEA,880
598,Sanmen-3,29.101111,121.651944,China,CN,Under Construction,PWR,CAP1000,06-28-22,,,1163,9/25/22 1:33,WNA/IAEA,995
599,Sanmen-4,29.101111,121.656944,China,CN,Under Construction,PWR,CAP1000,03-22-23,,,1163,8/28/23 11:01,WNA/IAEA,996
600,Sanming-1,,,China,CN,Planned,FBR,,,,,,,WNA,
601,Sanming-2,,,China,CN,Planned,FBR,,,,,,,WNA,
602,Santa Maria de Garona,42.775000,-3.205000,Spain,ES,Shutdown,BWR,BWR-3,09-01-66,05-11-71,08-02-17,440,9/25/17 6:19,WNA/IAEA,149
603,Saxton,40.226944,-78.241944,United States,US,Shutdown,PWR,25,01-01-60,,05-01-72,3,4/21/22 23:26,IAEA,892
604,Seabrook-1,42.897000,-70.849000,United States,US,Operational,PWR,WH 4LP (DRYAMB),07-07-76,08-19-90,,1149,2/11/17 1:59,WNA/IAEA,727
605,Sendai-1,31.834000,130.193000,Japan,JP,Operational,PWR,M (3-loop),12-15-79,07-04-84,,846,5/24/15 7:51,WNA/IAEA,353
606,Sendai-2,31.834000,130.193000,Japan,JP,Operational,PWR,M (3-loop),10-12-81,11-28-85,,846,5/24/15 7:51,WNA/IAEA,363
607,Sendai-3,,,Japan,JP,Planned,APWR,,,,,,,WNA,
608,Sequoyah-1,35.228000,-85.094000,United States,US,Operational,PWR,WH 4LP (ICECND),05-27-70,07-01-81,,1148,2/11/17 1:58,WNA/IAEA,663
609,Sequoyah-2,35.228000,-85.094000,United States,US,Operational,PWR,WH 4LP (ICECND),05-27-70,06-01-82,,1148,2/11/17 1:58,WNA/IAEA,664
610,Shanwei-1,,,China,CN,Planned,PWR,,,,,,,WNA,
611,Shaoguan-1,,,China,CN,Planned,PWR,,,,,,,WNA,
612,Shaoguan-2,,,China,CN,Planned,PWR,,,,,,,WNA,
613,Shaoguan-3,,,China,CN,Planned,PWR,,,,,,,WNA,
614,Shaoguan-4,,,China,CN,Planned,PWR,,,,,,,WNA,
615,Shearon Harris-1,35.635000,-78.955000,United States,US,Operational,PWR,WH 3LP (DRYAMB),01-28-78,05-02-87,,900,2/11/17 1:58,WNA/IAEA,704
616,Shidao Bay-1,36.979167,122.530556,China,CN,Operational,HTGR,HTR-PM,12-09-12,,,200,1/5/22 2:04,IAEA/wikipedia,957
617,Shika-1,37.061000,136.728000,Japan,JP,Suspended Operation,BWR,BWR-5,07-01-89,07-30-93,,505,12/30/22 4:24,WNA/IAEA,375
618,Shika-2,37.061000,136.728000,Japan,JP,Suspended Operation,BWR,ABWR,08-20-01,03-15-06,,1304,12/30/22 4:24,WNA/IAEA,842
619,Shimane-1,35.537000,132.999000,Japan,JP,Shutdown,BWR,BWR-3,07-02-70,03-29-74,04-30-15,439,5/24/15 7:51,WNA/IAEA,387
620,Shimane-2,35.537000,132.999000,Japan,JP,Suspended Operation,BWR,BWR-5,02-02-85,02-10-89,,789,8/28/23 11:01,WNA/IAEA,368
621,Shimane-3,35.537000,132.999000,Japan,JP,Under Construction,BWR,ABWR,10-24-06,,,1325,2/14/21 5:47,WNA/IAEA,862
622,Shin-Wolsong-1,35.722000,129.479000,South Korea,KR,Operational,PWR,OPR-1000,11-20-07,07-31-12,,950,4/21/22 23:26,WNA/IAEA,883
623,Shin-Wolsong-2,35.722000,129.479000,South Korea,KR,Operational,PWR,OPR-1000,09-23-08,07-24-15,,950,4/21/22 23:26,WNA/IAEA,884
624,Shin-Hanul-1,37.083889,129.391667,South Korea,KR,Operational,PWR,APR-1400,07-10-12,12-07-22,,1340,12/30/22 2:57,IAEA,887
625,Shin-Hanul-2,37.083889,129.391667,South Korea,KR,Under Construction,PWR,APR-1400,06-19-13,,,1340,5/24/15 7:51,IAEA,888
626,Shin-Kori-1,35.327000,129.302000,South Korea,KR,Operational,PWR,OPR-1000,06-16-06,02-28-11,,998,4/21/22 23:26,WNA/IAEA,864
627,Shin-Kori-2,35.327000,129.302000,South Korea,KR,Operational,PWR,OPR-1000,06-05-07,07-20-12,,995,4/21/22 23:26,WNA/IAEA,865
628,Saeul-1,35.327000,129.302000,South Korea,KR,Operational,PWR,APR-1400,10-16-08,12-20-16,,1340,12/30/22 3:45,WNA/IAEA,885
629,Saeul-2,35.327000,129.302000,South Korea,KR,Operational,PWR,APR-1400,08-19-09,08-29-19,,1340,12/30/22 3:45,WNA/IAEA,886
630,Saeul-3,35.327000,129.302000,South Korea,KR,Under Construction,PWR,APR-1400,04-01-17,,,1340,12/30/22 3:45,WNA/Wikipedia/IAEA,1074
631,Saeul-4,35.327000,129.302000,South Korea,KR,Under Construction,PWR,APR-1400,09-20-18,,,1340,12/30/22 3:45,WNA/Wikipedia/IAEA,1075
632,Shippingport,40.630000,-80.417778,United States,US,Shutdown,PWR,PLWBR,01-01-54,05-26-58,10-01-82,60,5/24/15 7:51,IAEA,890
633,Shoreham,40.960000,-72.866000,United States,US,Shutdown,BWR,BWR,11-01-72,,06-28-89,809,4/21/22 23:26,WNA/IAEA,659
634,Sinop-1,42.000000,35.000000,Türkiye,TR,Planned,PWR,ATMEA-1,,,,,,Wikipedia,
635,Sinop-2,42.000000,35.000000,Türkiye,TR,Planned,PWR,ATMEA-1,,,,,,Wikipedia,
636,Sinop-3,42.000000,35.000000,Türkiye,TR,Planned,PWR,ATMEA-1,,,,,,Wikipedia,
637,Sinop-4,42.000000,35.000000,Türkiye,TR,Planned,PWR,ATMEA-1,,,,,,Wikipedia,
638,Sizewell-A1,52.212000,1.621000,United Kingdom,GB,Shutdown,GCR,MAGNOX,04-01-61,03-25-66,12-31-06,290,5/24/15 7:51,WNA/IAEA,235
639,Sizewell-A2,52.212000,1.621000,United Kingdom,GB,Shutdown,GCR,MAGNOX,04-01-61,09-15-66,12-31-06,290,5/24/15 7:51,WNA/IAEA,236
640,Sizewell-B,52.212000,1.621000,United Kingdom,GB,Operational,PWR,SNUPPS,07-18-88,09-22-95,,1188,5/24/15 7:51,WNA/IAEA,263
641,Sizewell-C1,52.219390,1.622800,United Kingdom,GB,Planned,PWR,,,,,,,WNA,
642,Sizewell-C2,52.219390,1.623800,United Kingdom,GB,Planned,PWR,,,,,,,WNA,
643,Smolensk-1,54.169000,33.245000,Russia,RU,Operational,LWGR,RBMK-1000,10-01-75,09-30-83,,925,5/24/15 7:51,WNA/IAEA,486
644,Smolensk-2,54.169000,33.245000,Russia,RU,Operational,LWGR,RBMK-1000,06-01-76,07-02-85,,925,5/24/15 7:51,WNA/IAEA,487
645,Smolensk-3,54.169000,33.245000,Russia,RU,Operational,LWGR,RBMK-1000,05-01-84,10-12-90,,925,5/24/15 7:51,WNA/IAEA,508
647,South Texas-1,28.797000,-96.044000,United States,US,Operational,PWR,WH 4LP (DRYAMB),12-22-75,08-25-88,,1250,2/11/17 1:59,WNA/IAEA,764
648,South Texas-2,28.796000,-96.044000,United States,US,Operational,PWR,WH 4LP (DRYAMB),12-22-75,06-19-89,,1250,2/11/17 1:59,WNA/IAEA,765
649,South Ukraine-1,47.811000,31.220000,Ukraine,UA,Operational,PWR,VVER V-302,08-01-76,12-02-83,,950,5/24/15 7:51,WNA/IAEA,577
650,South Ukraine-2,47.811000,31.220000,Ukraine,UA,Operational,PWR,VVER V-338,07-01-81,04-06-85,,950,5/24/15 7:51,WNA/IAEA,578
651,South Ukraine-3,47.811000,31.220000,Ukraine,UA,Operational,PWR,VVER V-320,11-01-84,12-29-89,,950,5/24/15 7:51,WNA/IAEA,579
652,St. Alban-1,45.404000,4.754000,France,FR,Operational,PWR,P4 REP 1300,01-29-79,05-01-86,,1335,5/24/15 7:50,WNA/IAEA,204
653,St. Alban-2,45.404000,4.754000,France,FR,Operational,PWR,P4 REP 1300,07-31-79,03-01-87,,1335,5/24/15 7:51,WNA/IAEA,205
654,St. Laurent-A1,47.724000,1.582000,France,FR,Shutdown,GCR,UNGG,10-01-63,06-01-69,04-18-90,480,5/24/15 7:51,WNA/IAEA,225
655,St. Laurent-A2,47.724000,1.582000,France,FR,Shutdown,GCR,UNGG,01-01-66,11-01-71,05-27-92,515,5/24/15 7:51,WNA/IAEA,229
656,St. Laurent-B1,47.724000,1.582000,France,FR,Operational,PWR,CP2,05-01-76,08-01-83,,915,5/24/15 7:50,WNA/IAEA,169
657,St. Laurent-B2,47.720000,1.581000,France,FR,Operational,PWR,CP2,07-01-76,08-01-83,,880,5/24/15 7:50,WNA/IAEA,177
658,St. Lucie-1,27.348000,-80.244000,United States,US,Operational,PWR,CE 2LP (DRYAMB),07-01-70,12-21-76,,830,2/11/17 1:58,WNA/IAEA,670
659,St. Lucie-2,27.348000,-80.244000,United States,US,Operational,PWR,CE 2LP (DRYAMB),06-02-77,08-08-83,,830,2/11/17 1:58,WNA/IAEA,698
660,Stade,53.620000,9.530000,Germany,DE,Shutdown,PWR,,12-01-67,05-19-72,11-14-03,630,5/24/15 7:50,WNA/IAEA,83
661,Summer-1,34.299000,-81.314000,United States,US,Operational,PWR,WH 3LP (DRYAMB),03-21-73,01-01-84,,900,2/11/17 1:58,WNA/IAEA,701
662,Summer-2,34.295833,-81.320278,United States,US,Suspended Construction,PWR,AP-1000,03-09-13,,,1117,3/10/18 16:56,IAEA,1038
663,Summer-3,34.295833,-81.320278,United States,US,Suspended Construction,PWR,AP-1000,11-02-13,,,1117,3/10/18 16:56,IAEA,1039
664,Super-Phenix,45.760000,5.474000,France,FR,Shutdown,FBR,Na-1200,12-13-76,12-01-86,12-31-98,1200,5/24/15 7:50,WNA/IAEA,178
665,Surry-1,37.166000,-76.700000,United States,US,Operational,PWR,WH 3LP (DRYSUB),06-25-68,12-22-72,,788,2/11/17 1:58,WNA/IAEA,631
666,Surry-2,37.166000,-76.700000,United States,US,Operational,PWR,WH 3LP (DRYSUB),06-25-68,05-01-73,,788,2/11/17 1:58,WNA/IAEA,632
667,Susquehanna-1,41.093000,-76.143000,United States,US,Operational,BWR,BWR-4 (Mark 2),11-02-73,06-08-83,,1065,5/24/15 7:51,WNA/IAEA,696
668,Susquehanna-2,41.093000,-76.143000,United States,US,Operational,BWR,BWR-4 (Mark 2),11-02-73,02-12-85,,1065,5/24/15 7:51,WNA/IAEA,697
669,Taishan-1,21.917778,112.981944,China,CN,Operational,PWR,EPR-1750,11-18-09,12-13-18,,1660,1/9/21 21:59,WNA/IAEA/Wikipedia,918
670,Taishan-2,21.917778,112.981944,China,CN,Operational,PWR,EPR-1750,04-15-10,09-07-19,,1660,9/25/22 1:33,WNA/IAEA/Wikipedia,919
671,Takahama-1,35.520000,135.503000,Japan,JP,Suspended Operation,PWR,M (3-loop),04-25-70,11-14-74,,780,8/28/23 11:01,WNA/IAEA,388
672,Takahama-2,35.520000,135.503000,Japan,JP,Suspended Operation,PWR,M (3-loop),03-09-71,11-14-75,,780,8/28/23 11:01,WNA/IAEA,337
673,Takahama-3,35.520000,135.503000,Japan,JP,Operational,PWR,M (3-loop),12-12-80,01-17-85,,830,5/24/15 7:51,WNA/IAEA,354
674,Takahama-4,35.520000,135.503000,Japan,JP,Operational,PWR,M (3-loop),03-19-81,06-05-85,,830,5/24/15 7:51,WNA/IAEA,356
675,Taohuajiang-1,,,China,CN,Planned,PWR,AP-1000,,,,,,WNA,
676,Taohuajiang-2,,,China,CN,Planned,PWR,AP-1000,,,,,,WNA,
677,Taohuajiang-3,,,China,CN,Planned,PWR,,,,,,,WNA,
678,Taohuajiang-4,,,China,CN,Planned,PWR,,,,,,,WNA,
679,Tarapur-1,19.834000,72.657000,India,IN,Suspended Operation,BWR,BWR-1 (Mark 2),10-01-64,10-28-69,,200,8/28/23 11:01,WNA/IAEA,285
680,Tarapur-2,19.834000,72.657000,India,IN,Suspended Operation,BWR,BWR-1 (Mark 2),10-01-64,10-28-69,,200,8/28/23 11:01,WNA/IAEA,296
681,Tarapur-3,19.834000,72.657000,India,IN,Operational,PHWR,Horizontal Pressure Tube Type,05-12-00,08-18-06,,502,5/24/15 7:54,WNA/IAEA,300
682,Tarapur-4,19.834000,72.657000,India,IN,Operational,PHWR,Horizontal Pressure Tube Type,03-08-00,09-12-05,,502,5/24/15 7:54,WNA/IAEA,301
683,Temelin-1,49.181000,14.377000,Czechia,CZ,Operational,PWR,VVER V-320,02-01-87,06-10-02,,1027,2/14/21 5:47,WNA/IAEA,74
684,Temelin-2,49.181000,14.377000,Czechia,CZ,Operational,PWR,VVER V-320,02-01-87,04-18-03,,1029,2/14/21 5:47,WNA/IAEA,75
685,Three Mile Island-1,40.154000,-76.727000,United States,US,Shutdown,PWR,B&W LLP (DRYAMB),05-18-68,09-02-74,09-20-19,819,11-22-19,WNA/IAEA,637
686,Three Mile Island-2,40.154000,-76.727000,United States,US,Shutdown,PWR,PWR,11-01-69,12-30-78,03-28-79,906,4/21/22 23:26,WNA/IAEA,657
687,THTR-300,51.680000,7.972000,Germany,DE,Shutdown,HTGR,Pebble bed reactor,05-03-71,06-01-87,09-29-88,296,5/24/15 7:54,WNA/IAEA,92
688,Tianwan-1,34.690000,119.456000,China,CN,Operational,PWR,VVER V-428,10-20-99,05-17-07,,990,5/24/15 7:51,WNA/IAEA,838
689,Tianwan-2,34.690000,119.456000,China,CN,Operational,PWR,VVER V-428,09-20-00,08-16-07,,990,5/24/15 7:51,WNA/IAEA,839
690,Tianwan-3,34.686800,119.456000,China,CN,Operational,PWR,VVER V-428M,12-27-12,02-14-18,,1060,7/1/18 4:21,WNA/IAEA,973
691,Tianwan-4,34.685800,119.456000,China,CN,Operational,PWR,VVER V-428M,09-27-13,12-22-18,,1060,6/2/19 23:19,WNA/IAEA,974
692,Tianwan-5,34.683800,119.456000,China,CN,Operational,PWR,CNP-1000,12-27-15,09-08-20,,1000,1/6/21 3:19,WNA/Wikipedia/IAEA,975
693,Tianwan-6,34.682800,119.456000,China,CN,Operational,PWR,CNP-1000,09-07-16,06-02-21,,1000,6/29/21 3:12,WNA/Wikipedia/IAEA,976
694,Tihange-1,50.533000,5.271000,Belgium,BE,Operational,PWR,Framatome 3 loops reactor,06-01-70,10-01-75,,870,5/24/15 7:54,WNA/IAEA,10
695,Tihange-2,50.533000,5.271000,Belgium,BE,Shutdown,PWR,WH 3LP,04-01-76,06-01-83,02-01-23,900,8/28/23 11:01,WNA/IAEA,13
696,Tihange-3,50.533000,5.271000,Belgium,BE,Operational,PWR,WH 3LP,11-01-78,09-01-85,,1020,2/11/17 1:55,WNA/IAEA,15
697,Tokai-1,36.466000,140.612000,Japan,JP,Shutdown,GCR,MAGNOX,03-01-61,07-25-66,03-31-98,159,5/24/15 7:51,WNA/IAEA,344
698,Tokai-2,36.466000,140.612000,Japan,JP,Suspended Operation,BWR,BWR-5,10-03-73,11-28-78,,1056,8/28/23 11:01,WNA/IAEA,346
699,Tomari-1,43.038000,140.515000,Japan,JP,Suspended Operation,PWR,M (2-loop),04-18-85,06-22-89,,550,9/25/22 1:33,WNA/IAEA,370
700,Tomari-2,43.038000,140.515000,Japan,JP,Suspended Operation,PWR,M (2-loop),06-13-85,04-12-91,,550,9/25/22 1:33,WNA/IAEA,371
701,Tomari-3,43.038000,140.515000,Japan,JP,Suspended Operation,PWR,M (3-loop),11-18-04,12-22-09,,866,9/25/22 1:33,WNA/IAEA,856
702,Torness-1,55.966000,-2.399000,United Kingdom,GB,Operational,GCR,AGR,08-01-80,05-25-88,,645,5/24/15 7:51,WNA/IAEA,261
703,Torness-2,55.966000,-2.399000,United Kingdom,GB,Operational,GCR,AGR,08-01-80,02-03-89,,645,5/24/15 7:51,WNA/IAEA,262
704,Trawsfynydd-1,52.923000,-3.947000,United Kingdom,GB,Shutdown,GCR,MAGNOX,07-01-59,03-24-65,02-06-91,250,5/24/15 7:51,WNA/IAEA,273
705,Trawsfynydd-2,52.922000,-3.947000,United Kingdom,GB,Shutdown,GCR,MAGNOX,07-01-59,03-24-65,02-04-91,250,5/24/15 7:51,WNA/IAEA,274
706,Tricastin-1,44.330000,4.733000,France,FR,Operational,PWR,CP1,11-01-74,12-01-80,,915,5/24/15 7:50,WNA/IAEA,170
707,Tricastin-2,44.330000,4.733000,France,FR,Operational,PWR,CP1,12-01-74,12-01-80,,915,5/24/15 7:50,WNA/IAEA,171
708,Tricastin-3,44.331000,4.733000,France,FR,Operational,PWR,CP1,04-01-75,05-11-81,,915,5/24/15 7:50,WNA/IAEA,179
709,Tricastin-4,44.331000,4.733000,France,FR,Operational,PWR,CP1,05-01-75,11-01-81,,915,5/24/15 7:50,WNA/IAEA,180
710,Trillo-1,40.699000,-2.622000,Spain,ES,Operational,PWR,PWR 3 loops,08-17-79,08-06-88,,990,5/24/15 7:50,WNA/IAEA,141
712,Trojan,46.040000,-122.887000,United States,US,Shutdown,PWR,,02-01-70,05-20-76,11-09-92,1130,5/24/15 7:51,WNA/IAEA,675
713,Tsuruga-1,35.672000,136.079000,Japan,JP,Shutdown,BWR,BWR-2,11-24-66,03-14-70,04-27-15,341,5/24/15 7:51,WNA/IAEA,355
714,Tsuruga-2,35.672000,136.079000,Japan,JP,Suspended Operation,PWR,M (4-loop),11-06-82,02-17-87,,1115,12/30/22 4:24,WNA/IAEA,360
715,Tsuruga-3,,,Japan,JP,Planned,PWR,,,,,,,WNA,
716,Tsuruga-4,,,Japan,JP,Planned,PWR,,,,,,,WNA,
717,Turkey Point-3,25.435000,-80.330000,United States,US,Operational,PWR,WH 3LP (DRYAMB),04-27-67,12-14-72,,693,2/11/17 1:57,WNA/IAEA,613
718,Turkey Point-4,25.435000,-80.330000,United States,US,Operational,PWR,WH 3LP (DRYAMB),04-27-67,09-07-73,,693,2/11/17 1:57,WNA/IAEA,614
725,Unterweser,53.429000,8.477000,Germany,DE,Shutdown,PWR,PWR,07-01-72,09-06-79,08-06-11,1230,5/24/15 7:50,WNA/IAEA,90
726,Vandellos-1,40.949000,0.867000,Spain,ES,Shutdown,GCR,,06-21-68,08-02-72,07-31-90,480,5/24/15 7:50,WNA/IAEA,150
727,Vandellos-2,40.949000,0.867000,Spain,ES,Operational,PWR,WH 3LP,12-29-80,03-08-88,,930,2/11/17 1:56,WNA/IAEA,146
728,Vermont Yankee,42.779000,-72.514000,United States,US,Shutdown,BWR,BWR-4 (Mark 1),12-11-67,11-30-72,12-29-14,514,5/24/15 7:51,WNA/IAEA,626
729,Visaginas-1,55.605700,26.575842,Lithuania,LT,Planned,,,,,,,,WNA,
730,Visaginas-2,55.605700,26.575842,Lithuania,LT,Planned,,,,,,,,WNA,
731,Vogtle-1,33.143000,-81.760000,United States,US,Operational,PWR,WH 4LP (DRYAMB),08-01-76,06-01-87,,1122,2/11/17 1:59,WNA/IAEA,718
732,Vogtle-2,33.143000,-81.760000,United States,US,Operational,PWR,WH 4LP (DRYAMB),08-01-76,05-20-89,,1101,2/11/17 1:59,WNA/IAEA,719
733,Vogtle-3,33.139900,-81.768600,United States,US,Operational,PWR,AP-1000,03-02-13,07-31-23,,1117,8/28/23 11:01,WNA/IAEA,1042
734,Vogtle-4,33.139900,-81.771200,United States,US,Under Construction,PWR,AP-1000,11-19-13,,,1117,5/24/15 7:51,WNA/IAEA,1043
735,Waterford-3,29.994000,-90.471000,United States,US,Operational,PWR,CE 2LP (DRYAMB),11-14-74,09-24-85,,1104,2/11/17 1:58,WNA/IAEA,695
736,Watts Bar-1,35.601000,-84.789000,United States,US,Operational,PWR,WH 4LP (ICECND),07-20-73,05-27-96,,1218,2/11/17 1:58,WNA/IAEA,699
737,Watts Bar-2,35.601000,-84.789000,United States,US,Operational,PWR,WH 4LP (ICECND),09-01-73,10-19-16,,1165,2/11/17 1:58,WNA/IAEA,700
738,Windscale AGR,54.426000,-3.505000,United Kingdom,GB,Shutdown,GCR,AGR,11-01-58,03-01-63,04-03-81,32,5/24/15 7:51,WNA/IAEA,268
739,Winfrith SGHWR,50.680000,-2.272000,United Kingdom,GB,Shutdown,SGHWR,,05-01-63,01-01-68,09-11-90,92,5/24/15 7:51,WNA/IAEA,239
740,Wolf Creek,38.239000,-95.691000,United States,US,Operational,PWR,WH 4LP (DRYAMB),05-31-77,09-03-85,,1170,2/11/17 1:59,WNA/IAEA,751
741,Wolsong-1,35.710000,129.476000,South Korea,KR,Shutdown,PHWR,CANDU 6,10-30-77,04-22-83,12-24-19,629,4/18/20 7:46,WNA/IAEA,407
742,Wolsong-2,35.710000,129.476000,South Korea,KR,Operational,PHWR,CANDU 6,09-25-92,07-01-97,,652,4/21/22 23:26,WNA/IAEA,408
743,Wolsong-3,35.710000,129.476000,South Korea,KR,Operational,PHWR,CANDU 6,03-17-94,07-01-98,,665,4/21/22 23:26,WNA/IAEA,400
744,Wolsong-4,35.710000,129.476000,South Korea,KR,Operational,PHWR,CANDU 6,07-22-94,10-01-99,,669,4/21/22 23:26,WNA/IAEA,401
745,Wolsong-5,35.710100,129.481000,South Korea,KR,Planned,PHWR,,,,,,,WNA,
746,Wolsong-6,35.710100,129.481000,South Korea,KR,Planned,PHWR,,,,,,,WNA,
747,Wuergassen,51.639000,9.393000,Germany,DE,Shutdown,BWR,,01-26-68,11-11-75,08-26-94,640,5/24/15 7:50,WNA/IAEA,136
748,Wuhu-1,,,China,CN,Planned,PWR,,,,,,,WNA,
749,Wuhu-2,,,China,CN,Planned,PWR,,,,,,,WNA,
750,Wylfa-1,53.416000,-4.480000,United Kingdom,GB,Shutdown,GCR,MAGNOX,09-01-63,11-01-71,12-30-15,550,3/9/16 20:43,WNA/IAEA,240
751,Wylfa-2,53.416000,-4.480000,United Kingdom,GB,Shutdown,GCR,MAGNOX,09-01-63,01-03-72,04-25-12,550,5/24/15 7:51,WNA/IAEA,241
752,Xianning-1,29.660000,114.670000,China,CN,Planned,PWR,AP-1000,,,,,,WNA/Wikipedia,
753,Xianning-2,29.660000,114.670000,China,CN,Planned,PWR,AP-1000,,,,,,WNA/Wikipedia,
754,Xiaomoshan (Jiulongshan) 1,,,China,CN,Planned,PWR,,,,,,,WNA,
755,Xiaomoshan (Jiulongshan) 2,,,China,CN,Planned,PWR,,,,,,,WNA,
756,Yangjiang-1,21.706000,112.256000,China,CN,Operational,PWR,CPR-1000,12-16-08,03-25-14,,1021,5/24/15 7:51,WNA/IAEA,881
757,Yangjiang-2,21.706000,112.256000,China,CN,Operational,PWR,CPR-1000,06-04-09,06-05-15,,1000,8/23/15 6:28,WNA/IAEA,882
758,Yangjiang-3,21.706000,112.256000,China,CN,Operational,PWR,CPR-1000,11-15-10,01-01-16,,1000,3/9/16 20:43,WNA/IAEA,931
759,Yangjiang-4,21.857500,111.982500,China,CN,Operational,PWR,CPR-1000,11-17-12,03-15-17,,1000,9/25/17 6:20,WNA/IAEA,932
760,Yangjiang-5,21.857500,111.982500,China,CN,Operational,PWR,ACPR-1000,09-18-13,07-12-18,,1021,6/2/19 23:19,IAEA,933
761,Yangjiang-6,21.857500,111.982500,China,CN,Operational,PWR,ACPR-1000,12-23-13,07-24-19,,1000,11-22-19,IAEA,934
762,Yanjiashan-1,,,China,CN,Planned,PWR,,,,,,,WNA,
763,Yanjiashan-2,,,China,CN,Planned,PWR,,,,,,,WNA,
764,Yankee Rowe,42.728000,-72.929000,United States,US,Shutdown,PWR,PWR,11-01-57,07-01-61,10-01-91,175,5/24/15 7:51,WNA/IAEA,638
771,Zaporozhye-1,47.508000,34.627000,Ukraine,UA,Operational,PWR,VVER V-320,04-01-80,12-25-85,,950,5/24/15 7:51,WNA/IAEA,584
772,Zaporozhye-2,47.508000,34.627000,Ukraine,UA,Operational,PWR,VVER V-320,01-01-81,02-15-86,,950,5/24/15 7:51,WNA/IAEA,586
773,Zaporozhye-3,47.508000,34.627000,Ukraine,UA,Operational,PWR,VVER V-320,04-01-82,03-05-87,,950,5/24/15 7:51,WNA/IAEA,594
774,Zaporozhye-4,47.508000,34.627000,Ukraine,UA,Operational,PWR,VVER V-320,04-01-83,04-14-88,,950,5/24/15 7:51,WNA/IAEA,595
775,Zaporozhye-5,47.508000,34.627000,Ukraine,UA,Operational,PWR,VVER V-320,11-01-85,10-27-89,,950,5/24/15 7:51,WNA/IAEA,566
776,Zaporozhye-6,47.508000,34.627000,Ukraine,UA,Operational,PWR,VVER V-320,06-01-86,09-17-96,,950,5/24/15 7:51,WNA/IAEA,567
777,Zhangzhou-1,23.829167,117.491667,China,CN,Under Construction,PWR,HPR1000,10-16-19,,,1126,1/9/21 21:59,WNA/IAEA/Wikipedia,1083
778,Zion-1,42.446000,-87.801000,United States,US,Shutdown,PWR,WH 4LP,12-01-68,12-31-73,02-13-98,1040,2/11/17 1:58,WNA/IAEA,640
779,Zion-2,42.446000,-87.801000,United States,US,Shutdown,PWR,WH 4LP,12-01-68,09-17-74,02-13-98,1040,2/11/17 1:58,WNA/IAEA,646
780,Fangchenggang-3,21.600000,108.300000,China,CN,Operational,PWR,HPR1000,12-24-15,03-25-23,,1000,8/28/23 11:01,IAEA,945
781,Barakah-4 (Braka),23.952748,52.203298,United Arab Emirates,AE,Under Construction,PWR,APR-1400,07-30-15,,,1310,8/28/23 11:01,IAEA,1053
783,KANUPP-2,24.845000,66.790000,Pakistan,PK,Operational,PWR,ACP-1000,08-20-15,05-21-21,,1017,4/21/22 23:26,IAEA,1067
784,Fangchenggang-4,21.600000,108.300000,China,CN,Under Construction,PWR,HPR1000,12-23-16,,,1000,2/11/17 1:59,IAEA,946
785,KANUPP-3,24.845000,66.790000,Pakistan,PK,Operational,PWR,ACP-1000,05-31-16,04-18-22,,1014,9/25/22 1:33,IAEA,1068
786,Rooppur-1,24.066667,89.047222,Bangladesh,BD,Under Construction,PWR,VVER V-523,11-30-17,,,1080,3/10/18 22:52,IAEA,1078
787,Kursk 2-1,51.674000,35.607000,Russia,RU,Under Construction,PWR,VVER V-510,04-28-18,,,1200,8/28/23 11:01,IAEA,903
788,Rooppur-2,24.066667,89.047222,Bangladesh,BD,Under Construction,PWR,VVER V-523,07-14-18,,,1080,10/14/18 1:30,IAEA,1079
789,Kursk 2-2,51.674000,35.607000,Russia,RU,Under Construction,PWR,VVER V-510,05-01-19,,,1200,8/28/23 11:01,IAEA,1008
790,Taipingling-1,22.693056,114.983333,China,CN,Under Construction,PWR,HPR1000,12-26-19,,,1116,6/6/20 5:41,IAEA,1084
791,Zhangzhou-2,23.829167,117.491667,China,CN,Under Construction,PWR,HPR-1000,09-04-20,,,1126,1/9/21 21:59,IAEA/Wikipedia,1090
792,Taipingling-2,22.693056,114.983333,China,CN,Under Construction,PWR,HPR1000,10-15-20,,,1116,1/9/21 19:57,IAEA,1091
793,Xiapu-1,26.803611,120.155000,China,CN,Under Construction,FBR,CFR600,12-29-17,,,642,4/30/21 0:49,WNA/Wikipedia/IAEA,1101
794,Xiapu-2,26.803611,120.155000,China,CN,Under Construction,FBR,CFR-600,12-27-20,,,600,2/14/21 2:09,WNA/Wikipedia,
795,Cernavoda-4,44.322000,28.061000,Romania,RO,Suspended Construction,PHWR,,08-15-85,,,655,2/14/21 3:00,IAEA/Wikipedia,
796,Cernavoda-5,44.322000,28.061000,Romania,RO,Cancelled Construction,PHWR,,05-12-87,,,655,2/14/21 3:01,IAEA/Wikipedia,
797,Zwentendorf,48.354400,15.884700,Austria,AT,Never Commissioned,BWR,,04-04-72,,,692,2/14/21 4:59,IAEA/Wikipedia,
798,SNR-300 (Kalkar),51.763056,6.326944,Germany,DE,Never Commissioned,FBR,SNR-300,04-23-73,,,295,2/14/21 4:59,IAEA/Wikipedia,
799,Sanaocun-1,27.201487,120.517974,China,CN,Under Construction,PWR,HRP1000,12-31-20,,,1117,2/14/21 5:47,IAEA/WNA,1094
800,CAP1400-1,36.965556,122.520000,China,CN,Under Construction,PWR,CAP1400,03-22-13,,,1534,4/20/21 5:47,IAEA/Wikipedia,1085
801,CAP1400-2,36.965556,122.520000,China,CN,Under Construction,PWR,CAP1400,03-22-13,,,1534,4/20/21 5:47,IAEA/Wikipedia,1086
802,Changjiang-3,19.460750,108.899917,China,CN,Under Construction,PWR,HPR1000,03-31-21,,,1000,6/29/21 3:12,IAEA/Wikipedia,941
803,Xudabao-1,40.351389,120.545833,China,CN,Planned,PWR,AP1000,,,,,05-29-21,Wikipedia,
804,Xudabao-2,40.351389,120.545833,China,CN,Planned,PWR,AP1000,,,,,05-29-21,Wikipedia,
805,Xudabao-3,40.351389,120.545833,China,CN,Under Construction,PWR,VVER-1200/V491,07-28-21,,,1200,1/5/22 2:04,WNA/Wikipedia/IAEA,1104
806,Xudabao-4,40.351389,120.545833,China,CN,Under Construction,PWR,VVER-1200/V491,05-19-22,,,1200,9/25/22 1:33,Wikipedia/IAEA,1112
807,Tianwan-7,34.682800,119.456000,China,CN,Under Construction,PWR,VVER-1200/V491,05-19-21,,,1171,1/5/22 2:04,WNA/Wikipedia/IAEA,1105
808,Tianwan-8,34.682800,119.456000,China,CN,Under Construction,PWR,VVER-1200/V491,02-25-22,,,1171,4/21/22 23:26,Wikipedia/IAEA,1110
809,Changjiang-4,19.460750,108.899917,China,CN,Under Construction,PWR,HPR1000,12-28-21,,,1000,4/21/22 23:26,Wikipedia/IAEA,942
810,Changjiang SMR-1,19.460070,108.889920,China,CN,Under Construction,PWR,ACP100,07-13-21,,,100,4/21/22 23:26,WNA/IAEA,1111
811,Changjiang SMR-2,,,China,CN,Planned,PWR,ACP100,,,,,05-29-21,WNA,
812,Bohai Shipyard FNPP,,,China,CN,Planned,PWR,ACPR50S,,,,,05-29-21,WNA,
813,Jiaodong Shipyard FNPP,,,China,CN,Planned,PWR,ACP100S,,,,,05-29-21,WNA,
814,Shanwei-2,,,China,CN,Planned,PWR,,,,,,05-29-21,WNA,
815,BREST-OD-300,56.637414,84.904510,Russia,RU,Under Construction,FBR,BREST-OD-300,06-08-21,,,300,1/5/22 2:04,IAEA/WNA,1106
816,Sanaocun-2,27.201487,120.517974,China,CN,Under Construction,PWR,HRP1000,12-30-21,,,1117,4/21/22 23:26,IAEA,1107
817,El Dabaa-2,31.044167,28.497778,Egypt,EG,Under Construction,PWR,VVER-1200,11-19-22,,,1100,8/28/23 11:01,IAEA/Wikipedia,138
818,El Dabaa-3,31.044167,28.497778,Egypt,EG,Under Construction,PWR,VVER-1200,05-03-23,,,1100,8/28/23 11:23,IAEA/Wikipedia,1120
819,Lufeng-5,,,China,CN,Under Construction,PWR,HPR1000,09-08-22,,,1116,8/28/23 11:01,IAEA,1113
